name,value,initial,lower,upper,unit,role,distance_to_lower,distance_to_upper,normalized_bound_distance,provenance
log_beta,-2.7143065730738085,-3.0,-8.0,1.0,log10(A/cm/V^gamma),current scale coefficient,5.2856934269261915,3.7143065730738085,0.41270073034153426,deterministic M00 R02 teaching-surrogate fit; not a physical parameter
vth_single_v,-0.0009218074646088884,0.2175,-0.5,1.0,V,single-gate control offset,0.4990781925353911,1.000921807464609,0.3327187950235941,deterministic M00 R02 teaching-surrogate fit; not a physical parameter
vth_dual_v,-0.019279920327909043,0.132,-0.5,1.0,V,dual-gate control offset,0.48072007967209096,1.019279920327909,0.3204800531147273,deterministic M00 R02 teaching-surrogate fit; not a physical parameter
eta_dg,0.5625448525612822,0.5,0.2,0.8,1,equal per-gate nominal control weight,0.36254485256128216,0.23745514743871787,0.3957585790645297,deterministic M00 R02 teaching-surrogate fit; not a physical parameter
softplus_scale_v,0.044946413597477364,0.026,0.005,0.2,V,smooth subthreshold scale coefficient,0.039946413597477366,0.15505358640252265,0.2048534030639865,deterministic M00 R02 teaching-surrogate fit; not a physical parameter
transport_exponent,1.7346441929471732,2.0,1.0,4.0,1,charge-power coefficient,0.7346441929471732,2.265355807052827,0.24488139764905772,deterministic M00 R02 teaching-surrogate fit; not a physical parameter
drain_coupling,1.245313399341948,1.0,0.1,3.0,1,drain-side charge reduction coefficient,1.145313399341948,1.754686600658052,0.3949356549454993,deterministic M00 R02 teaching-surrogate fit; not a physical parameter
lambda_per_v,1.6332541785846326e-33,0.1,0.0,20.0,1/V,sampled output modulation coefficient,1.6332541785846326e-33,20.0,8.166270892923163e-35,deterministic M00 R02 teaching-surrogate fit; not a physical parameter
log_gmin,-29.991036836575383,-18.0,-30.0,-8.0,log10(S/cm),numerical floor conductance coefficient,0.008963163424617449,21.991036836575383,0.00040741651930079314,deterministic M00 R02 teaching-surrogate fit; not a physical parameter
length_vth_slope_v,-0.04180975787015793,0.0,-0.3,0.3,V,sole train-fitted local length coefficient: threshold shift per ln(L/Lref),0.25819024212984204,0.34180975787015794,0.4303170702164034,deterministic M00 R02 teaching-surrogate fit; not a physical parameter
