row_index,row_uid,curve_id,dataset_id,split,kind,topology,selection_role,optimizer_input,vbg_v,vtg_v,vds_v,primary_axis_v,target_current_a_per_cm,model_current_a_per_cm,w_um,l_um,temperature_k,route,source_current_a,current_a_per_cm,finite_current
0,train_t01_single_idvg_l10:000,train_t01_single_idvg_l10,T01_D_C_IDVG,train,transfer,single_bottom_gate,scored,True,-1.0,0.0,0.01,-1.0,1.4396342722143404e-22,6.090616787629208e-23,60.0,10.0,300.0,ngspice,-6.1251173517439891e-35,1.0208528919573316e-32,True
1,train_t01_single_idvg_l10:001,train_t01_single_idvg_l10,T01_D_C_IDVG,train,transfer,single_bottom_gate,scored,True,-0.75,0.0,0.01,-0.75,7.28621303081562e-19,9.438626763607024e-19,60.0,10.0,300.0,ngspice,-6.1251173517439891e-35,1.0208528919573316e-32,True
2,train_t01_single_idvg_l10:002,train_t01_single_idvg_l10,T01_D_C_IDVG,train,transfer,single_bottom_gate,scored,True,-0.5,0.0,0.01,-0.5,1.1489829793277076e-14,1.4626772846592984e-14,60.0,10.0,300.0,ngspice,-6.1251173517439891e-35,1.0208528919573316e-32,True
3,train_t01_single_idvg_l10:003,train_t01_single_idvg_l10,T01_D_C_IDVG,train,transfer,single_bottom_gate,scored,True,-0.475,0.0,0.01,-0.475,3.020301716978869e-14,3.8385517487351805e-14,60.0,10.0,300.0,ngspice,-6.1251173517439891e-35,1.0208528919573316e-32,True
4,train_t01_single_idvg_l10:004,train_t01_single_idvg_l10,T01_D_C_IDVG,train,transfer,single_bottom_gate,scored,True,-0.45,0.0,0.01,-0.45,7.939207664878849e-14,1.0073535295956633e-13,60.0,10.0,300.0,ngspice,-6.1251173517439891e-35,1.0208528919573316e-32,True
5,train_t01_single_idvg_l10:005,train_t01_single_idvg_l10,T01_D_C_IDVG,train,transfer,single_bottom_gate,scored,True,-0.425,0.0,0.01,-0.425,2.0868566979241513e-13,2.6435577556783514e-13,60.0,10.0,300.0,ngspice,-6.1251173517439891e-35,1.0208528919573316e-32,True
6,train_t01_single_idvg_l10:006,train_t01_single_idvg_l10,T01_D_C_IDVG,train,transfer,single_bottom_gate,scored,True,-0.4,0.0,0.01,-0.4,5.485228773872765e-13,6.937171027664065e-13,60.0,10.0,300.0,ngspice,-6.1251173517439891e-35,1.0208528919573316e-32,True
7,train_t01_single_idvg_l10:007,train_t01_single_idvg_l10,T01_D_C_IDVG,train,transfer,single_bottom_gate,scored,True,-0.375,0.0,0.01,-0.375,1.4417207234939495e-12,1.8203412899771125e-12,60.0,10.0,300.0,ngspice,-6.1251173517439891e-35,1.0208528919573316e-32,True
8,train_t01_single_idvg_l10:008,train_t01_single_idvg_l10,T01_D_C_IDVG,train,transfer,single_bottom_gate,scored,True,-0.35,0.0,0.01,-0.35,3.789208143029197e-12,4.776203460274061e-12,60.0,10.0,300.0,ngspice,-6.1251173517439891e-35,1.0208528919573316e-32,True
9,train_t01_single_idvg_l10:009,train_t01_single_idvg_l10,T01_D_C_IDVG,train,transfer,single_bottom_gate,scored,True,-0.325,0.0,0.01,-0.325,9.958456145131035e-12,1.2529748297859826e-11,60.0,10.0,300.0,ngspice,-6.1251173517439891e-35,1.0208528919573316e-32,True
10,train_t01_single_idvg_l10:010,train_t01_single_idvg_l10,T01_D_C_IDVG,train,transfer,single_bottom_gate,scored,True,-0.3,0.0,0.01,-0.3,2.617005383010425e-11,3.2860868728818595e-11,60.0,10.0,300.0,ngspice,-6.1251173517439891e-35,1.0208528919573316e-32,True
11,train_t01_single_idvg_l10:011,train_t01_single_idvg_l10,T01_D_C_IDVG,train,transfer,single_bottom_gate,scored,True,-0.275,0.0,0.01,-0.275,6.876607652832139e-11,8.613937590028015e-11,60.0,10.0,300.0,ngspice,-6.1251173517439891e-35,1.0208528919573316e-32,True
12,train_t01_single_idvg_l10:012,train_t01_single_idvg_l10,T01_D_C_IDVG,train,transfer,single_bottom_gate,scored,True,-0.25,0.0,0.01,-0.25,1.8066684629015165e-10,2.2560660387861576e-10,60.0,10.0,300.0,ngspice,-6.1251173517439891e-35,1.0208528919573316e-32,True
13,train_t01_single_idvg_l10:013,train_t01_single_idvg_l10,T01_D_C_IDVG,train,transfer,single_bottom_gate,scored,True,-0.225,0.0,0.01,-0.225,4.745378162136911e-10,5.900027928851618e-10,60.0,10.0,300.0,ngspice,-6.1251173517439891e-35,1.0208528919573316e-32,True
14,train_t01_single_idvg_l10:014,train_t01_single_idvg_l10,T01_D_C_IDVG,train,transfer,single_bottom_gate,scored,True,-0.2,0.0,0.01,-0.2,1.2457960457274115e-09,1.5389783552342693e-09,60.0,10.0,300.0,ngspice,-6.1251173517439891e-35,1.0208528919573316e-32,True
15,train_t01_single_idvg_l10:015,train_t01_single_idvg_l10,T01_D_C_IDVG,train,transfer,single_bottom_gate,scored,True,-0.175,0.0,0.01,-0.175,3.267070457543217e-09,3.996401359596686e-09,60.0,10.0,300.0,ngspice,-6.1251173517439891e-35,1.0208528919573316e-32,True
16,train_t01_single_idvg_l10:016,train_t01_single_idvg_l10,T01_D_C_IDVG,train,transfer,single_bottom_gate,scored,True,-0.15,0.0,0.01,-0.15,8.546642137537902e-09,1.0298477608815226e-08,60.0,10.0,300.0,ngspice,-6.1251173517439891e-35,1.0208528919573316e-32,True
17,train_t01_single_idvg_l10:017,train_t01_single_idvg_l10,T01_D_C_IDVG,train,transfer,single_bottom_gate,scored,True,-0.125,0.0,0.01,-0.125,2.222527864249598e-08,2.6195295817592592e-08,60.0,10.0,300.0,ngspice,-6.1251173517439891e-35,1.0208528919573316e-32,True
18,train_t01_single_idvg_l10:018,train_t01_single_idvg_l10,T01_D_C_IDVG,train,transfer,single_bottom_gate,scored,True,-0.1,0.0,0.01,-0.1,5.697155066181209e-08,6.520299487675431e-08,60.0,10.0,300.0,ngspice,-6.1251173517439891e-35,1.0208528919573316e-32,True
19,train_t01_single_idvg_l10:019,train_t01_single_idvg_l10,T01_D_C_IDVG,train,transfer,single_bottom_gate,scored,True,-0.075,0.0,0.01,-0.075,1.412789611105068e-07,1.567309003493708e-07,60.0,10.0,300.0,ngspice,-6.1251173517439891e-35,1.0208528919573316e-32,True
20,train_t01_single_idvg_l10:020,train_t01_single_idvg_l10,T01_D_C_IDVG,train,transfer,single_bottom_gate,scored,True,-0.05,0.0,0.01,-0.05,3.274565428440231e-07,3.571205247784301e-07,60.0,10.0,300.0,ngspice,-6.1251173517439891e-35,1.0208528919573316e-32,True
21,train_t01_single_idvg_l10:021,train_t01_single_idvg_l10,T01_D_C_IDVG,train,transfer,single_bottom_gate,scored,True,-0.025,0.0,0.01,-0.025,6.796881577291168e-07,7.541181738920138e-07,60.0,10.0,300.0,ngspice,-6.1251173517439891e-35,1.0208528919573316e-32,True
22,train_t01_single_idvg_l10:022,train_t01_single_idvg_l10,T01_D_C_IDVG,train,transfer,single_bottom_gate,scored,True,0.0,0.0,0.01,0.0,1.2325117540658298e-06,1.4441717838661932e-06,60.0,10.0,300.0,ngspice,-6.1251173517439891e-35,1.0208528919573316e-32,True
23,train_t01_single_idvg_l10:023,train_t01_single_idvg_l10,T01_D_C_IDVG,train,transfer,single_bottom_gate,scored,True,0.025,0.0,0.01,0.025,1.9684998969818886e-06,2.475358582784314e-06,60.0,10.0,300.0,ngspice,-6.1251173517439891e-35,1.0208528919573316e-32,True
24,train_t01_single_idvg_l10:024,train_t01_single_idvg_l10,T01_D_C_IDVG,train,transfer,single_bottom_gate,scored,True,0.05,0.0,0.01,0.05,2.8429456554713332e-06,3.8005620697684004e-06,60.0,10.0,300.0,ngspice,-6.1251173517439891e-35,1.0208528919573316e-32,True
25,train_t01_single_idvg_l10:025,train_t01_single_idvg_l10,T01_D_C_IDVG,train,transfer,single_bottom_gate,scored,True,0.075,0.0,0.01,0.075,3.8123876142556255e-06,5.298478058243962e-06,60.0,10.0,300.0,ngspice,-6.1251173517439891e-35,1.0208528919573316e-32,True
26,train_t01_single_idvg_l10:026,train_t01_single_idvg_l10,T01_D_C_IDVG,train,transfer,single_bottom_gate,scored,True,0.1,0.0,0.01,0.1,4.844135552338161e-06,6.842230639348292e-06,60.0,10.0,300.0,ngspice,-6.1251173517439891e-35,1.0208528919573316e-32,True
27,train_t01_single_idvg_l10:027,train_t01_single_idvg_l10,T01_D_C_IDVG,train,transfer,single_bottom_gate,scored,True,0.125,0.0,0.01,0.125,5.915463943365446e-06,8.347466754912412e-06,60.0,10.0,300.0,ngspice,-6.1251173517439891e-35,1.0208528919573316e-32,True
28,train_t01_single_idvg_l10:028,train_t01_single_idvg_l10,T01_D_C_IDVG,train,transfer,single_bottom_gate,scored,True,0.15,0.0,0.01,0.15,7.010740648763861e-06,9.777153263366206e-06,60.0,10.0,300.0,ngspice,-6.1251173517439891e-35,1.0208528919573316e-32,True
29,train_t01_single_idvg_l10:029,train_t01_single_idvg_l10,T01_D_C_IDVG,train,transfer,single_bottom_gate,scored,True,0.175,0.0,0.01,0.175,8.119053455514625e-06,1.1124985953421532e-05,60.0,10.0,300.0,ngspice,-6.1251173517439891e-35,1.0208528919573316e-32,True
30,train_t01_single_idvg_l10:030,train_t01_single_idvg_l10,T01_D_C_IDVG,train,transfer,single_bottom_gate,scored,True,0.2,0.0,0.01,0.2,9.232616560278914e-06,1.2398748931457746e-05,60.0,10.0,300.0,ngspice,-6.1251173517439891e-35,1.0208528919573316e-32,True
31,train_t01_single_idvg_l10:031,train_t01_single_idvg_l10,T01_D_C_IDVG,train,transfer,single_bottom_gate,scored,True,0.225,0.0,0.01,0.225,1.0345754808769341e-05,1.3610274568746628e-05,60.0,10.0,300.0,ngspice,-6.1251173517439891e-35,1.0208528919573316e-32,True
32,train_t01_single_idvg_l10:032,train_t01_single_idvg_l10,T01_D_C_IDVG,train,transfer,single_bottom_gate,scored,True,0.25,0.0,0.01,0.25,1.1454257140732251e-05,1.4770904064455889e-05,60.0,10.0,300.0,ngspice,-6.1251173517439891e-35,1.0208528919573316e-32,True
33,train_t01_single_idvg_l10:033,train_t01_single_idvg_l10,T01_D_C_IDVG,train,transfer,single_bottom_gate,scored,True,0.275,0.0,0.01,0.275,1.2554957358367043e-05,1.5890003854427555e-05,60.0,10.0,300.0,ngspice,-6.1251173517439891e-35,1.0208528919573316e-32,True
34,train_t01_single_idvg_l10:034,train_t01_single_idvg_l10,T01_D_C_IDVG,train,transfer,single_bottom_gate,scored,True,0.3,0.0,0.01,0.3,1.3645454981973562e-05,1.6974831042879512e-05,60.0,10.0,300.0,ngspice,-6.1251173517439891e-35,1.0208528919573316e-32,True
35,train_t01_single_idvg_l10:035,train_t01_single_idvg_l10,T01_D_C_IDVG,train,transfer,single_bottom_gate,scored,True,0.325,0.0,0.01,0.325,1.4723923899111031e-05,1.8030865136213074e-05,60.0,10.0,300.0,ngspice,-6.1251173517439891e-35,1.0208528919573316e-32,True
36,train_t01_single_idvg_l10:036,train_t01_single_idvg_l10,T01_D_C_IDVG,train,transfer,single_bottom_gate,scored,True,0.35,0.0,0.01,0.35,1.5788977373151794e-05,1.9062224464664583e-05,60.0,10.0,300.0,ngspice,-6.1251173517439891e-35,1.0208528919573316e-32,True
37,train_t01_single_idvg_l10:037,train_t01_single_idvg_l10,T01_D_C_IDVG,train,transfer,single_bottom_gate,scored,True,0.375,0.0,0.01,0.375,1.6839570226567458e-05,2.007203093893054e-05,60.0,10.0,300.0,ngspice,-6.1251173517439891e-35,1.0208528919573316e-32,True
38,train_t01_single_idvg_l10:038,train_t01_single_idvg_l10,T01_D_C_IDVG,train,transfer,single_bottom_gate,scored,True,0.4,0.0,0.01,0.4,1.7874926238777034e-05,2.1062691264299222e-05,60.0,10.0,300.0,ngspice,-6.1251173517439891e-35,1.0208528919573316e-32,True
39,train_t01_single_idvg_l10:039,train_t01_single_idvg_l10,T01_D_C_IDVG,train,transfer,single_bottom_gate,scored,True,0.425,0.0,0.01,0.425,1.8894483118975373e-05,2.2036100988787022e-05,60.0,10.0,300.0,ngspice,-6.1251173517439891e-35,1.0208528919573316e-32,True
40,train_t01_single_idvg_l10:040,train_t01_single_idvg_l10,T01_D_C_IDVG,train,transfer,single_bottom_gate,scored,True,0.45,0.0,0.01,0.45,1.989785004737032e-05,2.2993788052413644e-05,60.0,10.0,300.0,ngspice,-6.1251173517439891e-35,1.0208528919573316e-32,True
41,train_t01_single_idvg_l10:041,train_t01_single_idvg_l10,T01_D_C_IDVG,train,transfer,single_bottom_gate,scored,True,0.475,0.0,0.01,0.475,2.0884774417710973e-05,2.3937012341630482e-05,60.0,10.0,300.0,ngspice,-6.1251173517439891e-35,1.0208528919573316e-32,True
42,train_t01_single_idvg_l10:042,train_t01_single_idvg_l10,T01_D_C_IDVG,train,transfer,single_bottom_gate,scored,True,0.5,0.0,0.01,0.5,2.185511545854263e-05,2.4866834502099505e-05,60.0,10.0,300.0,ngspice,-6.1251173517439891e-35,1.0208528919573316e-32,True
43,train_t01_single_idvg_l10:043,train_t01_single_idvg_l10,T01_D_C_IDVG,train,transfer,single_bottom_gate,scored,True,0.525,0.0,0.01,0.525,2.2808823092092458e-05,2.5784163730993308e-05,60.0,10.0,300.0,ngspice,-6.1251173517439891e-35,1.0208528919573316e-32,True
44,train_t01_single_idvg_l10:044,train_t01_single_idvg_l10,T01_D_C_IDVG,train,transfer,single_bottom_gate,scored,True,0.55,0.0,0.01,0.55,2.3745920844987868e-05,2.6689791344936548e-05,60.0,10.0,300.0,ngspice,-6.1251173517439891e-35,1.0208528919573316e-32,True
45,train_t01_single_idvg_l10:045,train_t01_single_idvg_l10,T01_D_C_IDVG,train,transfer,single_bottom_gate,scored,True,0.575,0.0,0.01,0.575,2.4666491936367426e-05,2.7584414745751193e-05,60.0,10.0,300.0,ngspice,-6.1251173517439891e-35,1.0208528919573316e-32,True
46,train_t01_single_idvg_l10:046,train_t01_single_idvg_l10,T01_D_C_IDVG,train,transfer,single_bottom_gate,scored,True,0.6,0.0,0.01,0.6,2.557066788670198e-05,2.846865487873989e-05,60.0,10.0,300.0,ngspice,-6.1251173517439891e-35,1.0208528919573316e-32,True
47,train_t01_single_idvg_l10:047,train_t01_single_idvg_l10,T01_D_C_IDVG,train,transfer,single_bottom_gate,scored,True,0.7,0.0,0.01,0.7,2.902725974192924e-05,3.1912174563491465e-05,60.0,10.0,300.0,ngspice,-6.1251173517439891e-35,1.0208528919573316e-32,True
48,train_t01_single_idvg_l10:048,train_t01_single_idvg_l10,T01_D_C_IDVG,train,transfer,single_bottom_gate,scored,True,0.8,0.0,0.01,0.8,3.223944525686692e-05,3.5226101220664233e-05,60.0,10.0,300.0,ngspice,-6.1251173517439891e-35,1.0208528919573316e-32,True
49,train_t01_single_idvg_l10:049,train_t01_single_idvg_l10,T01_D_C_IDVG,train,transfer,single_bottom_gate,scored,True,0.9,0.0,0.01,0.9,3.522508862349955e-05,3.8430870593874e-05,60.0,10.0,300.0,ngspice,-6.1251173517439891e-35,1.0208528919573316e-32,True
50,train_t01_single_idvg_l10:050,train_t01_single_idvg_l10,T01_D_C_IDVG,train,transfer,single_bottom_gate,scored,True,1.0,0.0,0.01,1.0,3.8002708377239875e-05,4.1541764820800267e-05,60.0,10.0,300.0,ngspice,-6.1251173517439891e-35,1.0208528919573316e-32,True
51,train_t01_single_idvd_vgs_0p0:000,train_t01_single_idvd_vgs_0p0,T01_D_B_IDVD,train,output,single_bottom_gate,zero_vds_invariant,False,0.0,0.0,0.0,0.0,0.0,0.0,60.0,10.0,300.0,ngspice,0,0,True
52,train_t01_single_idvd_vgs_0p0:001,train_t01_single_idvd_vgs_0p0,T01_D_B_IDVD,train,output,single_bottom_gate,repeated_low_vds_audit,False,0.0,0.0,0.01,0.01,1.2325117540658337e-06,1.4441717838661932e-06,60.0,10.0,300.0,ngspice,-6.1251173517439891e-35,1.0208528919573316e-32,True
53,train_t01_single_idvd_vgs_0p0:002,train_t01_single_idvd_vgs_0p0,T01_D_B_IDVD,train,output,single_bottom_gate,scored,True,0.0,0.0,0.05,0.05,4.039328969169728e-06,4.1452841289773015e-06,60.0,10.0,300.0,ngspice,-3.0625586758719949e-34,5.1042644597866582e-32,True
54,train_t01_single_idvd_vgs_0p0:003,train_t01_single_idvd_vgs_0p0,T01_D_B_IDVD,train,output,single_bottom_gate,scored,True,0.0,0.0,0.1,0.1,4.990186125465876e-06,4.754883900953434e-06,60.0,10.0,300.0,ngspice,-6.1251173517439897e-34,1.0208528919573316e-31,True
55,train_t01_single_idvd_vgs_0p0:004,train_t01_single_idvd_vgs_0p0,T01_D_B_IDVD,train,output,single_bottom_gate,scored,True,0.0,0.0,0.2,0.2,5.190756321362378e-06,4.825608302543401e-06,60.0,10.0,300.0,ngspice,-1.2250234703487979e-33,2.0417057839146633e-31,True
56,train_t01_single_idvd_vgs_0p5:000,train_t01_single_idvd_vgs_0p5,T01_D_B_IDVD,train,output,single_bottom_gate,zero_vds_invariant,False,0.5,0.0,0.0,0.0,1.486014091315591e-20,0.0,60.0,10.0,300.0,ngspice,0,0,True
57,train_t01_single_idvd_vgs_0p5:001,train_t01_single_idvd_vgs_0p5,T01_D_B_IDVD,train,output,single_bottom_gate,repeated_low_vds_audit,False,0.5,0.0,0.01,0.01,2.1855115458542673e-05,2.4866834502099505e-05,60.0,10.0,300.0,ngspice,-6.1251173517439891e-35,1.0208528919573316e-32,True
58,train_t01_single_idvd_vgs_0p5:002,train_t01_single_idvd_vgs_0p5,T01_D_B_IDVD,train,output,single_bottom_gate,scored,True,0.5,0.0,0.05,0.05,0.0001052667090477718,0.00011968599431835312,60.0,10.0,300.0,ngspice,-3.0625586758719949e-34,5.1042644597866582e-32,True
59,train_t01_single_idvd_vgs_0p5:003,train_t01_single_idvd_vgs_0p5,T01_D_B_IDVD,train,output,single_bottom_gate,scored,True,0.5,0.0,0.1,0.1,0.000200014905089826,0.00022748672321089815,60.0,10.0,300.0,ngspice,-6.1251173517439897e-34,1.0208528919573316e-31,True
60,train_t01_single_idvd_vgs_0p5:004,train_t01_single_idvd_vgs_0p5,T01_D_B_IDVD,train,output,single_bottom_gate,scored,True,0.5,0.0,0.2,0.2,0.0003561717502476149,0.0004052016283926556,60.0,10.0,300.0,ngspice,-1.2250234703487979e-33,2.0417057839146633e-31,True
61,train_t01_single_idvd_vgs_1p0:000,train_t01_single_idvd_vgs_1p0,T01_D_B_IDVD,train,output,single_bottom_gate,zero_vds_invariant,False,1.0,0.0,0.0,0.0,3.379165716833452e-19,0.0,60.0,10.0,300.0,ngspice,0,0,True
62,train_t01_single_idvd_vgs_1p0:001,train_t01_single_idvd_vgs_1p0,T01_D_B_IDVD,train,output,single_bottom_gate,repeated_low_vds_audit,False,1.0,0.0,0.01,0.01,3.800270837723992e-05,4.1541764820800267e-05,60.0,10.0,300.0,ngspice,-6.1251173517439891e-35,1.0208528919573316e-32,True
63,train_t01_single_idvd_vgs_1p0:002,train_t01_single_idvd_vgs_1p0,T01_D_B_IDVD,train,output,single_bottom_gate,scored,True,1.0,0.0,0.05,0.05,0.00018645946223379113,0.00020386865943263725,60.0,10.0,300.0,ngspice,-3.0625586758719949e-34,5.1042644597866582e-32,True
64,train_t01_single_idvd_vgs_1p0:003,train_t01_single_idvd_vgs_1p0,T01_D_B_IDVD,train,output,single_bottom_gate,scored,True,1.0,0.0,0.1,0.1,0.0003612710661579342,0.0003980360775835718,60.0,10.0,300.0,ngspice,-6.1251173517439897e-34,1.0208528919573316e-31,True
65,train_t01_single_idvd_vgs_1p0:004,train_t01_single_idvd_vgs_1p0,T01_D_B_IDVD,train,output,single_bottom_gate,scored,True,1.0,0.0,0.2,0.2,0.0006652668981208667,0.0007565363758128946,60.0,10.0,300.0,ngspice,-1.2250234703487979e-33,2.0417057839146633e-31,True
66,train_t02_dual_secondary_m0p3:000,train_t02_dual_secondary_m0p3,T02_C_DG_TRANSFER,train,transfer,symmetric_dual_gate,scored,True,-0.3,-0.5,0.01,-0.5,3.802631747464787e-13,2.0430009118148662e-13,60.0,10.0,300.0,ngspice,-6.1251173517439891e-35,1.0208528919573316e-32,True
67,train_t02_dual_secondary_m0p3:001,train_t02_dual_secondary_m0p3,T02_C_DG_TRANSFER,train,transfer,symmetric_dual_gate,scored,True,-0.3,-0.45,0.01,-0.45,9.531624202190283e-13,6.048916754412444e-13,60.0,10.0,300.0,ngspice,-6.1251173517439891e-35,1.0208528919573316e-32,True
68,train_t02_dual_secondary_m0p3:002,train_t02_dual_secondary_m0p3,T02_C_DG_TRANSFER,train,transfer,symmetric_dual_gate,scored,True,-0.3,-0.4,0.01,-0.4,2.4205511186451624e-12,1.7908505972153889e-12,60.0,10.0,300.0,ngspice,-6.1251173517439891e-35,1.0208528919573316e-32,True
69,train_t02_dual_secondary_m0p3:003,train_t02_dual_secondary_m0p3,T02_C_DG_TRANSFER,train,transfer,symmetric_dual_gate,scored,True,-0.3,-0.35,0.01,-0.35,6.230953865413727e-12,5.301393892498452e-12,60.0,10.0,300.0,ngspice,-6.1251173517439891e-35,1.0208528919573316e-32,True
70,train_t02_dual_secondary_m0p3:004,train_t02_dual_secondary_m0p3,T02_C_DG_TRANSFER,train,transfer,symmetric_dual_gate,scored,True,-0.3,-0.3,0.01,-0.3,1.6264038843614528e-11,1.569008925477495e-11,60.0,10.0,300.0,ngspice,-6.1251173517439891e-35,1.0208528919573316e-32,True
71,train_t02_dual_secondary_m0p3:005,train_t02_dual_secondary_m0p3,T02_C_DG_TRANSFER,train,transfer,symmetric_dual_gate,scored,True,-0.3,-0.25,0.01,-0.25,4.305034653376105e-11,4.641758673157067e-11,60.0,10.0,300.0,ngspice,-6.1251173517439891e-35,1.0208528919573316e-32,True
72,train_t02_dual_secondary_m0p3:006,train_t02_dual_secondary_m0p3,T02_C_DG_TRANSFER,train,transfer,symmetric_dual_gate,scored,True,-0.3,-0.2,0.01,-0.2,1.1554028788316725e-10,1.3721670256760923e-10,60.0,10.0,300.0,ngspice,-6.1251173517439891e-35,1.0208528919573316e-32,True
73,train_t02_dual_secondary_m0p3:007,train_t02_dual_secondary_m0p3,T02_C_DG_TRANSFER,train,transfer,symmetric_dual_gate,scored,True,-0.3,-0.15,0.01,-0.15,3.142849302647695e-10,4.050521079852108e-10,60.0,10.0,300.0,ngspice,-6.1251173517439891e-35,1.0208528919573316e-32,True
74,train_t02_dual_secondary_m0p3:008,train_t02_dual_secondary_m0p3,T02_C_DG_TRANSFER,train,transfer,symmetric_dual_gate,scored,True,-0.3,-0.1,0.01,-0.1,8.658782775411904e-10,1.1925049618873475e-09,60.0,10.0,300.0,ngspice,-6.1251173517439891e-35,1.0208528919573316e-32,True
75,train_t02_dual_secondary_m0p3:009,train_t02_dual_secondary_m0p3,T02_C_DG_TRANSFER,train,transfer,symmetric_dual_gate,scored,True,-0.3,-0.05,0.01,-0.05,2.413799429556351e-09,3.4935733185365387e-09,60.0,10.0,300.0,ngspice,-6.1251173517439891e-35,1.0208528919573316e-32,True
76,train_t02_dual_secondary_m0p3:010,train_t02_dual_secondary_m0p3,T02_C_DG_TRANSFER,train,transfer,symmetric_dual_gate,scored,True,-0.3,0.0,0.01,0.0,6.798036727848865e-09,1.0142492970454956e-08,60.0,10.0,300.0,ngspice,-6.1251173517439891e-35,1.0208528919573316e-32,True
77,train_t02_dual_secondary_m0p3:011,train_t02_dual_secondary_m0p3,T02_C_DG_TRANSFER,train,transfer,symmetric_dual_gate,scored,True,-0.3,0.05,0.01,0.05,1.9287772026257463e-08,2.8965668020555908e-08,60.0,10.0,300.0,ngspice,-6.1251173517439891e-35,1.0208528919573316e-32,True
78,train_t02_dual_secondary_m0p3:012,train_t02_dual_secondary_m0p3,T02_C_DG_TRANSFER,train,transfer,symmetric_dual_gate,scored,True,-0.3,0.1,0.01,0.1,5.4795936219161016e-08,8.035260834676905e-08,60.0,10.0,300.0,ngspice,-6.1251173517439891e-35,1.0208528919573316e-32,True
79,train_t02_dual_secondary_m0p3:013,train_t02_dual_secondary_m0p3,T02_C_DG_TRANSFER,train,transfer,symmetric_dual_gate,scored,True,-0.3,0.15,0.01,0.15,1.5362256518591723e-07,2.1219495476328846e-07,60.0,10.0,300.0,ngspice,-6.1251173517439891e-35,1.0208528919573316e-32,True
80,train_t02_dual_secondary_m0p3:014,train_t02_dual_secondary_m0p3,T02_C_DG_TRANSFER,train,transfer,symmetric_dual_gate,scored,True,-0.3,0.2,0.01,0.2,4.111591504808959e-07,5.184804084579732e-07,60.0,10.0,300.0,ngspice,-6.1251173517439891e-35,1.0208528919573316e-32,True
81,train_t02_dual_secondary_m0p3:015,train_t02_dual_secondary_m0p3,T02_C_DG_TRANSFER,train,transfer,symmetric_dual_gate,scored,True,-0.3,0.25,0.01,0.25,9.913384154986575e-07,1.1347247413721515e-06,60.0,10.0,300.0,ngspice,-6.1251173517439891e-35,1.0208528919573316e-32,True
82,train_t02_dual_secondary_m0p3:016,train_t02_dual_secondary_m0p3,T02_C_DG_TRANSFER,train,transfer,symmetric_dual_gate,scored,True,-0.3,0.3,0.01,0.3,2.0345721951130514e-06,2.168992862723347e-06,60.0,10.0,300.0,ngspice,-6.1251173517439891e-35,1.0208528919573316e-32,True
83,train_t02_dual_secondary_m0p3:017,train_t02_dual_secondary_m0p3,T02_C_DG_TRANSFER,train,transfer,symmetric_dual_gate,scored,True,-0.3,0.35,0.01,0.35,3.5195696351103623e-06,3.600650786534292e-06,60.0,10.0,300.0,ngspice,-6.1251173517439891e-35,1.0208528919573316e-32,True
84,train_t02_dual_secondary_m0p3:018,train_t02_dual_secondary_m0p3,T02_C_DG_TRANSFER,train,transfer,symmetric_dual_gate,scored,True,-0.3,0.4,0.01,0.4,5.3015795563180085e-06,5.27463099742384e-06,60.0,10.0,300.0,ngspice,-6.1251173517439891e-35,1.0208528919573316e-32,True
85,train_t02_dual_secondary_m0p3:019,train_t02_dual_secondary_m0p3,T02_C_DG_TRANSFER,train,transfer,symmetric_dual_gate,scored,True,-0.3,0.45,0.01,0.45,7.235406713421363e-06,7.010101155087633e-06,60.0,10.0,300.0,ngspice,-6.1251173517439891e-35,1.0208528919573316e-32,True
86,train_t02_dual_secondary_m0p3:020,train_t02_dual_secondary_m0p3,T02_C_DG_TRANSFER,train,transfer,symmetric_dual_gate,scored,True,-0.3,0.5,0.01,0.5,9.222050396344935e-06,8.690368442321245e-06,60.0,10.0,300.0,ngspice,-6.1251173517439891e-35,1.0208528919573316e-32,True
87,train_t02_dual_secondary_m0p3:021,train_t02_dual_secondary_m0p3,T02_C_DG_TRANSFER,train,transfer,symmetric_dual_gate,scored,True,-0.3,0.55,0.01,0.55,1.1202627874488718e-05,1.0271257533827917e-05,60.0,10.0,300.0,ngspice,-6.1251173517439891e-35,1.0208528919573316e-32,True
88,train_t02_dual_secondary_m0p3:022,train_t02_dual_secondary_m0p3,T02_C_DG_TRANSFER,train,transfer,symmetric_dual_gate,scored,True,-0.3,0.6,0.01,0.6,1.314394075337021e-05,1.1751126522321948e-05,60.0,10.0,300.0,ngspice,-6.1251173517439891e-35,1.0208528919573316e-32,True
89,train_t02_dual_secondary_m0p3:023,train_t02_dual_secondary_m0p3,T02_C_DG_TRANSFER,train,transfer,symmetric_dual_gate,scored,True,-0.3,0.65,0.01,0.65,1.5027986809913586e-05,1.3144364293803441e-05,60.0,10.0,300.0,ngspice,-6.1251173517439891e-35,1.0208528919573316e-32,True
90,train_t02_dual_secondary_m0p3:024,train_t02_dual_secondary_m0p3,T02_C_DG_TRANSFER,train,transfer,symmetric_dual_gate,scored,True,-0.3,0.7,0.01,0.7,1.6845634089939916e-05,1.4467775633109732e-05,60.0,10.0,300.0,ngspice,-6.1251173517439891e-35,1.0208528919573316e-32,True
91,train_t02_dual_secondary_m0p3:025,train_t02_dual_secondary_m0p3,T02_C_DG_TRANSFER,train,transfer,symmetric_dual_gate,scored,True,-0.3,0.75,0.01,0.75,1.8592954897320427e-05,1.5735684095559203e-05,60.0,10.0,300.0,ngspice,-6.1251173517439891e-35,1.0208528919573316e-32,True
92,train_t02_dual_secondary_m0p3:026,train_t02_dual_secondary_m0p3,T02_C_DG_TRANSFER,train,transfer,symmetric_dual_gate,scored,True,-0.3,0.8,0.01,0.8,2.026909420036998e-05,1.6959020240565102e-05,60.0,10.0,300.0,ngspice,-6.1251173517439891e-35,1.0208528919573316e-32,True
93,train_t02_dual_secondary_m0p3:027,train_t02_dual_secondary_m0p3,T02_C_DG_TRANSFER,train,transfer,symmetric_dual_gate,scored,True,-0.3,0.85,0.01,0.85,2.187500958898435e-05,1.8145782437269865e-05,60.0,10.0,300.0,ngspice,-6.1251173517439891e-35,1.0208528919573316e-32,True
94,train_t02_dual_secondary_m0p3:028,train_t02_dual_secondary_m0p3,T02_C_DG_TRANSFER,train,transfer,symmetric_dual_gate,scored,True,-0.3,0.9,0.01,0.9,2.3412712311099538e-05,1.9301774358577823e-05,60.0,10.0,300.0,ngspice,-6.1251173517439891e-35,1.0208528919573316e-32,True
95,train_t02_dual_secondary_m0p3:029,train_t02_dual_secondary_m0p3,T02_C_DG_TRANSFER,train,transfer,symmetric_dual_gate,scored,True,-0.3,0.95,0.01,0.95,2.488480248175771e-05,2.043125334733718e-05,60.0,10.0,300.0,ngspice,-6.1251173517439891e-35,1.0208528919573316e-32,True
96,train_t02_dual_secondary_m0p3:030,train_t02_dual_secondary_m0p3,T02_C_DG_TRANSFER,train,transfer,symmetric_dual_gate,scored,True,-0.3,1.0,0.01,1.0,2.629418093149221e-05,2.1537412695858997e-05,60.0,10.0,300.0,ngspice,-6.1251173517439891e-35,1.0208528919573316e-32,True
97,train_t02_dual_secondary_p0p3:000,train_t02_dual_secondary_p0p3,T02_C_DG_TRANSFER,train,transfer,symmetric_dual_gate,scored,True,0.3,-0.5,0.01,-0.5,1.4229966375791528e-07,8.0352608346769e-08,60.0,10.0,300.0,ngspice,-6.1251173517439891e-35,1.0208528919573316e-32,True
98,train_t02_dual_secondary_p0p3:001,train_t02_dual_secondary_p0p3,T02_C_DG_TRANSFER,train,transfer,symmetric_dual_gate,scored,True,0.3,-0.45,0.01,-0.45,3.0559392546835297e-07,2.1219495476328867e-07,60.0,10.0,300.0,ngspice,-6.1251173517439891e-35,1.0208528919573316e-32,True
99,train_t02_dual_secondary_p0p3:002,train_t02_dual_secondary_p0p3,T02_C_DG_TRANSFER,train,transfer,symmetric_dual_gate,scored,True,0.3,-0.4,0.01,-0.4,6.2485569570081e-07,5.184804084579726e-07,60.0,10.0,300.0,ngspice,-6.1251173517439891e-35,1.0208528919573316e-32,True
100,train_t02_dual_secondary_p0p3:003,train_t02_dual_secondary_p0p3,T02_C_DG_TRANSFER,train,transfer,symmetric_dual_gate,scored,True,0.3,-0.35,0.01,-0.35,1.1830902511532292e-06,1.1347247413721515e-06,60.0,10.0,300.0,ngspice,-6.1251173517439891e-35,1.0208528919573316e-32,True
101,train_t02_dual_secondary_p0p3:004,train_t02_dual_secondary_p0p3,T02_C_DG_TRANSFER,train,transfer,symmetric_dual_gate,scored,True,0.3,-0.3,0.01,-0.3,2.0345721951130594e-06,2.168992862723347e-06,60.0,10.0,300.0,ngspice,-6.1251173517439891e-35,1.0208528919573316e-32,True
102,train_t02_dual_secondary_p0p3:005,train_t02_dual_secondary_p0p3,T02_C_DG_TRANSFER,train,transfer,symmetric_dual_gate,scored,True,0.3,-0.25,0.01,-0.25,3.1756399956165973e-06,3.600650786534292e-06,60.0,10.0,300.0,ngspice,-6.1251173517439891e-35,1.0208528919573316e-32,True
103,train_t02_dual_secondary_p0p3:006,train_t02_dual_secondary_p0p3,T02_C_DG_TRANSFER,train,transfer,symmetric_dual_gate,scored,True,0.3,-0.2,0.01,-0.2,4.560646784327157e-06,5.274630997423837e-06,60.0,10.0,300.0,ngspice,-6.1251173517439891e-35,1.0208528919573316e-32,True
104,train_t02_dual_secondary_p0p3:007,train_t02_dual_secondary_p0p3,T02_C_DG_TRANSFER,train,transfer,symmetric_dual_gate,scored,True,0.3,-0.15,0.01,-0.15,6.134126807426038e-06,7.010101155087633e-06,60.0,10.0,300.0,ngspice,-6.1251173517439891e-35,1.0208528919573316e-32,True
105,train_t02_dual_secondary_p0p3:008,train_t02_dual_secondary_p0p3,T02_C_DG_TRANSFER,train,transfer,symmetric_dual_gate,scored,True,0.3,-0.1,0.01,-0.1,7.847820248578201e-06,8.690368442321245e-06,60.0,10.0,300.0,ngspice,-6.1251173517439891e-35,1.0208528919573316e-32,True
106,train_t02_dual_secondary_p0p3:009,train_t02_dual_secondary_p0p3,T02_C_DG_TRANSFER,train,transfer,symmetric_dual_gate,scored,True,0.3,-0.05,0.01,-0.05,9.663261678951728e-06,1.027125753382789e-05,60.0,10.0,300.0,ngspice,-6.1251173517439891e-35,1.0208528919573316e-32,True
107,train_t02_dual_secondary_p0p3:010,train_t02_dual_secondary_p0p3,T02_C_DG_TRANSFER,train,transfer,symmetric_dual_gate,scored,True,0.3,0.0,0.01,0.0,1.154944554137311e-05,1.1751126522321948e-05,60.0,10.0,300.0,ngspice,-6.1251173517439891e-35,1.0208528919573316e-32,True
108,train_t02_dual_secondary_p0p3:011,train_t02_dual_secondary_p0p3,T02_C_DG_TRANSFER,train,transfer,symmetric_dual_gate,scored,True,0.3,0.05,0.01,0.05,1.348048997901662e-05,1.3144364293803441e-05,60.0,10.0,300.0,ngspice,-6.1251173517439891e-35,1.0208528919573316e-32,True
109,train_t02_dual_secondary_p0p3:012,train_t02_dual_secondary_p0p3,T02_C_DG_TRANSFER,train,transfer,symmetric_dual_gate,scored,True,0.3,0.1,0.01,0.1,1.5434405598724188e-05,1.4467775633109705e-05,60.0,10.0,300.0,ngspice,-6.1251173517439891e-35,1.0208528919573316e-32,True
110,train_t02_dual_secondary_p0p3:013,train_t02_dual_secondary_p0p3,T02_C_DG_TRANSFER,train,transfer,symmetric_dual_gate,scored,True,0.3,0.15,0.01,0.15,1.739266828816028e-05,1.5735684095559203e-05,60.0,10.0,300.0,ngspice,-6.1251173517439891e-35,1.0208528919573316e-32,True
111,train_t02_dual_secondary_p0p3:014,train_t02_dual_secondary_p0p3,T02_C_DG_TRANSFER,train,transfer,symmetric_dual_gate,scored,True,0.3,0.2,0.01,0.2,1.9340082626511117e-05,1.6959020240565102e-05,60.0,10.0,300.0,ngspice,-6.1251173517439891e-35,1.0208528919573316e-32,True
112,train_t02_dual_secondary_p0p3:015,train_t02_dual_secondary_p0p3,T02_C_DG_TRANSFER,train,transfer,symmetric_dual_gate,scored,True,0.3,0.25,0.01,0.25,2.1264613003026373e-05,1.8145782437269865e-05,60.0,10.0,300.0,ngspice,-6.1251173517439891e-35,1.0208528919573316e-32,True
113,train_t02_dual_secondary_p0p3:016,train_t02_dual_secondary_p0p3,T02_C_DG_TRANSFER,train,transfer,symmetric_dual_gate,scored,True,0.3,0.3,0.01,0.3,2.3157084286939043e-05,1.930177435857777e-05,60.0,10.0,300.0,ngspice,-6.1251173517439891e-35,1.0208528919573316e-32,True
114,train_t02_dual_secondary_p0p3:017,train_t02_dual_secondary_p0p3,T02_C_DG_TRANSFER,train,transfer,symmetric_dual_gate,scored,True,0.3,0.35,0.01,0.35,2.5010782783903523e-05,2.043125334733718e-05,60.0,10.0,300.0,ngspice,-6.1251173517439891e-35,1.0208528919573316e-32,True
115,train_t02_dual_secondary_p0p3:018,train_t02_dual_secondary_p0p3,T02_C_DG_TRANSFER,train,transfer,symmetric_dual_gate,scored,True,0.3,0.4,0.01,0.4,2.682102394682172e-05,2.1537412695858997e-05,60.0,10.0,300.0,ngspice,-6.1251173517439891e-35,1.0208528919573316e-32,True
116,train_t02_dual_secondary_p0p3:019,train_t02_dual_secondary_p0p3,T02_C_DG_TRANSFER,train,transfer,symmetric_dual_gate,scored,True,0.3,0.45,0.01,0.45,2.858474099628184e-05,2.262271544284381e-05,60.0,10.0,300.0,ngspice,-6.1251173517439891e-35,1.0208528919573316e-32,True
117,train_t02_dual_secondary_p0p3:020,train_t02_dual_secondary_p0p3,T02_C_DG_TRANSFER,train,transfer,symmetric_dual_gate,scored,True,0.3,0.5,0.01,0.5,3.0300124360703455e-05,2.3689117800742468e-05,60.0,10.0,300.0,ngspice,-6.1251173517439891e-35,1.0208528919573316e-32,True
118,train_t02_dual_secondary_p0p3:021,train_t02_dual_secondary_p0p3,T02_C_DG_TRANSFER,train,transfer,symmetric_dual_gate,scored,True,0.3,0.55,0.01,0.55,3.1966322038530166e-05,2.4738216837247752e-05,60.0,10.0,300.0,ngspice,-6.1251173517439891e-35,1.0208528919573316e-32,True
119,train_t02_dual_secondary_p0p3:022,train_t02_dual_secondary_p0p3,T02_C_DG_TRANSFER,train,transfer,symmetric_dual_gate,scored,True,0.3,0.6,0.01,0.6,3.358319910807379e-05,2.5771348199954026e-05,60.0,10.0,300.0,ngspice,-6.1251173517439891e-35,1.0208528919573316e-32,True
120,train_t02_dual_secondary_p0p3:023,train_t02_dual_secondary_p0p3,T02_C_DG_TRANSFER,train,transfer,symmetric_dual_gate,scored,True,0.3,0.65,0.01,0.65,3.5151149082994054e-05,2.678965151898467e-05,60.0,10.0,300.0,ngspice,-6.1251173517439891e-35,1.0208528919573316e-32,True
121,train_t02_dual_secondary_p0p3:024,train_t02_dual_secondary_p0p3,T02_C_DG_TRANSFER,train,transfer,symmetric_dual_gate,scored,True,0.3,0.7,0.01,0.7,3.667094817010031e-05,2.7794115026178793e-05,60.0,10.0,300.0,ngspice,-6.1251173517439891e-35,1.0208528919573316e-32,True
122,train_t02_dual_secondary_p0p3:025,train_t02_dual_secondary_p0p3,T02_C_DG_TRANSFER,train,transfer,symmetric_dual_gate,scored,True,0.3,0.75,0.01,0.75,3.814364382454628e-05,2.8785606764351663e-05,60.0,10.0,300.0,ngspice,-6.1251173517439891e-35,1.0208528919573316e-32,True
123,train_t02_dual_secondary_p0p3:026,train_t02_dual_secondary_p0p3,T02_C_DG_TRANSFER,train,transfer,symmetric_dual_gate,scored,True,0.3,0.8,0.01,0.8,3.9570470149065345e-05,2.9764897045989463e-05,60.0,10.0,300.0,ngspice,-6.1251173517439891e-35,1.0208528919573316e-32,True
124,train_t02_dual_secondary_p0p3:027,train_t02_dual_secondary_p0p3,T02_C_DG_TRANSFER,train,transfer,symmetric_dual_gate,scored,True,0.3,0.85,0.01,0.85,4.095278403267024e-05,3.073267509877581e-05,60.0,10.0,300.0,ngspice,-6.1251173517439891e-35,1.0208528919573316e-32,True
125,train_t02_dual_secondary_p0p3:028,train_t02_dual_secondary_p0p3,T02_C_DG_TRANSFER,train,transfer,symmetric_dual_gate,scored,True,0.3,0.9,0.01,0.9,4.229201718787884e-05,3.168956175886283e-05,60.0,10.0,300.0,ngspice,-6.1251173517439891e-35,1.0208528919573316e-32,True
126,train_t02_dual_secondary_p0p3:029,train_t02_dual_secondary_p0p3,T02_C_DG_TRANSFER,train,transfer,symmetric_dual_gate,scored,True,0.3,0.95,0.01,0.95,4.3589640320554485e-05,3.263611940412488e-05,60.0,10.0,300.0,ngspice,-6.1251173517439891e-35,1.0208528919573316e-32,True
127,train_t02_dual_secondary_p0p3:030,train_t02_dual_secondary_p0p3,T02_C_DG_TRANSFER,train,transfer,symmetric_dual_gate,scored,True,0.3,1.0,0.01,1.0,4.484713653569497e-05,3.357285990423456e-05,60.0,10.0,300.0,ngspice,-6.1251173517439891e-35,1.0208528919573316e-32,True
128,train_t03_dual_length_8:000,train_t03_dual_length_8,T03_P4_LENGTH_TRANSFER,train,transfer,symmetric_dual_gate,scored,True,0.0,-0.5,0.01,-0.5,2.6585859342388995e-10,1.1973812622180487e-10,60.0,8.0,300.0,ngspice,-6.1251173517439891e-35,1.0208528919573316e-32,True
129,train_t03_dual_length_8:001,train_t03_dual_length_8,T03_P4_LENGTH_TRANSFER,train,transfer,symmetric_dual_gate,scored,True,0.0,-0.45,0.01,-0.45,6.262468147103593e-10,3.536601821476881e-10,60.0,8.0,300.0,ngspice,-6.1251173517439891e-35,1.0208528919573316e-32,True
130,train_t03_dual_length_8:002,train_t03_dual_length_8,T03_P4_LENGTH_TRANSFER,train,transfer,symmetric_dual_gate,scored,True,0.0,-0.4,0.01,-0.4,1.486577032568291e-09,1.042317112186103e-09,60.0,8.0,300.0,ngspice,-6.1251173517439891e-35,1.0208528919573316e-32,True
131,train_t03_dual_length_8:003,train_t03_dual_length_8,T03_P4_LENGTH_TRANSFER,train,transfer,symmetric_dual_gate,scored,True,0.0,-0.35,0.01,-0.35,3.5583118650640724e-09,3.0596288128934984e-09,60.0,8.0,300.0,ngspice,-6.1251173517439891e-35,1.0208528919573316e-32,True
132,train_t03_dual_length_8:004,train_t03_dual_length_8,T03_P4_LENGTH_TRANSFER,train,transfer,symmetric_dual_gate,scored,True,0.0,-0.3,0.01,-0.3,8.591574692723097e-09,8.914952171537063e-09,60.0,8.0,300.0,ngspice,-6.1251173517439891e-35,1.0208528919573316e-32,True
133,train_t03_dual_length_8:005,train_t03_dual_length_8,T03_P4_LENGTH_TRANSFER,train,transfer,symmetric_dual_gate,scored,True,0.0,-0.25,0.01,-0.25,2.09188909677435e-08,2.5627107564726156e-08,60.0,8.0,300.0,ngspice,-6.1251173517439891e-35,1.0208528919573316e-32,True
134,train_t03_dual_length_8:006,train_t03_dual_length_8,T03_P4_LENGTH_TRANSFER,train,transfer,symmetric_dual_gate,scored,True,0.0,-0.2,0.01,-0.2,5.126087915777233e-08,7.191084265939958e-08,60.0,8.0,300.0,ngspice,-6.1251173517439891e-35,1.0208528919573316e-32,True
135,train_t03_dual_length_8:007,train_t03_dual_length_8,T03_P4_LENGTH_TRANSFER,train,transfer,symmetric_dual_gate,scored,True,0.0,-0.15,0.01,-0.15,1.2567731924559904e-07,1.9356360729659597e-07,60.0,8.0,300.0,ngspice,-6.1251173517439891e-35,1.0208528919573316e-32,True
136,train_t03_dual_length_8:008,train_t03_dual_length_8,T03_P4_LENGTH_TRANSFER,train,transfer,symmetric_dual_gate,scored,True,0.0,-0.1,0.01,-0.1,3.038683720249789e-07,4.870366227895348e-07,60.0,8.0,300.0,ngspice,-6.1251173517439891e-35,1.0208528919573316e-32,True
137,train_t03_dual_length_8:009,train_t03_dual_length_8,T03_P4_LENGTH_TRANSFER,train,transfer,symmetric_dual_gate,scored,True,0.0,-0.05,0.01,-0.05,7.035494893381069e-07,1.109386959884002e-06,60.0,8.0,300.0,ngspice,-6.1251173517439891e-35,1.0208528919573316e-32,True
138,train_t03_dual_length_8:010,train_t03_dual_length_8,T03_P4_LENGTH_TRANSFER,train,transfer,symmetric_dual_gate,scored,True,0.0,0.0,0.01,0.0,1.4926054763464166e-06,2.221875643651065e-06,60.0,8.0,300.0,ngspice,-6.1251173517439891e-35,1.0208528919573316e-32,True
139,train_t03_dual_length_8:011,train_t03_dual_length_8,T03_P4_LENGTH_TRANSFER,train,transfer,symmetric_dual_gate,scored,True,0.0,0.05,0.01,0.05,2.793728440653777e-06,3.861879155872439e-06,60.0,8.0,300.0,ngspice,-6.1251173517439891e-35,1.0208528919573316e-32,True
140,train_t03_dual_length_8:012,train_t03_dual_length_8,T03_P4_LENGTH_TRANSFER,train,transfer,symmetric_dual_gate,scored,True,0.0,0.1,0.01,0.1,4.582958534274134e-06,5.880622723303738e-06,60.0,8.0,300.0,ngspice,-6.1251173517439891e-35,1.0208528919573316e-32,True
141,train_t03_dual_length_8:013,train_t03_dual_length_8,T03_P4_LENGTH_TRANSFER,train,transfer,symmetric_dual_gate,scored,True,0.0,0.15,0.01,0.15,6.725635641805401e-06,8.045666793606017e-06,60.0,8.0,300.0,ngspice,-6.1251173517439891e-35,1.0208528919573316e-32,True
142,train_t03_dual_length_8:014,train_t03_dual_length_8,T03_P4_LENGTH_TRANSFER,train,transfer,symmetric_dual_gate,scored,True,0.0,0.2,0.01,0.2,9.074337275173307e-06,1.0178840316811797e-05,60.0,8.0,300.0,ngspice,-6.1251173517439891e-35,1.0208528919573316e-32,True
143,train_t03_dual_length_8:015,train_t03_dual_length_8,T03_P4_LENGTH_TRANSFER,train,transfer,symmetric_dual_gate,scored,True,0.0,0.25,0.01,0.25,1.1516400009337863e-05,1.2198162656673862e-05,60.0,8.0,300.0,ngspice,-6.1251173517439891e-35,1.0208528919573316e-32,True
144,train_t03_dual_length_8:016,train_t03_dual_length_8,T03_P4_LENGTH_TRANSFER,train,transfer,symmetric_dual_gate,scored,True,0.0,0.3,0.01,0.3,1.397697679245673e-05,1.4088383509860883e-05,60.0,8.0,300.0,ngspice,-6.1251173517439891e-35,1.0208528919573316e-32,True
145,train_t03_dual_length_8:017,train_t03_dual_length_8,T03_P4_LENGTH_TRANSFER,train,transfer,symmetric_dual_gate,scored,True,0.0,0.35,0.01,0.35,1.64092580218194e-05,1.5863470165871646e-05,60.0,8.0,300.0,ngspice,-6.1251173517439891e-35,1.0208528919573316e-32,True
146,train_t03_dual_length_8:018,train_t03_dual_length_8,T03_P4_LENGTH_TRANSFER,train,transfer,symmetric_dual_gate,scored,True,0.0,0.4,0.01,0.4,1.8785022642705392e-05,1.7544496369378167e-05,60.0,8.0,300.0,ngspice,-6.1251173517439891e-35,1.0208528919573316e-32,True
147,train_t03_dual_length_8:019,train_t03_dual_length_8,T03_P4_LENGTH_TRANSFER,train,transfer,symmetric_dual_gate,scored,True,0.0,0.45,0.01,0.45,2.1087959340481878e-05,1.9150675185470557e-05,60.0,8.0,300.0,ngspice,-6.1251173517439891e-35,1.0208528919573316e-32,True
148,train_t03_dual_length_8:020,train_t03_dual_length_8,T03_P4_LENGTH_TRANSFER,train,transfer,symmetric_dual_gate,scored,True,0.0,0.5,0.01,0.5,2.330932674876676e-05,2.069705595012353e-05,60.0,8.0,300.0,ngspice,-6.1251173517439891e-35,1.0208528919573316e-32,True
149,train_t03_dual_length_8:021,train_t03_dual_length_8,T03_P4_LENGTH_TRANSFER,train,transfer,symmetric_dual_gate,scored,True,0.0,0.55,0.01,0.55,2.544519214792324e-05,2.219475226766751e-05,60.0,8.0,300.0,ngspice,-6.1251173517439891e-35,1.0208528919573316e-32,True
150,train_t03_dual_length_8:022,train_t03_dual_length_8,T03_P4_LENGTH_TRANSFER,train,transfer,symmetric_dual_gate,scored,True,0.0,0.6,0.01,0.6,2.7494673005043857e-05,2.3651829423361316e-05,60.0,8.0,300.0,ngspice,-6.1251173517439891e-35,1.0208528919573316e-32,True
151,train_t03_dual_length_8:023,train_t03_dual_length_8,T03_P4_LENGTH_TRANSFER,train,transfer,symmetric_dual_gate,scored,True,0.0,0.65,0.01,0.65,2.9458807912957504e-05,2.507417310332e-05,60.0,8.0,300.0,ngspice,-6.1251173517439891e-35,1.0208528919573316e-32,True
152,train_t03_dual_length_8:024,train_t03_dual_length_8,T03_P4_LENGTH_TRANSFER,train,transfer,symmetric_dual_gate,scored,True,0.0,0.7,0.01,0.7,3.133982461461684e-05,2.646616165150177e-05,60.0,8.0,300.0,ngspice,-6.1251173517439891e-35,1.0208528919573316e-32,True
153,train_t03_dual_length_8:025,train_t03_dual_length_8,T03_P4_LENGTH_TRANSFER,train,transfer,symmetric_dual_gate,scored,True,0.0,0.75,0.01,0.75,3.314066144324037e-05,2.7831139881956602e-05,60.0,8.0,300.0,ngspice,-6.1251173517439891e-35,1.0208528919573316e-32,True
154,train_t03_dual_length_8:026,train_t03_dual_length_8,T03_P4_LENGTH_TRANSFER,train,transfer,symmetric_dual_gate,scored,True,0.0,0.8,0.01,0.8,3.486465263346441e-05,2.9171738849738866e-05,60.0,8.0,300.0,ngspice,-6.1251173517439891e-35,1.0208528919573316e-32,True
155,train_t03_dual_length_8:027,train_t03_dual_length_8,T03_P4_LENGTH_TRANSFER,train,transfer,symmetric_dual_gate,scored,True,0.0,0.85,0.01,0.85,3.651532096333443e-05,3.049008772424484e-05,60.0,8.0,300.0,ngspice,-6.1251173517439891e-35,1.0208528919573316e-32,True
156,train_t03_dual_length_8:028,train_t03_dual_length_8,T03_P4_LENGTH_TRANSFER,train,transfer,symmetric_dual_gate,scored,True,0.0,0.9,0.01,0.9,3.809624150379237e-05,3.1787953762134184e-05,60.0,8.0,300.0,ngspice,-6.1251173517439891e-35,1.0208528919573316e-32,True
157,train_t03_dual_length_8:029,train_t03_dual_length_8,T03_P4_LENGTH_TRANSFER,train,transfer,symmetric_dual_gate,scored,True,0.0,0.95,0.01,0.95,3.9610952931529105e-05,3.306683554280524e-05,60.0,8.0,300.0,ngspice,-6.1251173517439891e-35,1.0208528919573316e-32,True
158,train_t03_dual_length_8:030,train_t03_dual_length_8,T03_P4_LENGTH_TRANSFER,train,transfer,symmetric_dual_gate,scored,True,0.0,1.0,0.01,1.0,4.1062900893966666e-05,3.4328026125087066e-05,60.0,8.0,300.0,ngspice,-6.1251173517439891e-35,1.0208528919573316e-32,True
159,train_t03_dual_idvd_vtg_0p3:000,train_t03_dual_idvd_vtg_0p3,T03_P3_V2_OUTPUT,train,output,symmetric_dual_gate,zero_vds_invariant,False,0.0,0.3,0.0,0.0,2.1725029758008892e-20,0.0,60.0,10.0,300.0,ngspice,0,0,True
160,train_t03_dual_idvd_vtg_0p3:001,train_t03_dual_idvd_vtg_0p3,T03_P3_V2_OUTPUT,train,output,symmetric_dual_gate,scored,True,0.0,0.3,0.001,0.001,1.1909575113352843e-06,1.2035740637563145e-06,60.0,10.0,300.0,ngspice,-6.1251173517439902e-36,1.0208528919573316e-33,True
161,train_t03_dual_idvd_vtg_0p3:002,train_t03_dual_idvd_vtg_0p3,T03_P3_V2_OUTPUT,train,output,symmetric_dual_gate,scored,True,0.0,0.3,0.005,0.005,5.874713619601288e-06,5.9549035779372285e-06,60.0,10.0,300.0,ngspice,-3.0625586758719951e-35,5.1042644597866584e-33,True
162,train_t03_dual_idvd_vtg_0p3:003,train_t03_dual_idvd_vtg_0p3,T03_P3_V2_OUTPUT,train,output,symmetric_dual_gate,repeated_low_vds_audit,False,0.0,0.3,0.01,0.01,1.1549445541373129e-05,1.1751126522321948e-05,60.0,10.0,300.0,ngspice,-6.1251173517439891e-35,1.0208528919573316e-32,True
163,train_t03_dual_idvd_vtg_0p3:004,train_t03_dual_idvd_vtg_0p3,T03_P3_V2_OUTPUT,train,output,symmetric_dual_gate,scored,True,0.0,0.3,0.05,0.05,4.982936418406321e-05,5.2130052374358537e-05,60.0,10.0,300.0,ngspice,-3.0625586758719949e-34,5.1042644597866582e-32,True
164,train_t03_dual_idvd_vtg_0p3:005,train_t03_dual_idvd_vtg_0p3,T03_P3_V2_OUTPUT,train,output,symmetric_dual_gate,scored,True,0.0,0.3,0.1,0.1,8.07539005392809e-05,8.627730630372892e-05,60.0,10.0,300.0,ngspice,-6.1251173517439897e-34,1.0208528919573316e-31,True
165,train_t03_dual_idvd_vtg_0p3:006,train_t03_dual_idvd_vtg_0p3,T03_P3_V2_OUTPUT,train,output,symmetric_dual_gate,scored,True,0.0,0.3,0.2,0.2,0.00010113591855379847,0.00010634206084389251,60.0,10.0,300.0,ngspice,-1.2250234703487979e-33,2.0417057839146633e-31,True
166,train_t03_dual_idvd_vtg_1p0:000,train_t03_dual_idvd_vtg_1p0,T03_P3_V2_OUTPUT,train,output,symmetric_dual_gate,zero_vds_invariant,False,0.0,1.0,0.0,0.0,1.4818786161078318e-20,0.0,60.0,10.0,300.0,ngspice,0,0,True
167,train_t03_dual_idvd_vtg_1p0:001,train_t03_dual_idvd_vtg_1p0,T03_P3_V2_OUTPUT,train,output,symmetric_dual_gate,scored,True,0.0,1.0,0.001,0.001,3.6207784098266517e-06,2.7992766578686043e-06,60.0,10.0,300.0,ngspice,-6.1251173517439902e-36,1.0208528919573316e-33,True
168,train_t03_dual_idvd_vtg_1p0:002,train_t03_dual_idvd_vtg_1p0,T03_P3_V2_OUTPUT,train,output,symmetric_dual_gate,scored,True,0.0,1.0,0.005,0.005,1.8044488501709534e-05,1.3952280733419958e-05,60.0,10.0,300.0,ngspice,-3.0625586758719951e-35,5.1042644597866584e-33,True
169,train_t03_dual_idvd_vtg_1p0:003,train_t03_dual_idvd_vtg_1p0,T03_P3_V2_OUTPUT,train,output,symmetric_dual_gate,repeated_low_vds_audit,False,0.0,1.0,0.01,0.01,3.593724333278684e-05,2.7794115026178793e-05,60.0,10.0,300.0,ngspice,-6.1251173517439891e-35,1.0208528919573316e-32,True
170,train_t03_dual_idvd_vtg_1p0:004,train_t03_dual_idvd_vtg_1p0,T03_P3_V2_OUTPUT,train,output,symmetric_dual_gate,scored,True,0.0,1.0,0.05,0.05,0.00017304807063808574,0.00013451334876306043,60.0,10.0,300.0,ngspice,-3.0625586758719949e-34,5.1042644597866582e-32,True
171,train_t03_dual_idvd_vtg_1p0:005,train_t03_dual_idvd_vtg_1p0,T03_P3_V2_OUTPUT,train,output,symmetric_dual_gate,scored,True,0.0,1.0,0.1,0.1,0.00032739095328495867,0.000257671985102474,60.0,10.0,300.0,ngspice,-6.1251173517439897e-34,1.0208528919573316e-31,True
172,train_t03_dual_idvd_vtg_1p0:006,train_t03_dual_idvd_vtg_1p0,T03_P3_V2_OUTPUT,train,output,symmetric_dual_gate,scored,True,0.0,1.0,0.2,0.2,0.0005748690048001235,0.00046825230492225715,60.0,10.0,300.0,ngspice,-1.2250234703487979e-33,2.0417057839146633e-31,True
173,holdout_t01_single_idvd_vgs_0p3:000,holdout_t01_single_idvd_vgs_0p3,T01_D_B_IDVD,holdout,output,single_bottom_gate,zero_vds_invariant,False,0.3,0.0,0.0,0.0,2.2441845460684357e-20,0.0,60.0,10.0,300.0,ngspice,0,0,True
174,holdout_t01_single_idvd_vgs_0p3:001,holdout_t01_single_idvd_vgs_0p3,T01_D_B_IDVD,holdout,output,single_bottom_gate,repeated_low_vds_audit,False,0.3,0.0,0.01,0.01,1.3645454981973548e-05,1.6974831042879512e-05,60.0,10.0,300.0,ngspice,-6.1251173517439891e-35,1.0208528919573316e-32,True
175,holdout_t01_single_idvd_vgs_0p3:002,holdout_t01_single_idvd_vgs_0p3,T01_D_B_IDVD,holdout,output,single_bottom_gate,scored,False,0.3,0.0,0.05,0.05,6.384711963409881e-05,7.942819427275808e-05,60.0,10.0,300.0,ngspice,-3.0625586758719949e-34,5.1042644597866582e-32,True
176,holdout_t01_single_idvd_vgs_0p3:003,holdout_t01_single_idvd_vgs_0p3,T01_D_B_IDVD,holdout,output,single_bottom_gate,scored,False,0.3,0.0,0.1,0.1,0.00011664307015487906,0.00014449563336679306,60.0,10.0,300.0,ngspice,-6.1251173517439897e-34,1.0208528919573316e-31,True
177,holdout_t01_single_idvd_vgs_0p3:004,holdout_t01_single_idvd_vgs_0p3,T01_D_B_IDVD,holdout,output,single_bottom_gate,scored,False,0.3,0.0,0.2,0.2,0.00018944387581659394,0.00022403027310042905,60.0,10.0,300.0,ngspice,-1.2250234703487979e-33,2.0417057839146633e-31,True
178,holdout_t02_dual_secondary_0p0:000,holdout_t02_dual_secondary_0p0,T02_C_DG_TRANSFER,holdout,transfer,symmetric_dual_gate,scored,False,0.0,-0.5,0.01,-0.5,2.100900501789906e-10,1.3721670256760923e-10,60.0,10.0,300.0,ngspice,-6.1251173517439891e-35,1.0208528919573316e-32,True
179,holdout_t02_dual_secondary_0p0:001,holdout_t02_dual_secondary_0p0,T02_C_DG_TRANSFER,holdout,transfer,symmetric_dual_gate,scored,False,0.0,-0.45,0.01,-0.45,4.949974025786057e-10,4.050521079852113e-10,60.0,10.0,300.0,ngspice,-6.1251173517439891e-35,1.0208528919573316e-32,True
180,holdout_t02_dual_secondary_0p0:002,holdout_t02_dual_secondary_0p0,T02_C_DG_TRANSFER,holdout,transfer,symmetric_dual_gate,scored,False,0.0,-0.4,0.01,-0.4,1.1753465341285547e-09,1.1925049618873475e-09,60.0,10.0,300.0,ngspice,-6.1251173517439891e-35,1.0208528919573316e-32,True
181,holdout_t02_dual_secondary_0p0:003,holdout_t02_dual_secondary_0p0,T02_C_DG_TRANSFER,holdout,transfer,symmetric_dual_gate,scored,False,0.0,-0.35,0.01,-0.35,2.814295281036621e-09,3.4935733185365387e-09,60.0,10.0,300.0,ngspice,-6.1251173517439891e-35,1.0208528919573316e-32,True
182,holdout_t02_dual_secondary_0p0:004,holdout_t02_dual_secondary_0p0,T02_C_DG_TRANSFER,holdout,transfer,symmetric_dual_gate,scored,False,0.0,-0.3,0.01,-0.3,6.798036727842041e-09,1.0142492970454956e-08,60.0,10.0,300.0,ngspice,-6.1251173517439891e-35,1.0208528919573316e-32,True
183,holdout_t02_dual_secondary_0p0:005,holdout_t02_dual_secondary_0p0,T02_C_DG_TRANSFER,holdout,transfer,symmetric_dual_gate,scored,False,0.0,-0.25,0.01,-0.25,1.656120898502756e-08,2.8965668020555908e-08,60.0,10.0,300.0,ngspice,-6.1251173517439891e-35,1.0208528919573316e-32,True
184,holdout_t02_dual_secondary_0p0:006,holdout_t02_dual_secondary_0p0,T02_C_DG_TRANSFER,holdout,transfer,symmetric_dual_gate,scored,False,0.0,-0.2,0.01,-0.2,4.061372833270707e-08,8.0352608346769e-08,60.0,10.0,300.0,ngspice,-6.1251173517439891e-35,1.0208528919573316e-32,True
185,holdout_t02_dual_secondary_0p0:007,holdout_t02_dual_secondary_0p0,T02_C_DG_TRANSFER,holdout,transfer,symmetric_dual_gate,scored,False,0.0,-0.15,0.01,-0.15,9.9683793862971e-08,2.1219495476328846e-07,60.0,10.0,300.0,ngspice,-6.1251173517439891e-35,1.0208528919573316e-32,True
186,holdout_t02_dual_secondary_0p0:008,holdout_t02_dual_secondary_0p0,T02_C_DG_TRANSFER,holdout,transfer,symmetric_dual_gate,scored,False,0.0,-0.1,0.01,-0.1,2.4142008492075143e-07,5.184804084579722e-07,60.0,10.0,300.0,ngspice,-6.1251173517439891e-35,1.0208528919573316e-32,True
187,holdout_t02_dual_secondary_0p0:009,holdout_t02_dual_secondary_0p0,T02_C_DG_TRANSFER,holdout,transfer,symmetric_dual_gate,scored,False,0.0,-0.05,0.01,-0.05,5.603609473994763e-07,1.134724741372152e-06,60.0,10.0,300.0,ngspice,-6.1251173517439891e-35,1.0208528919573316e-32,True
188,holdout_t02_dual_secondary_0p0:010,holdout_t02_dual_secondary_0p0,T02_C_DG_TRANSFER,holdout,transfer,symmetric_dual_gate,scored,False,0.0,0.0,0.01,0.0,1.1930966936239798e-06,2.168992862723347e-06,60.0,10.0,300.0,ngspice,-6.1251173517439891e-35,1.0208528919573316e-32,True
189,holdout_t02_dual_secondary_0p0:011,holdout_t02_dual_secondary_0p0,T02_C_DG_TRANSFER,holdout,transfer,symmetric_dual_gate,scored,False,0.0,0.05,0.01,0.05,2.2435594877850616e-06,3.6006507865342937e-06,60.0,10.0,300.0,ngspice,-6.1251173517439891e-35,1.0208528919573316e-32,True
190,holdout_t02_dual_secondary_0p0:012,holdout_t02_dual_secondary_0p0,T02_C_DG_TRANSFER,holdout,transfer,symmetric_dual_gate,scored,False,0.0,0.1,0.01,0.1,3.7004285740787434e-06,5.274630997423847e-06,60.0,10.0,300.0,ngspice,-6.1251173517439891e-35,1.0208528919573316e-32,True
191,holdout_t02_dual_secondary_0p0:013,holdout_t02_dual_secondary_0p0,T02_C_DG_TRANSFER,holdout,transfer,symmetric_dual_gate,scored,False,0.0,0.15,0.01,0.15,5.462041732526014e-06,7.010101155087633e-06,60.0,10.0,300.0,ngspice,-6.1251173517439891e-35,1.0208528919573316e-32,True
192,holdout_t02_dual_secondary_0p0:014,holdout_t02_dual_secondary_0p0,T02_C_DG_TRANSFER,holdout,transfer,symmetric_dual_gate,scored,False,0.0,0.2,0.01,0.2,7.4129566389148655e-06,8.690368442321245e-06,60.0,10.0,300.0,ngspice,-6.1251173517439891e-35,1.0208528919573316e-32,True
193,holdout_t02_dual_secondary_0p0:015,holdout_t02_dual_secondary_0p0,T02_C_DG_TRANSFER,holdout,transfer,symmetric_dual_gate,scored,False,0.0,0.25,0.01,0.25,9.462693911699367e-06,1.027125753382789e-05,60.0,10.0,300.0,ngspice,-6.1251173517439891e-35,1.0208528919573316e-32,True
194,holdout_t02_dual_secondary_0p0:016,holdout_t02_dual_secondary_0p0,T02_C_DG_TRANSFER,holdout,transfer,symmetric_dual_gate,scored,False,0.0,0.3,0.01,0.3,1.1549445541373129e-05,1.1751126522321948e-05,60.0,10.0,300.0,ngspice,-6.1251173517439891e-35,1.0208528919573316e-32,True
195,holdout_t02_dual_secondary_0p0:017,holdout_t02_dual_secondary_0p0,T02_C_DG_TRANSFER,holdout,transfer,symmetric_dual_gate,scored,False,0.0,0.35,0.01,0.35,1.3633155085927829e-05,1.3144364293803441e-05,60.0,10.0,300.0,ngspice,-6.1251173517439891e-35,1.0208528919573316e-32,True
196,holdout_t02_dual_secondary_0p0:018,holdout_t02_dual_secondary_0p0,T02_C_DG_TRANSFER,holdout,transfer,symmetric_dual_gate,scored,False,0.0,0.4,0.01,0.4,1.5688469780507118e-05,1.4467775633109705e-05,60.0,10.0,300.0,ngspice,-6.1251173517439891e-35,1.0208528919573316e-32,True
197,holdout_t02_dual_secondary_0p0:019,holdout_t02_dual_secondary_0p0,T02_C_DG_TRANSFER,holdout,transfer,symmetric_dual_gate,scored,False,0.0,0.45,0.01,0.45,1.7699657872945472e-05,1.5735684095559203e-05,60.0,10.0,300.0,ngspice,-6.1251173517439891e-35,1.0208528919573316e-32,True
198,holdout_t02_dual_secondary_0p0:020,holdout_t02_dual_secondary_0p0,T02_C_DG_TRANSFER,holdout,transfer,symmetric_dual_gate,scored,False,0.0,0.5,0.01,0.5,1.9657256978320098e-05,1.6959020240565102e-05,60.0,10.0,300.0,ngspice,-6.1251173517439891e-35,1.0208528919573316e-32,True
199,holdout_t02_dual_secondary_0p0:021,holdout_t02_dual_secondary_0p0,T02_C_DG_TRANSFER,holdout,transfer,symmetric_dual_gate,scored,False,0.0,0.55,0.01,0.55,2.155591042715182e-05,1.8145782437269865e-05,60.0,10.0,300.0,ngspice,-6.1251173517439891e-35,1.0208528919573316e-32,True
200,holdout_t02_dual_secondary_0p0:022,holdout_t02_dual_secondary_0p0,T02_C_DG_TRANSFER,holdout,transfer,symmetric_dual_gate,scored,False,0.0,0.6,0.01,0.6,2.3392967118617238e-05,1.930177435857777e-05,60.0,10.0,300.0,ngspice,-6.1251173517439891e-35,1.0208528919573316e-32,True
201,holdout_t02_dual_secondary_0p0:023,holdout_t02_dual_secondary_0p0,T02_C_DG_TRANSFER,holdout,transfer,symmetric_dual_gate,scored,False,0.0,0.65,0.01,0.65,2.5167565654034624e-05,2.043125334733707e-05,60.0,10.0,300.0,ngspice,-6.1251173517439891e-35,1.0208528919573316e-32,True
202,holdout_t02_dual_secondary_0p0:024,holdout_t02_dual_secondary_0p0,T02_C_DG_TRANSFER,holdout,transfer,symmetric_dual_gate,scored,False,0.0,0.7,0.01,0.7,2.6880027442442047e-05,2.1537412695858997e-05,60.0,10.0,300.0,ngspice,-6.1251173517439891e-35,1.0208528919573316e-32,True
203,holdout_t02_dual_secondary_0p0:025,holdout_t02_dual_secondary_0p0,T02_C_DG_TRANSFER,holdout,transfer,symmetric_dual_gate,scored,False,0.0,0.75,0.01,0.75,2.8531449490519663e-05,2.262271544284381e-05,60.0,10.0,300.0,ngspice,-6.1251173517439891e-35,1.0208528919573316e-32,True
204,holdout_t02_dual_secondary_0p0:026,holdout_t02_dual_secondary_0p0,T02_C_DG_TRANSFER,holdout,transfer,symmetric_dual_gate,scored,False,0.0,0.8,0.01,0.8,3.012342820263873e-05,2.3689117800742468e-05,60.0,10.0,300.0,ngspice,-6.1251173517439891e-35,1.0208528919573316e-32,True
205,holdout_t02_dual_secondary_0p0:027,holdout_t02_dual_secondary_0p0,T02_C_DG_TRANSFER,holdout,transfer,symmetric_dual_gate,scored,False,0.0,0.85,0.01,0.85,3.165787043737322e-05,2.4738216837247643e-05,60.0,10.0,300.0,ngspice,-6.1251173517439891e-35,1.0208528919573316e-32,True
206,holdout_t02_dual_secondary_0p0:028,holdout_t02_dual_secondary_0p0,T02_C_DG_TRANSFER,holdout,transfer,symmetric_dual_gate,scored,False,0.0,0.9,0.01,0.9,3.313686350180507e-05,2.5771348199953708e-05,60.0,10.0,300.0,ngspice,-6.1251173517439891e-35,1.0208528919573316e-32,True
207,holdout_t02_dual_secondary_0p0:029,holdout_t02_dual_secondary_0p0,T02_C_DG_TRANSFER,holdout,transfer,symmetric_dual_gate,scored,False,0.0,0.95,0.01,0.95,3.456258546147611e-05,2.678965151898467e-05,60.0,10.0,300.0,ngspice,-6.1251173517439891e-35,1.0208528919573316e-32,True
208,holdout_t02_dual_secondary_0p0:030,holdout_t02_dual_secondary_0p0,T02_C_DG_TRANSFER,holdout,transfer,symmetric_dual_gate,scored,False,0.0,1.0,0.01,1.0,3.593724333278673e-05,2.7794115026178793e-05,60.0,10.0,300.0,ngspice,-6.1251173517439891e-35,1.0208528919573316e-32,True
209,holdout_t03_dual_length_12:000,holdout_t03_dual_length_12,T03_P4_LENGTH_TRANSFER,holdout,transfer,symmetric_dual_gate,scored,False,0.0,-0.5,0.01,-0.5,1.7366148211813934e-10,1.5335836716175886e-10,60.0,12.0,300.0,ngspice,-6.1251173517439891e-35,1.0208528919573316e-32,True
210,holdout_t03_dual_length_12:001,holdout_t03_dual_length_12,T03_P4_LENGTH_TRANSFER,holdout,transfer,symmetric_dual_gate,scored,False,0.0,-0.45,0.01,-0.45,4.092304828468362e-10,4.524446104765001e-10,60.0,12.0,300.0,ngspice,-6.1251173517439891e-35,1.0208528919573316e-32,True
211,holdout_t03_dual_length_12:002,holdout_t03_dual_length_12,T03_P4_LENGTH_TRANSFER,holdout,transfer,symmetric_dual_gate,scored,False,0.0,-0.4,0.01,-0.4,9.718744263682928e-10,1.3306319177745126e-09,60.0,12.0,300.0,ngspice,-6.1251173517439891e-35,1.0208528919573316e-32,True
212,holdout_t03_dual_length_12:003,holdout_t03_dual_length_12,T03_P4_LENGTH_TRANSFER,holdout,transfer,symmetric_dual_gate,scored,False,0.0,-0.35,0.01,-0.35,2.327609434967008e-09,3.8906691797580445e-09,60.0,12.0,300.0,ngspice,-6.1251173517439891e-35,1.0208528919573316e-32,True
213,holdout_t03_dual_length_12:004,holdout_t03_dual_length_12,T03_P4_LENGTH_TRANSFER,holdout,transfer,symmetric_dual_gate,scored,False,0.0,-0.3,0.01,-0.3,5.623996796098861e-09,1.1255348601298567e-08,60.0,12.0,300.0,ngspice,-6.1251173517439891e-35,1.0208528919573316e-32,True
214,holdout_t03_dual_length_12:005,holdout_t03_dual_length_12,T03_P4_LENGTH_TRANSFER,holdout,transfer,symmetric_dual_gate,scored,False,0.0,-0.25,0.01,-0.25,1.3706056029756359e-08,3.1940309567587695e-08,60.0,12.0,300.0,ngspice,-6.1251173517439891e-35,1.0208528919573316e-32,True
215,holdout_t03_dual_length_12:006,holdout_t03_dual_length_12,T03_P4_LENGTH_TRANSFER,holdout,transfer,symmetric_dual_gate,scored,False,0.0,-0.2,0.01,-0.2,3.3628843007135216e-08,8.76359189587937e-08,60.0,12.0,300.0,ngspice,-6.1251173517439891e-35,1.0208528919573316e-32,True
216,holdout_t03_dual_length_12:007,holdout_t03_dual_length_12,T03_P4_LENGTH_TRANSFER,holdout,transfer,symmetric_dual_gate,scored,False,0.0,-0.15,0.01,-0.15,8.259986969227971e-08,2.2731421191888148e-07,60.0,12.0,300.0,ngspice,-6.1251173517439891e-35,1.0208528919573316e-32,True
217,holdout_t03_dual_length_12:008,holdout_t03_dual_length_12,T03_P4_LENGTH_TRANSFER,holdout,transfer,symmetric_dual_gate,scored,False,0.0,-0.1,0.01,-0.1,2.0026369685208834e-07,5.407917796110472e-07,60.0,12.0,300.0,ngspice,-6.1251173517439891e-35,1.0208528919573316e-32,True
218,holdout_t03_dual_length_12:009,holdout_t03_dual_length_12,T03_P4_LENGTH_TRANSFER,holdout,transfer,symmetric_dual_gate,scored,False,0.0,-0.05,0.01,-0.05,4.6560050677389083e-07,1.1430319431773505e-06,60.0,12.0,300.0,ngspice,-6.1251173517439891e-35,1.0208528919573316e-32,True
219,holdout_t03_dual_length_12:010,holdout_t03_dual_length_12,T03_P4_LENGTH_TRANSFER,holdout,transfer,symmetric_dual_gate,scored,False,0.0,0.0,0.01,0.0,9.93699222687549e-07,2.1020394264573686e-06,60.0,12.0,300.0,ngspice,-6.1251173517439891e-35,1.0208528919573316e-32,True
220,holdout_t03_dual_length_12:011,holdout_t03_dual_length_12,T03_P4_LENGTH_TRANSFER,holdout,transfer,symmetric_dual_gate,scored,False,0.0,0.05,0.01,0.05,1.8744278735512749e-06,3.365445340306581e-06,60.0,12.0,300.0,ngspice,-6.1251173517439891e-35,1.0208528919573316e-32,True
221,holdout_t03_dual_length_12:012,holdout_t03_dual_length_12,T03_P4_LENGTH_TRANSFER,holdout,transfer,symmetric_dual_gate,scored,False,0.0,0.1,0.01,0.1,3.1029068949510158e-06,4.787725995253797e-06,60.0,12.0,300.0,ngspice,-6.1251173517439891e-35,1.0208528919573316e-32,True
222,holdout_t03_dual_length_12:013,holdout_t03_dual_length_12,T03_P4_LENGTH_TRANSFER,holdout,transfer,symmetric_dual_gate,scored,False,0.0,0.15,0.01,0.15,4.598149366278468e-06,6.228233397779162e-06,60.0,12.0,300.0,ngspice,-6.1251173517439891e-35,1.0208528919573316e-32,True
223,holdout_t03_dual_length_12:014,holdout_t03_dual_length_12,T03_P4_LENGTH_TRANSFER,holdout,transfer,symmetric_dual_gate,scored,False,0.0,0.2,0.01,0.2,6.265774215159038e-06,7.607663137535304e-06,60.0,12.0,300.0,ngspice,-6.1251173517439891e-35,1.0208528919573316e-32,True
224,holdout_t03_dual_length_12:015,holdout_t03_dual_length_12,T03_P4_LENGTH_TRANSFER,holdout,transfer,symmetric_dual_gate,scored,False,0.0,0.25,0.01,0.25,8.030591866153184e-06,8.901525419749423e-06,60.0,12.0,300.0,ngspice,-6.1251173517439891e-35,1.0208528919573316e-32,True
225,holdout_t03_dual_length_12:016,holdout_t03_dual_length_12,T03_P4_LENGTH_TRANSFER,holdout,transfer,symmetric_dual_gate,scored,False,0.0,0.3,0.01,0.3,9.840342436504922e-06,1.0113788214077056e-05,60.0,12.0,300.0,ngspice,-6.1251173517439891e-35,1.0208528919573316e-32,True
226,holdout_t03_dual_length_12:017,holdout_t03_dual_length_12,T03_P4_LENGTH_TRANSFER,holdout,transfer,symmetric_dual_gate,scored,False,0.0,0.35,0.01,0.35,1.1660418323976326e-05,1.1257718114582966e-05,60.0,12.0,300.0,ngspice,-6.1251173517439891e-35,1.0208528919573316e-32,True
227,holdout_t03_dual_length_12:018,holdout_t03_dual_length_12,T03_P4_LENGTH_TRANSFER,holdout,transfer,symmetric_dual_gate,scored,False,0.0,0.4,0.01,0.4,1.346828239310047e-05,1.234696611361206e-05,60.0,12.0,300.0,ngspice,-6.1251173517439891e-35,1.0208528919573316e-32,True
228,holdout_t03_dual_length_12:019,holdout_t03_dual_length_12,T03_P4_LENGTH_TRANSFER,holdout,transfer,symmetric_dual_gate,scored,False,0.0,0.45,0.01,0.45,1.5249391780405245e-05,1.3392703385428724e-05,60.0,12.0,300.0,ngspice,-6.1251173517439891e-35,1.0208528919573316e-32,True
229,holdout_t03_dual_length_12:020,holdout_t03_dual_length_12,T03_P4_LENGTH_TRANSFER,holdout,transfer,symmetric_dual_gate,scored,False,0.0,0.5,0.01,0.5,1.699448748516324e-05,1.4403319349166676e-05,60.0,12.0,300.0,ngspice,-6.1251173517439891e-35,1.0208528919573316e-32,True
230,holdout_t03_dual_length_12:021,holdout_t03_dual_length_12,T03_P4_LENGTH_TRANSFER,holdout,transfer,symmetric_dual_gate,scored,False,0.0,0.55,0.01,0.55,1.8697831017357586e-05,1.538492342563306e-05,60.0,12.0,300.0,ngspice,-6.1251173517439891e-35,1.0208528919573316e-32,True
231,holdout_t03_dual_length_12:022,holdout_t03_dual_length_12,T03_P4_LENGTH_TRANSFER,holdout,transfer,symmetric_dual_gate,scored,False,0.0,0.6,0.01,0.6,2.0356053537412543e-05,1.6341955051180713e-05,60.0,12.0,300.0,ngspice,-6.1251173517439891e-35,1.0208528919573316e-32,True
232,holdout_t03_dual_length_12:023,holdout_t03_dual_length_12,T03_P4_LENGTH_TRANSFER,holdout,transfer,symmetric_dual_gate,scored,False,0.0,0.65,0.01,0.65,2.1967395560481852e-05,1.727768771303372e-05,60.0,12.0,300.0,ngspice,-6.1251173517439891e-35,1.0208528919573316e-32,True
233,holdout_t03_dual_length_12:024,holdout_t03_dual_length_12,T03_P4_LENGTH_TRANSFER,holdout,transfer,symmetric_dual_gate,scored,False,0.0,0.7,0.01,0.7,2.3531197208522345e-05,1.8194594522077306e-05,60.0,12.0,300.0,ngspice,-6.1251173517439891e-35,1.0208528919573316e-32,True
234,holdout_t03_dual_length_12:025,holdout_t03_dual_length_12,T03_P4_LENGTH_TRANSFER,holdout,transfer,symmetric_dual_gate,scored,False,0.0,0.75,0.01,0.75,2.5047551390058415e-05,1.9094598261140284e-05,60.0,12.0,300.0,ngspice,-6.1251173517439891e-35,1.0208528919573316e-32,True
235,holdout_t03_dual_length_12:026,holdout_t03_dual_length_12,T03_P4_LENGTH_TRANSFER,holdout,transfer,symmetric_dual_gate,scored,False,0.0,0.8,0.01,0.8,2.6517064646284006e-05,1.9979237909306072e-05,60.0,12.0,300.0,ngspice,-6.1251173517439891e-35,1.0208528919573316e-32,True
236,holdout_t03_dual_length_12:027,holdout_t03_dual_length_12,T03_P4_LENGTH_TRANSFER,holdout,transfer,symmetric_dual_gate,scored,False,0.0,0.85,0.01,0.85,2.7940690314135278e-05,2.084977861645127e-05,60.0,12.0,300.0,ngspice,-6.1251173517439891e-35,1.0208528919573316e-32,True
237,holdout_t03_dual_length_12:028,holdout_t03_dual_length_12,T03_P4_LENGTH_TRANSFER,holdout,transfer,symmetric_dual_gate,scored,False,0.0,0.9,0.01,0.9,2.9319611021444113e-05,2.170728463405191e-05,60.0,12.0,300.0,ngspice,-6.1251173517439891e-35,1.0208528919573316e-32,True
238,holdout_t03_dual_length_12:029,holdout_t03_dual_length_12,T03_P4_LENGTH_TRANSFER,holdout,transfer,symmetric_dual_gate,scored,False,0.0,0.95,0.01,0.95,3.0655155317665566e-05,2.2552668345069277e-05,60.0,12.0,300.0,ngspice,-6.1251173517439891e-35,1.0208528919573316e-32,True
239,holdout_t03_dual_length_12:030,holdout_t03_dual_length_12,T03_P4_LENGTH_TRANSFER,holdout,transfer,symmetric_dual_gate,scored,False,0.0,1.0,0.01,1.0,3.194873822982398e-05,2.3386723924176812e-05,60.0,12.0,300.0,ngspice,-6.1251173517439891e-35,1.0208528919573316e-32,True
240,holdout_t03_dual_idvd_vtg_0p5:000,holdout_t03_dual_idvd_vtg_0p5,T03_P3_V2_OUTPUT,holdout,output,symmetric_dual_gate,zero_vds_invariant,False,0.0,0.5,0.0,0.0,5.155559092319382e-21,0.0,60.0,10.0,300.0,ngspice,0,0,True
241,holdout_t03_dual_idvd_vtg_0p5:001,holdout_t03_dual_idvd_vtg_0p5,T03_P3_V2_OUTPUT,holdout,output,symmetric_dual_gate,scored,False,0.0,0.5,0.001,0.001,1.99945182847e-06,1.7198453108538461e-06,60.0,10.0,300.0,ngspice,-6.1251173517439902e-36,1.0208528919573316e-33,True
242,holdout_t03_dual_idvd_vtg_0p5:002,holdout_t03_dual_idvd_vtg_0p5,T03_P3_V2_OUTPUT,holdout,output,symmetric_dual_gate,scored,False,0.0,0.5,0.005,0.005,9.922457253554767e-06,8.54613714457153e-06,60.0,10.0,300.0,ngspice,-3.0625586758719951e-35,5.1042644597866584e-33,True
243,holdout_t03_dual_idvd_vtg_0p5:003,holdout_t03_dual_idvd_vtg_0p5,T03_P3_V2_OUTPUT,holdout,output,symmetric_dual_gate,repeated_low_vds_audit,False,0.0,0.5,0.01,0.01,1.9657256978320115e-05,1.6959020240565102e-05,60.0,10.0,300.0,ngspice,-6.1251173517439891e-35,1.0208528919573316e-32,True
244,holdout_t03_dual_idvd_vtg_0p5:004,holdout_t03_dual_idvd_vtg_0p5,T03_P3_V2_OUTPUT,holdout,output,symmetric_dual_gate,scored,False,0.0,0.5,0.05,0.05,9.067971695069719e-05,7.934672050470742e-05,60.0,10.0,300.0,ngspice,-3.0625586758719949e-34,5.1042644597866582e-32,True
245,holdout_t03_dual_idvd_vtg_0p5:005,holdout_t03_dual_idvd_vtg_0p5,T03_P3_V2_OUTPUT,holdout,output,symmetric_dual_gate,scored,False,0.0,0.5,0.1,0.1,0.00016211488987265382,0.00014432448744104516,60.0,10.0,300.0,ngspice,-6.1251173517439897e-34,1.0208528919573316e-31,True
246,holdout_t03_dual_idvd_vtg_0p5:006,holdout_t03_dual_idvd_vtg_0p5,T03_P3_V2_OUTPUT,holdout,output,symmetric_dual_gate,scored,False,0.0,0.5,0.2,0.2,0.00024920906228584637,0.0002236437898220726,60.0,10.0,300.0,ngspice,-1.2250234703487979e-33,2.0417057839146633e-31,True
