family_id,primary_gate,secondary_gate,sweep_direction,sweep_index,mesh_level,stage_id,mode_id,primary_gate_v,fixed_secondary_gate_v,vbg_v,vtg_v,vds_v,source_current_a_per_cm,drain_current_a_per_cm,source_current_terminal_a,drain_current_terminal_a,current_imbalance_a_per_cm,relative_current_imbalance,center_channel_potential_v,center_channel_electron_density_cm3,solve_seconds,converged
top_primary,top_gate,bottom_gate,forward,0,interface_4x,T03_P1_SECONDARY_BIAS,enabled_symmetric_teaching_top_stack,-0.5,-0.4,-0.4,-0.5,0.01,-5.0670106870836396e-14,5.0670106870851586e-14,-3.040206412250184e-16,3.040206412251095e-16,1.5190305590935803e-26,2.997883077225984e-13,-0.4391173774166218,352551596.66328317,0.049935158998778206,True
top_primary,top_gate,bottom_gate,forward,1,interface_4x,T03_P1_SECONDARY_BIAS,enabled_symmetric_teaching_top_stack,-0.45,-0.4,-0.4,-0.45,0.01,-1.30451276765247e-13,1.3045127676526736e-13,-7.82707660591482e-16,7.827076605916041e-16,2.037154401642741e-26,1.561620899508998e-13,-0.41411737802881843,927264916.2906835,0.037865922999117174,True
top_primary,top_gate,bottom_gate,forward,2,interface_4x,T03_P1_SECONDARY_BIAS,enabled_symmetric_teaching_top_stack,-0.4,-0.4,-0.4,-0.4,0.01,-3.4055937786550077e-13,3.405593778654154e-13,-2.0433562671930045e-15,2.0433562671924926e-15,-8.537368260663878e-26,2.506866295731722e-13,-0.38911737964159127,2438848816.601215,0.03870935400118469,True
top_primary,top_gate,bottom_gate,forward,3,interface_4x,T03_P1_SECONDARY_BIAS,enabled_symmetric_teaching_top_stack,-0.35,-0.4,-0.4,-0.35,0.01,-9.016392826536446e-13,9.016392826541098e-13,-5.409835695921868e-15,5.409835695924659e-15,4.651881203652098e-25,5.159359505675697e-13,-0.36411738394633075,6414543949.523472,0.030780717999732587,True
top_primary,top_gate,bottom_gate,forward,4,interface_4x,T03_P1_SECONDARY_BIAS,enabled_symmetric_teaching_top_stack,-0.3,-0.4,-0.4,-0.3,0.01,-2.4205511115866053e-12,2.4205511115862886e-12,-1.452330666951963e-14,1.4523306669517732e-14,-3.166550782429559e-25,1.3081941411077956e-13,-0.3391173955854824,16871217720.79589,0.03891423200002464,True
top_primary,top_gate,bottom_gate,forward,5,interface_4x,T03_P1_SECONDARY_BIAS,enabled_symmetric_teaching_top_stack,-0.25,-0.4,-0.4,-0.25,0.01,-6.5869595084200946e-12,6.5869595084211625e-12,-3.952175705052057e-14,3.9521757050526974e-14,1.0679030955030299e-24,1.6212382877680647e-13,-0.31411742745174553,44373791702.00705,0.040273688000525,True
top_primary,top_gate,bottom_gate,forward,6,interface_4x,T03_P1_SECONDARY_BIAS,enabled_symmetric_teaching_top_stack,-0.2,-0.4,-0.4,-0.2,0.01,-1.815953895427257e-11,1.8159538961333666e-11,-1.0895723372563543e-13,1.0895723376800199e-13,7.061094820913942e-21,3.8883667894591544e-10,-0.2891175157488353,116709287048.23314,0.040433881998978904,True
top_primary,top_gate,bottom_gate,forward,7,interface_4x,T03_P1_SECONDARY_BIAS,enabled_symmetric_teaching_top_stack,-0.15,-0.4,-0.4,-0.15,0.01,-5.0682722775230465e-11,5.068272277523525e-11,-3.040963366513828e-13,3.040963366514115e-13,4.782137916322191e-24,9.4354400364987e-14,-0.264117763197617,306959565692.08923,0.042198522000035155,True
top_primary,top_gate,bottom_gate,forward,8,interface_4x,T03_P1_SECONDARY_BIAS,enabled_symmetric_teaching_top_stack,-0.1,-0.4,-0.4,-0.1,0.01,-1.4307975463290917e-10,1.4307975463295285e-10,-8.58478527797455e-13,8.584785277977171e-13,4.3685476100456774e-23,3.0532255393171836e-13,-0.23911846404982526,807325298805.5093,0.04217429199889011,True
top_primary,top_gate,bottom_gate,forward,9,interface_4x,T03_P1_SECONDARY_BIAS,enabled_symmetric_teaching_top_stack,-0.05,-0.4,-0.4,-0.05,0.01,-4.0816799308481695e-10,4.081679930776336e-10,-2.449007958508902e-12,2.4490079584658017e-12,-7.183339836987061e-21,1.7598978750630185e-11,-0.2141204685898618,2123208641106.2966,0.037294341000233544,True
top_primary,top_gate,bottom_gate,forward,10,interface_4x,T03_P1_SECONDARY_BIAS,enabled_symmetric_teaching_top_stack,0.0,-0.4,-0.4,0.0,0.01,-1.1753465341277203e-09,1.175346534139122e-09,-7.052079204766322e-12,7.052079204834732e-12,1.1401650768277795e-20,9.700671620756418e-12,-0.18912625287061113,5583036541237.609,0.03900297500149463,True
top_primary,top_gate,bottom_gate,forward,11,interface_4x,T03_P1_SECONDARY_BIAS,enabled_symmetric_teaching_top_stack,0.05,-0.4,-0.4,0.05,0.01,-3.411721995438875e-09,3.411721995419046e-09,-2.047033197263325e-11,2.0470331972514277e-11,-1.9828760053814903e-20,5.8119507041675545e-12,-0.16414307259772826,14674270332019.928,0.03939408199948957,True
top_primary,top_gate,bottom_gate,forward,12,interface_4x,T03_P1_SECONDARY_BIAS,enabled_symmetric_teaching_top_stack,0.1,-0.4,-0.4,0.1,0.01,-9.962931106680718e-09,9.962931106677095e-09,-5.977758664008432e-11,5.977758664006258e-11,-3.623051082982261e-21,3.6365313020711317e-13,-0.1391922635339008,38519722570382.4,0.039467059999878984,True
top_primary,top_gate,bottom_gate,forward,13,interface_4x,T03_P1_SECONDARY_BIAS,enabled_symmetric_teaching_top_stack,0.15,-0.4,-0.4,0.15,0.01,-2.9154881322031025e-08,2.915488132204154e-08,-1.7492928793218614e-10,1.7492928793224924e-10,1.0515119946774088e-20,3.6066413135506386e-13,-0.11433635189011221,100733836994759.62,0.03886052300003939,True
top_primary,top_gate,bottom_gate,forward,14,interface_4x,T03_P1_SECONDARY_BIAS,enabled_symmetric_teaching_top_stack,0.2,-0.4,-0.4,0.2,0.01,-8.471756336804317e-08,8.471756336805487e-08,-5.08305380208259e-10,5.083053802083292e-10,1.1699642583950023e-20,1.381017361550049e-13,-0.0897545716757207,260590360092552.4,0.03822540900000604,True
top_primary,top_gate,bottom_gate,forward,15,interface_4x,T03_P1_SECONDARY_BIAS,enabled_symmetric_teaching_top_stack,0.25,-0.4,-0.4,0.25,0.01,-2.390440661156313e-07,2.390440661156421e-07,-1.434264396693788e-09,1.4342643966938527e-09,1.079967007749233e-20,4.517857419756148e-14,-0.06592470052590005,654428307485042.1,0.046222260998547426,True
top_primary,top_gate,bottom_gate,forward,16,interface_4x,T03_P1_SECONDARY_BIAS,enabled_symmetric_teaching_top_stack,0.3,-0.4,-0.4,0.3,0.01,-6.248556957008031e-07,6.248556957008021e-07,-3.749134174204819e-09,3.749134174204813e-09,-1.0587911840678754e-21,1.6944571224247137e-15,-0.04389525570063449,1531328856224678.2,0.045700491000388865,True
top_primary,top_gate,bottom_gate,forward,17,interface_4x,T03_P1_SECONDARY_BIAS,enabled_symmetric_teaching_top_stack,0.35,-0.4,-0.4,0.35,0.01,-1.4167540490071869e-06,1.416754049007224e-06,-8.500524294043122e-09,8.500524294043343e-09,3.705769144237564e-20,2.615675703792302e-14,-0.025163070256531382,3150941328863176.0,0.0483167330003198,True
top_primary,top_gate,bottom_gate,forward,18,interface_4x,T03_P1_SECONDARY_BIAS,enabled_symmetric_teaching_top_stack,0.4,-0.4,-0.4,0.4,0.01,-2.682047435020928e-06,2.68204743502091e-06,-1.6092284610125568e-08,1.609228461012546e-08,-1.8211208365967457e-20,6.790039627254152e-15,-0.010611105838642025,5515021334061416.0,0.04476651099867013,True
top_primary,top_gate,bottom_gate,forward,19,interface_4x,T03_P1_SECONDARY_BIAS,enabled_symmetric_teaching_top_stack,0.45,-0.4,-0.4,0.45,0.01,-4.314165138619244e-06,4.3141651386191714e-06,-2.5884990831715465e-08,2.5884990831715028e-08,-7.284483346386983e-20,1.6885035950938107e-14,0.00015323531433007514,8342916758824046.0,0.045623148000231595,True
top_primary,top_gate,bottom_gate,forward,20,interface_4x,T03_P1_SECONDARY_BIAS,enabled_symmetric_teaching_top_stack,0.5,-0.4,-0.4,0.5,0.01,-6.151552088611305e-06,6.151552088611102e-06,-3.690931253166783e-08,3.690931253166661e-08,-2.0328790734103208e-19,3.304660424112961e-14,0.008106945957600396,1.132898649408056e+16,0.039195549999931245,True
top_primary,top_gate,bottom_gate,forward,21,interface_4x,T03_P1_SECONDARY_BIAS,enabled_symmetric_teaching_top_stack,0.55,-0.4,-0.4,0.55,0.01,-8.070844667847545e-06,8.070844667847702e-06,-4.842506800708527e-08,4.842506800708621e-08,1.5754812818929986e-19,1.9520649284322568e-14,0.014118549886961507,1.4277982847318532e+16,0.04172396299873071,True
top_primary,top_gate,bottom_gate,forward,22,interface_4x,T03_P1_SECONDARY_BIAS,enabled_symmetric_teaching_top_stack,0.6,-0.4,-0.4,0.6,0.01,-9.997120476855949e-06,9.997120476856045e-06,-5.998272286113569e-08,5.998272286113627e-08,9.656175598699024e-20,9.658956917698121e-15,0.01879158629661207,1.709237160916475e+16,0.04417691699927673,True
top_primary,top_gate,bottom_gate,forward,23,interface_4x,T03_P1_SECONDARY_BIAS,enabled_symmetric_teaching_top_stack,0.65,-0.4,-0.4,0.65,0.01,-1.1888642369188673e-05,1.1888642369188466e-05,-7.133185421513204e-08,7.13318542151308e-08,-2.0667603913004928e-19,1.7384326377390528e-14,0.022520619289589032,1.973204792003858e+16,0.03858610600036627,True
top_primary,top_gate,bottom_gate,forward,24,interface_4x,T03_P1_SECONDARY_BIAS,enabled_symmetric_teaching_top_stack,0.7,-0.4,-0.4,0.7,0.01,-1.3723287490349632e-05,1.3723287490349964e-05,-8.23397249420978e-08,8.233972494209978e-08,3.3203691532368573e-19,2.4195143879130256e-14,0.025564321534377696,2.2186517620718816e+16,0.04239328800031217,True
top_primary,top_gate,bottom_gate,forward,25,interface_4x,T03_P1_SECONDARY_BIAS,enabled_symmetric_teaching_top_stack,0.75,-0.4,-0.4,0.75,0.01,-1.5490128461903555e-05,1.549012846190396e-05,-9.294077077142133e-08,9.294077077142375e-08,4.0318768289304696e-19,2.602868555187498e-14,0.028096324382141713,2.4459648843744548e+16,0.03923300199858204,True
top_primary,top_gate,bottom_gate,forward,26,interface_4x,T03_P1_SECONDARY_BIAS,enabled_symmetric_teaching_top_stack,0.8,-0.4,-0.4,0.8,0.01,-1.7184615992613837e-05,1.718461599261438e-05,-1.0310769595568303e-07,1.0310769595568628e-07,5.421010862427522e-19,3.15457201066196e-14,0.03023656032766828,2.656181675039121e+16,0.04250440899886598,True
top_primary,top_gate,bottom_gate,forward,27,interface_4x,T03_P1_SECONDARY_BIAS,enabled_symmetric_teaching_top_stack,0.85,-0.4,-0.4,0.85,0.01,-1.8805847403667213e-05,1.880584740366827e-05,-1.1283508442200328e-07,1.1283508442200962e-07,1.0570971181733668e-18,5.621108666271372e-14,0.03207022713436514,2.850592573931042e+16,0.04466881000007561,True
top_primary,top_gate,bottom_gate,forward,28,interface_4x,T03_P1_SECONDARY_BIAS,enabled_symmetric_teaching_top_stack,0.9,-0.4,-0.4,0.9,0.01,-2.0354998027730306e-05,2.0354998027730763e-05,-1.2212998816638184e-07,1.221299881663846e-07,4.573977915173222e-19,2.2471030991709424e-14,0.03365942099550988,3.030541881928021e+16,0.03951127700020152,True
top_primary,top_gate,bottom_gate,forward,29,interface_4x,T03_P1_SECONDARY_BIAS,enabled_symmetric_teaching_top_stack,0.95,-0.4,-0.4,0.95,0.01,-2.1834404241991858e-05,2.1834404241991753e-05,-1.3100642545195114e-07,1.3100642545195053e-07,-1.0503208545953324e-19,4.810393922154096e-15,0.035050448022240645,3.197330845562752e+16,0.037889541999902576,True
top_primary,top_gate,bottom_gate,forward,30,interface_4x,T03_P1_SECONDARY_BIAS,enabled_symmetric_teaching_top_stack,1.0,-0.4,-0.4,1.0,0.01,-2.3247018675229507e-05,2.324701867522862e-05,-1.3948211205137704e-07,1.3948211205137171e-07,-8.876905287225068e-19,3.8185134236949334e-14,0.036278544613616244,3.3521736365988784e+16,0.043170841001483495,True
top_primary,top_gate,bottom_gate,forward,0,interface_4x,T03_P1_SECONDARY_BIAS,enabled_symmetric_teaching_top_stack,-0.5,-0.2,-0.2,-0.5,0.01,-2.9978673583193913e-12,2.9978673618514873e-12,-1.7987204149916347e-14,1.7987204171108925e-14,3.532095950724807e-21,1.1782028770423584e-09,-0.3391173997450324,16871204733.287018,0.04092263600068691,True
top_primary,top_gate,bottom_gate,forward,1,interface_4x,T03_P1_SECONDARY_BIAS,enabled_symmetric_teaching_top_stack,-0.45,-0.2,-0.2,-0.45,0.01,-7.335954402303359e-12,7.335954402301783e-12,-4.401572641382015e-14,4.40157264138107e-14,-1.5751974555453164e-24,2.1472290709041657e-13,-0.31411743285300664,44373764842.78467,0.03929197899924475,True
top_primary,top_gate,bottom_gate,forward,2,interface_4x,T03_P1_SECONDARY_BIAS,enabled_symmetric_teaching_top_stack,-0.4,-0.2,-0.2,-0.4,0.01,-1.8159538954285606e-11,1.8159538947224388e-11,-1.0895723372571363e-13,1.0895723368334633e-13,-7.061217605536117e-21,3.888434405362306e-10,-0.2891175157488353,116709287048.2149,0.03792393900039315,True
top_primary,top_gate,bottom_gate,forward,3,interface_4x,T03_P1_SECONDARY_BIAS,enabled_symmetric_teaching_top_stack,-0.35,-0.2,-0.2,-0.35,0.01,-4.550936634545786e-11,4.5509366359573896e-11,-2.7305619807274715e-13,2.730561981574434e-13,1.411603748602202e-20,3.1017873056042674e-10,-0.26411772583448323,306960228778.36975,0.038532173000930925,True
top_primary,top_gate,bottom_gate,forward,4,interface_4x,T03_P1_SECONDARY_BIAS,enabled_symmetric_teaching_top_stack,-0.3,-0.2,-0.2,-0.3,0.01,-1.1554028787614687e-10,1.1554028787612207e-10,-6.932417272568813e-13,6.932417272567325e-13,-2.480249367951969e-23,2.1466532700789754e-13,-0.239118265014593,807333149427.6644,0.036707896999359946,True
top_primary,top_gate,bottom_gate,forward,5,interface_4x,T03_P1_SECONDARY_BIAS,enabled_symmetric_teaching_top_stack,-0.25,-0.2,-0.2,-0.25,0.01,-2.9731196440922057e-10,2.9731196440217025e-10,-1.7838717864553234e-12,1.7838717864130216e-12,-7.050318854730878e-21,2.371353897156594e-11,-0.21411966679774602,2123284176937.0193,0.038235707999774604,True
top_primary,top_gate,bottom_gate,forward,6,interface_4x,T03_P1_SECONDARY_BIAS,enabled_symmetric_teaching_top_stack,-0.2,-0.2,-0.2,-0.2,0.01,-7.756026484096593e-10,7.756026484096799e-10,-4.653615890457955e-12,4.65361589045808e-12,2.0679515313825692e-23,2.666251250718086e-14,-0.18912335892051282,5583716778960.83,0.037096418000146514,True
top_primary,top_gate,bottom_gate,forward,7,interface_4x,T03_P1_SECONDARY_BIAS,enabled_symmetric_teaching_top_stack,-0.15,-0.2,-0.2,-0.15,0.01,-2.0510009770204333e-09,2.0510009770168826e-09,-1.23060058621226e-11,1.2306005862101296e-11,-3.550672779383871e-21,1.7311901940398233e-12,-0.16413320858772318,14680195995567.36,0.03899452500081679,True
top_primary,top_gate,bottom_gate,forward,8,interface_4x,T03_P1_SECONDARY_BIAS,enabled_symmetric_teaching_top_stack,-0.1,-0.2,-0.2,-0.1,0.01,-5.494250607882525e-09,5.494250607886831e-09,-3.296550364729515e-11,3.2965503647320986e-11,4.306302268951062e-21,7.837833721617093e-13,-0.13915980263816596,38570160572466.0,0.03950009999971371,True
top_primary,top_gate,bottom_gate,forward,9,interface_4x,T03_P1_SECONDARY_BIAS,enabled_symmetric_teaching_top_stack,-0.05,-0.2,-0.2,-0.05,0.01,-1.4884437528444786e-08,1.4884437528439814e-08,-8.930662517066872e-11,8.930662517063889e-11,-4.971355481443696e-21,3.339968656486499e-13,-0.11423233472380011,101153511028087.45,0.03963373799888359,True
top_primary,top_gate,bottom_gate,forward,10,interface_4x,T03_P1_SECONDARY_BIAS,enabled_symmetric_teaching_top_stack,0.0,-0.2,-0.2,0.0,0.01,-4.0613728332706027e-08,4.0613728332702e-08,-2.4368236999623616e-10,2.43682369996212e-10,-4.0234064994579266e-21,9.906518472025869e-14,-0.08943120788227929,263962379689174.06,0.03796761699959461,True
top_primary,top_gate,bottom_gate,forward,11,interface_4x,T03_P1_SECONDARY_BIAS,enabled_symmetric_teaching_top_stack,0.05,-0.2,-0.2,0.05,0.01,-1.1051859147226028e-07,1.1051859147226564e-07,-6.631115488335617e-10,6.631115488335938e-10,5.360130369343619e-21,4.849980711787057e-14,-0.06497273852150208,679567479630965.4,0.03795350899963523,True
top_primary,top_gate,bottom_gate,forward,12,interface_4x,T03_P1_SECONDARY_BIAS,enabled_symmetric_teaching_top_stack,0.1,-0.2,-0.2,0.1,0.01,-2.930384759551038e-07,2.9303847595510573e-07,-1.758230855730623e-09,1.7582308557306344e-09,1.9058241313221758e-21,6.503665176084772e-15,-0.041394293882165666,1689987104887076.5,0.0380178209998121,True
top_primary,top_gate,bottom_gate,forward,13,interface_4x,T03_P1_SECONDARY_BIAS,enabled_symmetric_teaching_top_stack,0.15,-0.2,-0.2,0.15,0.01,-7.231557880921534e-07,7.231557880921638e-07,-4.3389347285529205e-09,4.3389347285529826e-09,1.0376153603865179e-20,1.4348434700688273e-14,-0.019781443819151718,3891185860081054.0,0.04801229899931059,True
top_primary,top_gate,bottom_gate,forward,14,interface_4x,T03_P1_SECONDARY_BIAS,enabled_symmetric_teaching_top_stack,0.2,-0.2,-0.2,0.2,0.01,-1.5650835907476345e-06,1.5650835907476396e-06,-9.390501544485808e-09,9.390501544485837e-09,5.082197683525802e-21,3.2472372169578743e-15,-0.0015455115422605427,7855311138407271.0,0.04391252999994322,True
top_primary,top_gate,bottom_gate,forward,15,interface_4x,T03_P1_SECONDARY_BIAS,enabled_symmetric_teaching_top_stack,0.25,-0.2,-0.2,0.25,0.01,-2.8767164462220476e-06,2.876716446222066e-06,-1.7260298677332285e-08,1.7260298677332397e-08,1.8211208365967457e-20,6.330553847211418e-15,0.012581478283503682,1.3526966913274378e+16,0.04793549599889957,True
top_primary,top_gate,bottom_gate,forward,16,interface_4x,T03_P1_SECONDARY_BIAS,enabled_symmetric_teaching_top_stack,0.3,-0.2,-0.2,0.3,0.01,-4.560646784327158e-06,4.560646784327142e-06,-2.736388070596295e-08,2.7363880705962853e-08,-1.6093625997831706e-20,3.5288034261144895e-15,0.023031565857549365,2.021796434922856e+16,0.03529064299982565,True
top_primary,top_gate,bottom_gate,forward,17,interface_4x,T03_P1_SECONDARY_BIAS,enabled_symmetric_teaching_top_stack,0.35,-0.2,-0.2,0.35,0.01,-6.468306955707926e-06,6.46830695570794e-06,-3.880984173424756e-08,3.8809841734247645e-08,1.4399560103323106e-20,2.2261714235154306e-15,0.030740723081551048,2.719707869726095e+16,0.040203275999374455,True
top_primary,top_gate,bottom_gate,forward,18,interface_4x,T03_P1_SECONDARY_BIAS,enabled_symmetric_teaching_top_stack,0.4,-0.2,-0.2,0.4,0.01,-8.481222239303182e-06,8.481222239303226e-06,-5.088733343581909e-08,5.088733343581936e-08,4.404571325722362e-20,5.19332143580784e-15,0.03654104437059925,3.399819356904312e+16,0.03765294900040317,True
top_primary,top_gate,bottom_gate,forward,19,interface_4x,T03_P1_SECONDARY_BIAS,enabled_symmetric_teaching_top_stack,0.45,-0.2,-0.2,0.45,0.01,-1.0523198113848102e-05,1.0523198113848075e-05,-6.313918868308861e-08,6.313918868308845e-08,-2.710505431213761e-20,2.575743041126296e-15,0.04101911603228309,4.0394161838169736e+16,0.04015918299955956,True
top_primary,top_gate,bottom_gate,forward,20,interface_4x,T03_P1_SECONDARY_BIAS,enabled_symmetric_teaching_top_stack,0.5,-0.2,-0.2,0.5,0.01,-1.2548857373782494e-05,1.2548857373782699e-05,-7.529314424269497e-08,7.52931442426962e-08,2.0498197323554068e-19,1.6334712167802048e-14,0.044563470352923004,4.6300689521857976e+16,0.037814627001353074,True
top_primary,top_gate,bottom_gate,forward,21,interface_4x,T03_P1_SECONDARY_BIAS,enabled_symmetric_teaching_top_stack,0.55,-0.2,-0.2,0.55,0.01,-1.4532065201381406e-05,1.4532065201381716e-05,-8.719239120828844e-08,8.719239120829029e-08,3.1001405869507392e-19,2.133310402884771e-14,0.04743109545772773,5.170686016581451e+16,0.03968258800159674,True
top_primary,top_gate,bottom_gate,forward,22,interface_4x,T03_P1_SECONDARY_BIAS,enabled_symmetric_teaching_top_stack,0.6,-0.2,-0.2,0.6,0.01,-1.6458260020672935e-05,1.645826002067296e-05,-9.874956012403761e-08,9.874956012403776e-08,2.371692252312041e-20,1.4410346229388745e-15,0.04979534322925103,5.663609630907907e+16,0.0424409299994295,True
top_primary,top_gate,bottom_gate,forward,23,interface_4x,T03_P1_SECONDARY_BIAS,enabled_symmetric_teaching_top_stack,0.65,-0.2,-0.2,0.65,0.01,-1.8319835233393555e-05,1.8319835233393626e-05,-1.0991901140036133e-07,1.0991901140036176e-07,7.115076756936123e-20,3.883810452599853e-15,0.051776173069844285,6.1125962519301064e+16,0.038672868999128696,True
top_primary,top_gate,bottom_gate,forward,24,interface_4x,T03_P1_SECONDARY_BIAS,enabled_symmetric_teaching_top_stack,0.7,-0.2,-0.2,0.7,0.01,-2.0113400317080044e-05,2.0113400317080746e-05,-1.2068040190248027e-07,1.2068040190248448e-07,7.013432803265607e-19,3.4869453661247146e-14,0.053458763580085916,6.521811585920483e+16,0.036782377001145505,True
top_primary,top_gate,bottom_gate,forward,25,interface_4x,T03_P1_SECONDARY_BIAS,enabled_symmetric_teaching_top_stack,0.75,-0.2,-0.2,0.75,0.01,-2.183813941681566e-05,2.18381394168163e-05,-1.3102883650089395e-07,1.3102883650089782e-07,6.403569081242511e-19,2.932286931143726e-14,0.054905066516770996,6.8953498542951864e+16,0.04038868499992532,True
top_primary,top_gate,bottom_gate,forward,26,interface_4x,T03_P1_SECONDARY_BIAS,enabled_symmetric_teaching_top_stack,0.8,-0.2,-0.2,0.8,0.01,-2.3494809792551004e-05,2.34948097925505e-05,-1.4096885875530604e-07,1.40968858755303e-07,-5.04831636563563e-19,2.1486942904454546e-14,0.056161128680725,7.237020136337395e+16,0.04057964799903857,True
top_primary,top_gate,bottom_gate,forward,27,interface_4x,T03_P1_SECONDARY_BIAS,enabled_symmetric_teaching_top_stack,0.85,-0.2,-0.2,0.85,0.01,-2.5085119271951244e-05,2.5085119271952542e-05,-1.5051071563170747e-07,1.5051071563171526e-07,1.2976544751935881e-18,5.173005003984512e-14,0.057261845028500645,7.550267347467096e+16,0.0378707250001753,True
top_primary,top_gate,bottom_gate,forward,28,interface_4x,T03_P1_SECONDARY_BIAS,enabled_symmetric_teaching_top_stack,0.9,-0.2,-0.2,0.9,0.01,-2.6611333014403108e-05,2.6611333014404348e-05,-1.5966799808641866e-07,1.596679980864261e-07,1.2400562347802957e-18,4.6598801875466757e-14,0.05823411988172796,7.838159670632923e+16,0.04284084199935023,True
top_primary,top_gate,bottom_gate,forward,29,interface_4x,T03_P1_SECONDARY_BIAS,enabled_symmetric_teaching_top_stack,0.95,-0.2,-0.2,0.95,0.01,-2.8076022064052723e-05,2.8076022064053513e-05,-1.6845613238431636e-07,1.6845613238432107e-07,7.894347068410079e-19,2.8117754895617582e-14,0.05909901834344973,8.103407258130522e+16,0.03192426499845169,True
top_primary,top_gate,bottom_gate,forward,30,interface_4x,T03_P1_SECONDARY_BIAS,enabled_symmetric_teaching_top_stack,1.0,-0.2,-0.2,1.0,0.01,-2.948190136298759e-05,2.948190136298866e-05,-1.7689140817792553e-07,1.7689140817793197e-07,1.0706496453294356e-18,3.63154883447755e-14,0.059873262053157156,8.348394090347176e+16,0.031977602000552,True
top_primary,top_gate,bottom_gate,forward,0,interface_4x,T03_P1_SECONDARY_BIAS,enabled_symmetric_teaching_top_stack,-0.5,0.0,0.0,-0.5,0.01,-2.1009005017869447e-10,2.100900501789906e-10,-1.2605403010721668e-12,1.2605403010739435e-12,2.961306592939839e-22,1.4095415705869421e-12,-0.23911894665357208,807306959954.4667,0.037022754000645364,True
top_primary,top_gate,bottom_gate,forward,1,interface_4x,T03_P1_SECONDARY_BIAS,enabled_symmetric_teaching_top_stack,-0.45,0.0,0.0,-0.45,0.01,-4.949974025749092e-10,4.949974025786057e-10,-2.969984415449455e-12,2.9699844154716346e-12,3.6965667599229116e-21,7.46785082238062e-12,-0.21412109486385084,2123150613684.0562,0.03621285400004126,True
top_primary,top_gate,bottom_gate,forward,2,interface_4x,T03_P1_SECONDARY_BIAS,enabled_symmetric_teaching_top_stack,-0.4,0.0,0.0,-0.4,0.01,-1.175346534127531e-09,1.1753465341285547e-09,-7.052079204765187e-12,7.052079204771329e-12,1.0236360080343717e-21,8.709227264564431e-13,-0.1891262528706111,5583036541237.598,0.038657128001432284,True
top_primary,top_gate,bottom_gate,forward,3,interface_4x,T03_P1_SECONDARY_BIAS,enabled_symmetric_teaching_top_stack,-0.35,0.0,0.0,-0.35,0.01,-2.81429528103251e-09,2.814295281036621e-09,-1.688577168619506e-11,1.6885771686219725e-11,4.110674054082271e-21,1.4606406377400955e-12,-0.164138747680266,14676861535814.092,0.03972960200007947,True
top_primary,top_gate,bottom_gate,forward,4,interface_4x,T03_P1_SECONDARY_BIAS,enabled_symmetric_teaching_top_stack,-0.3,0.0,0.0,-0.3,0.01,-6.79803672784744e-09,6.798036727842041e-09,-4.078822036708464e-11,4.078822036705225e-11,-5.399007858133612e-21,7.942010427830062e-13,-0.13916929053575672,38555380994650.766,0.03853214599985222,True
top_primary,top_gate,bottom_gate,forward,5,interface_4x,T03_P1_SECONDARY_BIAS,enabled_symmetric_teaching_top_stack,-0.25,0.0,0.0,-0.25,0.01,-1.6561208985024152e-08,1.656120898502756e-08,-9.936725391014491e-11,9.936725391016536e-11,3.407984123718474e-21,2.0578111940979185e-13,-0.11424457985285207,101103933681695.42,0.03910908100078814,True
top_primary,top_gate,bottom_gate,forward,6,interface_4x,T03_P1_SECONDARY_BIAS,enabled_symmetric_teaching_top_stack,-0.2,0.0,0.0,-0.2,0.01,-4.061372833270638e-08,4.061372833270707e-08,-2.436823699962383e-10,2.436823699962424e-10,6.948317145445432e-22,1.710829670333371e-14,-0.08943120788227929,263962379689174.06,0.039224701999046374,True
top_primary,top_gate,bottom_gate,forward,7,interface_4x,T03_P1_SECONDARY_BIAS,enabled_symmetric_teaching_top_stack,-0.15,0.0,0.0,-0.15,0.01,-9.968379386297732e-08,9.9683793862971e-08,-5.98102763177864e-10,5.98102763177826e-10,-6.326277324805556e-21,6.346344856719124e-14,-0.06489271154649566,681727707940020.2,0.037176886000452214,True
top_primary,top_gate,bottom_gate,forward,8,interface_4x,T03_P1_SECONDARY_BIAS,enabled_symmetric_teaching_top_stack,-0.1,0.0,0.0,-0.1,0.01,-2.4142008492076154e-07,2.4142008492075143e-07,-1.4485205095245693e-09,1.4485205095245085e-09,-1.011145580784821e-20,4.188324186517859e-14,-0.04100932784576478,1715891505045579.0,0.037646828999641,True
top_primary,top_gate,bottom_gate,forward,9,interface_4x,T03_P1_SECONDARY_BIAS,enabled_symmetric_teaching_top_stack,-0.05,0.0,0.0,-0.05,0.01,-5.603609473994756e-07,5.603609473994763e-07,-3.3621656843968537e-09,3.362165684396858e-09,6.352747104407253e-22,1.1336884081392696e-15,-0.018549627861549674,4084411462863897.0,0.03956865700092749,True
top_primary,top_gate,bottom_gate,forward,10,interface_4x,T03_P1_SECONDARY_BIAS,enabled_symmetric_teaching_top_stack,0.0,0.0,0.0,0.0,0.01,-1.1930966936239762e-06,1.1930966936239798e-06,-7.158580161743857e-09,7.1585801617438785e-09,3.5998900258307764e-21,3.017265947570658e-15,0.001332691319669748,8792236312879518.0,0.03718810000100348,True
top_primary,top_gate,bottom_gate,forward,11,interface_4x,T03_P1_SECONDARY_BIAS,enabled_symmetric_teaching_top_stack,0.05,0.0,0.0,0.05,0.01,-2.243559487785063e-06,2.2435594877850616e-06,-1.3461356926710377e-08,1.346135692671037e-08,-1.2705494208814505e-21,5.663096645303534e-16,0.017648561760206974,1.6481049918011626e+16,0.037777120000100695,True
top_primary,top_gate,bottom_gate,forward,12,interface_4x,T03_P1_SECONDARY_BIAS,enabled_symmetric_teaching_top_stack,0.1,0.0,0.0,0.1,0.01,-3.700428574078767e-06,3.7004285740787434e-06,-2.2202571444472604e-08,2.2202571444472462e-08,-2.371692252312041e-20,6.409236673085849e-15,0.030249531738275284,2.676615586916425e+16,0.038578887999392464,True
top_primary,top_gate,bottom_gate,forward,13,interface_4x,T03_P1_SECONDARY_BIAS,enabled_symmetric_teaching_top_stack,0.15,0.0,0.0,0.15,0.01,-5.462041732526001e-06,5.462041732526014e-06,-3.277225039515601e-08,3.277225039515609e-08,1.2705494208814505e-20,2.326143744591756e-15,0.039725363314865605,3.854225028782632e+16,0.03787906500110694,True
top_primary,top_gate,bottom_gate,forward,14,interface_4x,T03_P1_SECONDARY_BIAS,enabled_symmetric_teaching_top_stack,0.2,0.0,0.0,0.2,0.01,-7.412956638914972e-06,7.4129566389148655e-06,-4.447773983348983e-08,4.447773983348919e-08,-1.0672615135404184e-19,1.4397244790799592e-14,0.04685755866596013,5.071597384095385e+16,0.03752552900004957,True
top_primary,top_gate,bottom_gate,forward,15,interface_4x,T03_P1_SECONDARY_BIAS,enabled_symmetric_teaching_top_stack,0.25,0.0,0.0,0.25,0.01,-9.462693911699197e-06,9.462693911699367e-06,-5.677616347019518e-08,5.67761634701962e-08,1.6940658945086007e-19,1.7902575210787624e-14,0.052304628007629216,6.254748623536028e+16,0.03731274799974926,True
top_primary,top_gate,bottom_gate,forward,16,interface_4x,T03_P1_SECONDARY_BIAS,enabled_symmetric_teaching_top_stack,0.3,0.0,0.0,0.3,0.01,-1.1549445541373153e-05,1.1549445541373129e-05,-6.929667324823892e-08,6.929667324823877e-08,-2.371692252312041e-20,2.053511784454081e-15,0.056544883007083165,7.36401270624011e+16,0.0391622829993139,True
top_primary,top_gate,bottom_gate,forward,17,interface_4x,T03_P1_SECONDARY_BIAS,enabled_symmetric_teaching_top_stack,0.35,0.0,0.0,0.35,0.01,-1.3633155085927868e-05,1.3633155085927829e-05,-8.179893051556721e-08,8.179893051556697e-08,-3.8963515573697816e-20,2.8579969440761315e-15,0.05991023918327385,8.382967866404534e+16,0.043209803001445835,True
top_primary,top_gate,bottom_gate,forward,18,interface_4x,T03_P1_SECONDARY_BIAS,enabled_symmetric_teaching_top_stack,0.4,0.0,0.0,0.4,0.01,-1.5688469780507097e-05,1.5688469780507118e-05,-9.413081868304259e-08,9.413081868304271e-08,2.0328790734103208e-20,1.2957790669528316e-15,0.06262985128503153,9.30861550607405e+16,0.03793591499925242,True
top_primary,top_gate,bottom_gate,forward,19,interface_4x,T03_P1_SECONDARY_BIAS,enabled_symmetric_teaching_top_stack,0.45,0.0,0.0,0.45,0.01,-1.7699657872945354e-05,1.7699657872945472e-05,-1.0619794723767213e-07,1.0619794723767284e-07,1.1858461261560205e-19,6.699825130341228e-15,0.06486366097371234,1.0144894339019608e+17,0.039788779000446084,True
top_primary,top_gate,bottom_gate,forward,20,interface_4x,T03_P1_SECONDARY_BIAS,enabled_symmetric_teaching_top_stack,0.5,0.0,0.0,0.5,0.01,-1.965725697832039e-05,1.9657256978320098e-05,-1.1794354186992233e-07,1.1794354186992059e-07,-2.913793338554793e-19,1.4822990520846118e-14,0.066725187703265,1.0898877096719963e+17,0.032233824000286404,True
top_primary,top_gate,bottom_gate,forward,21,interface_4x,T03_P1_SECONDARY_BIAS,enabled_symmetric_teaching_top_stack,0.55,0.0,0.0,0.55,0.01,-2.155591042715199e-05,2.155591042715182e-05,-1.2933546256291194e-07,1.293354625629109e-07,-1.6940658945086007e-19,7.858939200149684e-15,0.0682964942120616,1.1578688929258678e+17,0.03078426499996567,True
top_primary,top_gate,bottom_gate,forward,22,interface_4x,T03_P1_SECONDARY_BIAS,enabled_symmetric_teaching_top_stack,0.6,0.0,0.0,0.6,0.01,-2.3392967118616967e-05,2.3392967118617238e-05,-1.403578027117018e-07,1.4035780271170343e-07,2.710505431213761e-19,1.1586838973738444e-14,0.06963798865793097,1.2192435109110224e+17,0.03040967900051328,True
top_primary,top_gate,bottom_gate,forward,23,interface_4x,T03_P1_SECONDARY_BIAS,enabled_symmetric_teaching_top_stack,0.65,0.0,0.0,0.65,0.01,-2.5167565654035183e-05,2.5167565654034624e-05,-1.510053939242111e-07,1.5100539392420775e-07,-5.590417451878382e-19,2.2212785808237498e-14,0.07079490921126312,1.274769258296556e+17,0.032512154000869486,True
top_primary,top_gate,bottom_gate,forward,24,interface_4x,T03_P1_SECONDARY_BIAS,enabled_symmetric_teaching_top_stack,0.7,0.0,0.0,0.7,0.01,-2.6880027442441277e-05,2.6880027442442047e-05,-1.6128016465464766e-07,1.612801646546523e-07,7.691059161069047e-19,2.861254207250287e-14,0.07180167864808575,1.3251305666177562e+17,0.032339958001102787,True
top_primary,top_gate,bottom_gate,forward,25,interface_4x,T03_P1_SECONDARY_BIAS,enabled_symmetric_teaching_top_stack,0.75,0.0,0.0,0.75,0.01,-2.85314494905187e-05,2.8531449490519663e-05,-1.711886969431122e-07,1.7118869694311798e-07,9.622294280808852e-19,3.372522059913611e-14,0.07268487779972853,1.3709339733937157e+17,0.03156164999927569,True
top_primary,top_gate,bottom_gate,forward,26,interface_4x,T03_P1_SECONDARY_BIAS,enabled_symmetric_teaching_top_stack,0.8,0.0,0.0,0.8,0.01,-3.012342820263897e-05,3.012342820263873e-05,-1.807405692158338e-07,1.807405692158324e-07,-2.371692252312041e-19,7.873248145455995e-15,0.07346531051699728,1.4127112492585208e+17,0.03391784899940831,True
top_primary,top_gate,bottom_gate,forward,27,interface_4x,T03_P1_SECONDARY_BIAS,enabled_symmetric_teaching_top_stack,0.85,0.0,0.0,0.85,0.01,-3.165787043737222e-05,3.165787043737322e-05,-1.899472226242333e-07,1.899472226242393e-07,1.0028870095490916e-18,3.167891572280707e-14,0.07415946144285523,1.4509259459244374e+17,0.03465068699915719,True
top_primary,top_gate,bottom_gate,forward,28,interface_4x,T03_P1_SECONDARY_BIAS,enabled_symmetric_teaching_top_stack,0.9,0.0,0.0,0.9,0.01,-3.3136863501807014e-05,3.313686350180507e-05,-1.988211810108421e-07,1.9882118101083043e-07,-1.9447876468958736e-18,5.868955119393907e-14,0.07478054131688958,1.4859810845960803e+17,0.03156915700128593,True
top_primary,top_gate,bottom_gate,forward,29,interface_4x,T03_P1_SECONDARY_BIAS,enabled_symmetric_teaching_top_stack,0.95,0.0,0.0,0.95,0.01,-3.456258546147579e-05,3.456258546147611e-05,-2.073755127688547e-07,2.0737551276885667e-07,3.2526065174565133e-19,9.410773164183302e-15,0.07533924759837274,1.518226833779193e+17,0.034376727999188006,True
top_primary,top_gate,bottom_gate,forward,30,interface_4x,T03_P1_SECONDARY_BIAS,enabled_symmetric_teaching_top_stack,1.0,0.0,0.0,1.0,0.01,-3.593724333278649e-05,3.593724333278673e-05,-2.1562345999671894e-07,2.156234599967204e-07,2.439454888092385e-19,6.7880968651448835e-15,0.07584432558886496,1.5479676378982486e+17,0.036662254999100696,True
top_primary,top_gate,bottom_gate,forward,0,interface_4x,T03_P1_SECONDARY_BIAS,enabled_symmetric_teaching_top_stack,-0.5,0.2,0.2,-0.5,0.01,-1.6380090998145307e-08,1.6380090998142918e-08,-9.828054598887184e-11,9.82805459888575e-11,-2.388897609053144e-21,1.458415346608047e-13,-0.1392387084582335,38447972667887.46,0.048144405000130064,True
top_primary,top_gate,bottom_gate,forward,1,interface_4x,T03_P1_SECONDARY_BIAS,enabled_symmetric_teaching_top_stack,-0.45,0.2,0.2,-0.45,0.01,-3.7328653670418824e-08,3.732865367041227e-08,-2.2397192202251295e-10,2.2397192202247363e-10,-6.551270451419979e-21,1.755024574221799e-13,-0.11439582608465879,100495119633078.45,0.037798882000060985,True
top_primary,top_gate,bottom_gate,forward,2,interface_4x,T03_P1_SECONDARY_BIAS,enabled_symmetric_teaching_top_stack,-0.4,0.2,0.2,-0.4,0.01,-8.471756336804126e-08,8.471756336803515e-08,-5.083053802082475e-10,5.083053802082109e-10,-6.1145190879919806e-21,7.217534174617932e-14,-0.08975457167572068,260590360092552.5,0.04025688899855595,True
top_primary,top_gate,bottom_gate,forward,3,interface_4x,T03_P1_SECONDARY_BIAS,enabled_symmetric_teaching_top_stack,-0.35,0.2,0.2,-0.35,0.01,-1.896527630247615e-07,1.8965276302475663e-07,-1.137916578148569e-09,1.1379165781485398e-09,-4.870439446712227e-21,2.5680825151365347e-14,-0.06555811977340831,663989421045305.9,0.039989789000173914,True
top_primary,top_gate,bottom_gate,forward,4,interface_4x,T03_P1_SECONDARY_BIAS,enabled_symmetric_teaching_top_stack,-0.3,0.2,0.2,-0.3,0.01,-4.1115915048088863e-07,4.1115915048088096e-07,-2.4669549028853317e-09,2.4669549028852858e-09,-7.676236084492097e-21,1.8669744004271896e-14,-0.042279004778863295,1631994540841888.8,0.038603803999649244,True
top_primary,top_gate,bottom_gate,forward,5,interface_4x,T03_P1_SECONDARY_BIAS,enabled_symmetric_teaching_top_stack,-0.25,0.2,0.2,-0.25,0.01,-8.391121403762734e-07,8.391121403762683e-07,-5.03467284225764e-09,5.034672842257609e-09,-5.082197683525802e-21,6.0566370559802065e-15,-0.02066552047377374,3758334480017645.5,0.03676387199993769,True
top_primary,top_gate,bottom_gate,forward,6,interface_4x,T03_P1_SECONDARY_BIAS,enabled_symmetric_teaching_top_stack,-0.2,0.2,0.2,-0.2,0.01,-1.56508359074766e-06,1.5650835907476337e-06,-9.39050154448596e-09,9.390501544485803e-09,-2.625802136488331e-20,1.6777392287615466e-14,-0.0015455115422605404,7855311138407272.0,0.04583164600080636,True
top_primary,top_gate,bottom_gate,forward,7,interface_4x,T03_P1_SECONDARY_BIAS,enabled_symmetric_teaching_top_stack,-0.15,0.2,0.2,-0.15,0.01,-2.6292019256153036e-06,2.629201925615321e-06,-1.577521155369182e-08,1.5775211553691927e-08,1.7364175418713157e-20,6.604352160836547e-15,0.01458873737130529,1.4627222252595886e+16,0.03792996599986509,True
top_primary,top_gate,bottom_gate,forward,8,interface_4x,T03_P1_SECONDARY_BIAS,enabled_symmetric_teaching_top_stack,-0.1,0.2,0.2,-0.1,0.01,-4.0027718436667425e-06,4.002771843666767e-06,-2.4016631062000457e-08,2.4016631062000602e-08,2.456395547037471e-20,6.136736349147676e-15,0.027772159494545187,2.4307654342186924e+16,0.04634638700008509,True
top_primary,top_gate,bottom_gate,forward,9,interface_4x,T03_P1_SECONDARY_BIAS,enabled_symmetric_teaching_top_stack,-0.05,0.2,0.2,-0.05,0.01,-5.620245460178039e-06,5.620245460178081e-06,-3.3721472761068235e-08,3.3721472761068486e-08,4.2351647362715017e-20,7.535551189497883e-15,0.038375977465255555,3.657510322626233e+16,0.03765395600021293,True
top_primary,top_gate,bottom_gate,forward,10,interface_4x,T03_P1_SECONDARY_BIAS,enabled_symmetric_teaching_top_stack,0.0,0.2,0.2,0.0,0.01,-7.4129566389148655e-06,7.4129566389148655e-06,-4.447773983348919e-08,4.447773983348919e-08,0.0,0.0,0.04685755866596012,5.071597384095383e+16,0.03832922899891855,True
top_primary,top_gate,bottom_gate,forward,11,interface_4x,T03_P1_SECONDARY_BIAS,enabled_symmetric_teaching_top_stack,0.05,0.2,0.2,0.05,0.01,-9.322715801623009e-06,9.322715801622976e-06,-5.5936294809738053e-08,5.593629480973786e-08,-3.218725199566341e-20,3.4525617513793433e-15,0.053638342278663494,6.5865480196595016e+16,0.03887373799989291,True
top_primary,top_gate,bottom_gate,forward,12,interface_4x,T03_P1_SECONDARY_BIAS,enabled_symmetric_teaching_top_stack,0.1,0.2,0.2,0.1,0.01,-1.1303417228835433e-05,1.1303417228835345e-05,-6.78205033730126e-08,6.782050337301207e-08,-8.809142651444724e-20,7.793344678963347e-15,0.05907285595857755,8.121658184646042e+16,0.03578057999948214,True
top_primary,top_gate,bottom_gate,forward,13,interface_4x,T03_P1_SECONDARY_BIAS,enabled_symmetric_teaching_top_stack,0.15,0.2,0.2,0.15,0.01,-1.331936812421314e-05,1.3319368124212888e-05,-7.991620874527884e-08,7.991620874527733e-08,-2.524158182817815e-19,1.8951035509178353e-14,0.06344937871889578,9.614399262609818e+16,0.0357727150003484,True
top_primary,top_gate,bottom_gate,forward,14,interface_4x,T03_P1_SECONDARY_BIAS,enabled_symmetric_teaching_top_stack,0.2,0.2,0.2,0.2,0.01,-1.5343394556386354e-05,1.5343394556386344e-05,-9.206036733831813e-08,9.206036733831806e-08,-1.0164395367051604e-20,6.62460665382609e-16,0.06699775738720663,1.1023852719405826e+17,0.035936641001171665,True
top_primary,top_gate,bottom_gate,forward,15,interface_4x,T03_P1_SECONDARY_BIAS,enabled_symmetric_teaching_top_stack,0.25,0.2,0.2,0.25,0.01,-1.7355220973239878e-05,1.735522097324011e-05,-1.0413132583943927e-07,1.0413132583944066e-07,2.303929616531697e-19,1.3275138473224337e-14,0.06989841513805888,1.2328123018994726e+17,0.03774865300147212,True
top_primary,top_gate,bottom_gate,forward,16,interface_4x,T03_P1_SECONDARY_BIAS,enabled_symmetric_teaching_top_stack,0.3,0.2,0.2,0.3,0.01,-1.9340082626510978e-05,1.934008262651112e-05,-1.1604049575906587e-07,1.1604049575906672e-07,1.4230153513872246e-19,7.357855593835854e-15,0.07229130692443116,1.3519333066686466e+17,0.037617242998749134,True
top_primary,top_gate,bottom_gate,forward,17,interface_4x,T03_P1_SECONDARY_BIAS,enabled_symmetric_teaching_top_stack,0.35,0.2,0.2,0.35,0.01,-2.12875321246772e-05,2.1287532124677446e-05,-1.277251927480632e-07,1.277251927480647e-07,2.473336205982557e-19,1.1618708037628075e-14,0.07428420400285717,1.459864865819234e+17,0.04017041400038579,True
top_primary,top_gate,bottom_gate,forward,18,interface_4x,T03_P1_SECONDARY_BIAS,enabled_symmetric_teaching_top_stack,0.4,0.2,0.2,0.4,0.01,-2.3190437116648944e-05,2.319043711664861e-05,-1.3914262269989366e-07,1.3914262269989165e-07,-3.3542504711270293e-19,1.44639381062763e-14,0.0759598641413856,1.5572379872505053e+17,0.03083198599961179,True
top_primary,top_gate,bottom_gate,forward,19,interface_4x,T03_P1_SECONDARY_BIAS,enabled_symmetric_teaching_top_stack,0.45,0.2,0.2,0.45,0.01,-2.5044166419235844e-05,2.5044166419235522e-05,-1.5026499851541507e-07,1.5026499851541314e-07,-3.2187251995663413e-19,1.2852195380294683e-14,0.07738190441480511,1.6449313777171014e+17,0.03371213600075862,True
top_primary,top_gate,bottom_gate,forward,20,interface_4x,T03_P1_SECONDARY_BIAS,enabled_symmetric_teaching_top_stack,0.5,0.2,0.2,0.5,0.01,-2.684594899877492e-05,2.684594899877427e-05,-1.6107569399264954e-07,1.6107569399264562e-07,-6.505213034913027e-19,2.4231637463104335e-14,0.07859942212006063,1.723905632090139e+17,0.03145365799900901,True
top_primary,top_gate,bottom_gate,forward,21,interface_4x,T03_P1_SECONDARY_BIAS,enabled_symmetric_teaching_top_stack,0.55,0.2,0.2,0.55,0.01,-2.8594380666158518e-05,2.859438066615801e-05,-1.7156628399695112e-07,1.7156628399694807e-07,-5.082197683525802e-19,1.7773414094401382e-14,0.07965053548596052,1.79510851610604e+17,0.03255584499856923,True
top_primary,top_gate,bottom_gate,forward,22,interface_4x,T03_P1_SECONDARY_BIAS,enabled_symmetric_teaching_top_stack,0.6,0.2,0.2,0.6,0.01,-3.0289050517080547e-05,3.0289050517080944e-05,-1.8173430310248328e-07,1.8173430310248566e-07,3.9641141931501256e-19,1.3087614585061481e-14,0.08056505396371723,1.8594260079944522e+17,0.034145949999583536,True
top_primary,top_gate,bottom_gate,forward,23,interface_4x,T03_P1_SECONDARY_BIAS,enabled_symmetric_teaching_top_stack,0.65,0.2,0.2,0.65,0.01,-3.193026102806394e-05,3.193026102806343e-05,-1.9158156616838363e-07,1.9158156616838058e-07,-5.082197683525802e-19,1.591655539257568e-14,0.08136647587069536,1.9176609467895318e+17,0.03183353300119052,True
top_primary,top_gate,bottom_gate,forward,24,interface_4x,T03_P1_SECONDARY_BIAS,enabled_symmetric_teaching_top_stack,0.7,0.2,0.2,0.7,0.01,-3.351881972694733e-05,3.3518819726947196e-05,-2.01112918361684e-07,2.0111291836168318e-07,-1.3552527156068805e-19,4.0432590605728585e-15,0.08207347897213295,1.9705274071361373e+17,0.032321216000127606,True
top_primary,top_gate,bottom_gate,forward,25,interface_4x,T03_P1_SECONDARY_BIAS,enabled_symmetric_teaching_top_stack,0.75,0.2,0.2,0.75,0.01,-3.5055884788884434e-05,3.505588478888383e-05,-2.1033530873330661e-07,2.10335308733303e-07,-6.030874584450618e-19,1.7203601109400313e-14,0.0827010340384803,2.018653459256862e+17,0.03176523399997677,True
top_primary,top_gate,bottom_gate,forward,26,interface_4x,T03_P1_SECONDARY_BIAS,enabled_symmetric_teaching_top_stack,0.8,0.2,0.2,0.8,0.01,-3.6542850929392036e-05,3.65428509293923e-05,-2.192571055763522e-07,2.192571055763538e-07,2.642742795433417e-19,7.231900982601758e-15,0.0832612398536161,2.062587968268818e+17,0.032211986001129844,True
top_primary,top_gate,bottom_gate,forward,27,interface_4x,T03_P1_SECONDARY_BIAS,enabled_symmetric_teaching_top_stack,0.85,0.2,0.2,0.85,0.01,-3.798126528531107e-05,3.7981265285309536e-05,-2.278875917118664e-07,2.2788759171185722e-07,-1.531435568635775e-18,4.032081493683268e-14,0.08376395273669197,2.1028089598709984e+17,0.031432881000000634,True
top_primary,top_gate,bottom_gate,forward,28,interface_4x,T03_P1_SECONDARY_BIAS,enabled_symmetric_teaching_top_stack,0.9,0.2,0.2,0.9,0.01,-3.9372765577049735e-05,3.937276557705211e-05,-2.362365934622984e-07,2.3623659346231268e-07,2.3784685158900754e-18,6.04089776532318e-14,0.08421726420913948,2.1397322085067712e+17,0.03603085699978692,True
top_primary,top_gate,bottom_gate,forward,29,interface_4x,T03_P1_SECONDARY_BIAS,enabled_symmetric_teaching_top_stack,0.95,0.2,0.2,0.95,0.01,-4.071903482664856e-05,4.071903482664809e-05,-2.4431420895989137e-07,2.4431420895988856e-07,-4.675621868843738e-19,1.1482644146034077e-14,0.08462786600038397,2.1737193655630707e+17,0.032403768000222044,True
top_primary,top_gate,bottom_gate,forward,30,interface_4x,T03_P1_SECONDARY_BIAS,enabled_symmetric_teaching_top_stack,1.0,0.2,0.2,1.0,0.01,-4.202176838838722e-05,4.2021768388386105e-05,-2.521306103303233e-07,2.5213061033031666e-07,-1.1180834903756764e-18,2.660724508406601e-14,0.08500133102441533,2.2050853220934064e+17,0.030129353999654995,True
top_primary,top_gate,bottom_gate,forward,0,interface_4x,T03_P1_SECONDARY_BIAS,enabled_symmetric_teaching_top_stack,-0.5,0.4,0.4,-0.5,0.01,-9.715116525975282e-07,9.715116525975147e-07,-5.829069915585169e-09,5.829069915585088e-09,-1.3552527156068805e-20,1.394993783124829e-14,-0.04656612613691023,1378787201480994.5,0.04595612099910795,True
top_primary,top_gate,bottom_gate,forward,1,interface_4x,T03_P1_SECONDARY_BIAS,enabled_symmetric_teaching_top_stack,-0.45,0.4,0.4,-0.45,0.01,-1.6932726270525877e-06,1.6932726270525752e-06,-1.0159635762315527e-08,1.015963576231545e-08,-1.249373597200093e-20,7.378455053483195e-15,-0.02737690468678622,2889686320982679.0,0.03797514399957436,True
top_primary,top_gate,bottom_gate,forward,2,interface_4x,T03_P1_SECONDARY_BIAS,enabled_symmetric_teaching_top_stack,-0.4,0.4,0.4,-0.4,0.01,-2.682047435020968e-06,2.682047435020929e-06,-1.609228461012581e-08,1.6092284610125575e-08,-3.8963515573697816e-20,1.4527526644357503e-14,-0.010611105838642028,5515021334061414.0,0.03608670400171832,True
top_primary,top_gate,bottom_gate,forward,3,interface_4x,T03_P1_SECONDARY_BIAS,enabled_symmetric_teaching_top_stack,-0.35,0.4,0.4,-0.35,0.01,-3.901496470308723e-06,3.901496470308704e-06,-2.340897882185234e-08,2.3408978821852224e-08,-1.9481757786848908e-20,4.993406487769378e-15,0.003867128725434078,9637878718694032.0,0.03783972599921981,True
top_primary,top_gate,bottom_gate,forward,4,interface_4x,T03_P1_SECONDARY_BIAS,enabled_symmetric_teaching_top_stack,-0.3,0.4,0.4,-0.3,0.01,-5.301579556318043e-06,5.30157955631801e-06,-3.180947733790826e-08,3.1809477337908065e-08,-3.3034284942917713e-20,6.23102692169352e-15,0.01636073681426476,1.5604720161605044e+16,0.035854155001288746,True
top_primary,top_gate,bottom_gate,forward,5,interface_4x,T03_P1_SECONDARY_BIAS,enabled_symmetric_teaching_top_stack,-0.25,0.4,0.4,-0.25,0.01,-6.838896605311978e-06,6.838896605311941e-06,-4.103337963187187e-08,4.103337963187165e-08,-3.6422416731934915e-20,5.325773854168891e-15,0.02717219204297191,2.3682043219696996e+16,0.03618482700039749,True
top_primary,top_gate,bottom_gate,forward,6,interface_4x,T03_P1_SECONDARY_BIAS,enabled_symmetric_teaching_top_stack,-0.2,0.4,0.4,-0.2,0.01,-8.481222239303067e-06,8.481222239303231e-06,-5.0887333435818404e-08,5.088733343581939e-08,1.6432439176733427e-19,1.9375083818206162e-14,0.03654104437059923,3.3998193569043096e+16,0.036660354999185074,True
top_primary,top_gate,bottom_gate,forward,7,interface_4x,T03_P1_SECONDARY_BIAS,enabled_symmetric_teaching_top_stack,-0.15,0.4,0.4,-0.15,0.01,-1.0204911572527038e-05,1.020491157252727e-05,-6.122946943516223e-08,6.122946943516362e-08,2.320870275476783e-19,2.2742678944174466e-14,0.04464440409028788,4.648463296460258e+16,0.036591463000149815,True
top_primary,top_gate,bottom_gate,forward,8,interface_4x,T03_P1_SECONDARY_BIAS,enabled_symmetric_teaching_top_stack,-0.1,0.4,0.4,-0.1,0.01,-1.1991309100729254e-05,1.1991309100729256e-05,-7.194785460437552e-08,7.194785460437553e-08,1.6940658945086007e-21,1.4127447472816586e-16,0.0516177896730874,6.084623524953589e+16,0.036685213999589905,True
top_primary,top_gate,bottom_gate,forward,9,interface_4x,T03_P1_SECONDARY_BIAS,enabled_symmetric_teaching_top_stack,-0.05,0.4,0.4,-0.05,0.01,-1.3824192700625407e-05,1.3824192700625347e-05,-8.294515620375244e-08,8.294515620375208e-08,-5.929230630780102e-20,4.289024870516934e-15,0.057576441758008794,7.658597811408931e+16,0.036334948999865446,True
top_primary,top_gate,bottom_gate,forward,10,interface_4x,T03_P1_SECONDARY_BIAS,enabled_symmetric_teaching_top_stack,0.0,0.4,0.4,0.0,0.01,-1.5688469780507138e-05,1.56884697805071e-05,-9.413081868304283e-08,9.41308186830426e-08,-3.7269449679189215e-20,2.3755949560801883e-15,0.06262985128503151,9.308615506074045e+16,0.03874237400123093,True
top_primary,top_gate,bottom_gate,forward,11,interface_4x,T03_P1_SECONDARY_BIAS,enabled_symmetric_teaching_top_stack,0.05,0.4,0.4,0.05,0.01,-1.7569826929551615e-05,1.756982692955163e-05,-1.054189615773097e-07,1.0541896157730977e-07,1.3552527156068805e-20,7.713523423087388e-16,0.06688789607527319,1.0971856658892328e+17,0.0391937019994657,True
top_primary,top_gate,bottom_gate,forward,12,interface_4x,T03_P1_SECONDARY_BIAS,enabled_symmetric_teaching_top_stack,0.1,0.4,0.4,0.1,0.01,-1.945493931554247e-05,1.9454939315542777e-05,-1.1672963589325482e-07,1.1672963589325666e-07,3.083199928005653e-19,1.5847903085168963e-14,0.0704602071964394,1.2594221634146272e+17,0.03905182199923729,True
top_primary,top_gate,bottom_gate,forward,13,interface_4x,T03_P1_SECONDARY_BIAS,enabled_symmetric_teaching_top_stack,0.15,0.4,0.4,0.15,0.01,-2.1331875598712943e-05,2.133187559871301e-05,-1.2799125359227767e-07,1.2799125359227806e-07,6.776263578034403e-20,3.1765906128025736e-15,0.07345204832436862,1.4135907895968811e+17,0.03991196700008004,True
top_primary,top_gate,bottom_gate,forward,14,interface_4x,T03_P1_SECONDARY_BIAS,enabled_symmetric_teaching_top_stack,0.2,0.4,0.4,0.2,0.01,-2.3190437116648446e-05,2.319043711664865e-05,-1.391426226998907e-07,1.391426226998919e-07,2.0328790734103208e-19,8.76602309471302e-15,0.07595986414138559,1.5572379872505043e+17,0.03996323799947277,True
top_primary,top_gate,bottom_gate,forward,15,interface_4x,T03_P1_SECONDARY_BIAS,enabled_symmetric_teaching_top_stack,0.25,0.4,0.4,0.25,0.01,-2.5022309705332694e-05,2.502230970533264e-05,-1.5013385823199616e-07,1.5013385823199584e-07,-5.421010862427522e-20,2.1664710117756274e-15,0.07806832951063969,1.689218345036535e+17,0.03863126899886993,True
top_primary,top_gate,bottom_gate,forward,16,interface_4x,T03_P1_SECONDARY_BIAS,enabled_symmetric_teaching_top_stack,0.3,0.4,0.4,0.3,0.01,-2.6821023946821613e-05,2.6821023946821766e-05,-1.609261436809297e-07,1.609261436809306e-07,1.5246593050577406e-19,5.6845678527437785e-15,0.07984931626733664,1.809347768472839e+17,0.04071188499983691,True
top_primary,top_gate,bottom_gate,forward,17,interface_4x,T03_P1_SECONDARY_BIAS,enabled_symmetric_teaching_top_stack,0.35,0.4,0.4,0.35,0.01,-2.8581780641534795e-05,2.8581780641534755e-05,-1.714906838492088e-07,1.7149068384920852e-07,-4.0657581468206416e-20,1.4224999477157548e-15,0.08136236333654569,1.9180628375884e+17,0.03742638800031273,True
top_primary,top_gate,bottom_gate,forward,18,interface_4x,T03_P1_SECONDARY_BIAS,enabled_symmetric_teaching_top_stack,0.4,0.4,0.4,0.4,0.01,-3.030120910709149e-05,3.03012091070909e-05,-1.8180725464254893e-07,1.818072546425454e-07,-5.89534931288993e-19,1.9455822017050214e-14,0.08265601026605227,2.0161491004850218e+17,0.033825577000243356,True
top_primary,top_gate,bottom_gate,forward,19,interface_4x,T03_P1_SECONDARY_BIAS,enabled_symmetric_teaching_top_stack,0.45,0.4,0.4,0.45,0.01,-3.197711078411341e-05,3.1977110784113785e-05,-1.9186266470468049e-07,1.918626647046827e-07,3.7269449679189215e-19,1.165503973476699e-14,0.08376946135285028,2.1045505523514976e+17,0.036275821999879554,True
top_primary,top_gate,bottom_gate,forward,20,interface_4x,T03_P1_SECONDARY_BIAS,enabled_symmetric_teaching_top_stack,0.5,0.4,0.4,0.5,0.01,-3.360821975640376e-05,3.3608219756402854e-05,-2.0164931853842258e-07,2.0164931853841712e-07,-9.0801931945661e-19,2.701777499784393e-14,0.08473424460635921,2.184248430085122e+17,0.03520446900074603,True
top_primary,top_gate,bottom_gate,forward,21,interface_4x,T03_P1_SECONDARY_BIAS,enabled_symmetric_teaching_top_stack,0.55,0.4,0.4,0.55,0.01,-3.5193994859845885e-05,3.519399485984687e-05,-2.1116396915907532e-07,2.1116396915908122e-07,9.825582188149884e-19,2.7918348648052954e-14,0.08557569758893649,2.2561908284889667e+17,0.0333195679995697,True
top_primary,top_gate,bottom_gate,forward,22,interface_4x,T03_P1_SECONDARY_BIAS,enabled_symmetric_teaching_top_stack,0.6,0.4,0.4,0.6,0.01,-3.6734447244058334e-05,3.673444724405842e-05,-2.2040668346435e-07,2.2040668346435054e-07,8.809142651444724e-20,2.3980604888153176e-15,0.08631422101640507,2.321256230077672e+17,0.03238048100138258,True
top_primary,top_gate,bottom_gate,forward,23,interface_4x,T03_P1_SECONDARY_BIAS,enabled_symmetric_teaching_top_stack,0.65,0.4,0.4,0.65,0.01,-3.823000148978122e-05,3.823000148978025e-05,-2.2938000893868732e-07,2.293800089386815e-07,-9.690056916589196e-19,2.534673434208294e-14,0.0869662998583884,2.380238142985409e+17,0.031978164000975084,True
top_primary,top_gate,bottom_gate,forward,24,interface_4x,T03_P1_SECONDARY_BIAS,enabled_symmetric_teaching_top_stack,0.7,0.4,0.4,0.7,0.01,-3.968138591538947e-05,3.968138591539059e-05,-2.3808831549233683e-07,2.3808831549234352e-07,1.1180834903756764e-18,2.817652318796716e-14,0.08754531797023002,2.433842075214785e+17,0.03014593199986848,True
top_primary,top_gate,bottom_gate,forward,25,interface_4x,T03_P1_SECONDARY_BIAS,enabled_symmetric_teaching_top_stack,0.75,0.4,0.4,0.75,0.01,-4.1089547082318655e-05,4.1089547082318655e-05,-2.465372824939119e-07,2.465372824939119e-07,0.0,0.0,0.08806220043407423,2.4826892122834192e+17,0.03285836199938785,True
top_primary,top_gate,bottom_gate,forward,26,interface_4x,T03_P1_SECONDARY_BIAS,enabled_symmetric_teaching_top_stack,0.8,0.4,0.4,0.8,0.01,-4.2455583786507585e-05,4.245558378650621e-05,-2.5473350271904553e-07,2.5473350271903727e-07,-1.3755815063409838e-18,3.2400485016487856e-14,0.08852591710564746,2.5273233526399098e+17,0.03324515100030112,True
top_primary,top_gate,bottom_gate,forward,27,interface_4x,T03_P1_SECONDARY_BIAS,enabled_symmetric_teaching_top_stack,0.85,0.4,0.4,0.85,0.01,-4.378069645924451e-05,4.3780696459243823e-05,-2.6268417875546703e-07,2.6268417875546295e-07,-6.844026213814747e-19,1.5632520191143733e-14,0.08894387660518113,2.5682190841717642e+17,0.02952702800030238,True
top_primary,top_gate,bottom_gate,forward,28,interface_4x,T03_P1_SECONDARY_BIAS,enabled_symmetric_teaching_top_stack,0.9,0.4,0.4,0.9,0.01,-4.5066148616238285e-05,4.506614861623609e-05,-2.703968916974297e-07,2.703968916974165e-07,-2.1955093992831465e-18,4.8717484557623324e-14,0.08932223481296825,2.605790078948368e+17,0.03209469899957185,True
top_primary,top_gate,bottom_gate,forward,29,interface_4x,T03_P1_SECONDARY_BIAS,enabled_symmetric_teaching_top_stack,0.95,0.4,0.4,0.95,0.01,-4.631323766078632e-05,4.631323766078812e-05,-2.7787942596471793e-07,2.7787942596472873e-07,1.7957098481791167e-18,3.877314432930446e-14,0.08966613702652321,2.6403969238594874e+17,0.03136499799984449,True
top_primary,top_gate,bottom_gate,forward,30,interface_4x,T03_P1_SECONDARY_BIAS,enabled_symmetric_teaching_top_stack,1.0,0.4,0.4,1.0,0.01,-4.752327291815818e-05,4.752327291815631e-05,-2.851396375089491e-07,2.8513963750893787e-07,-1.870248747537495e-18,3.935437592352549e-14,0.08997990874567827,2.6723542215810973e+17,0.028873859000668745,True
