point_uid,parameter_group_id,changed_parameter,case_id,r_pair_w_kohm_um,r_pair_ohm,r_source_ohm,r_drain_ohm,execution_mode,circuit_coupled,device_id,curve_kind,curve_id,point_index,mesh_level,stage_id,mode_id,vbg_v,vtg_v,requested_external_source_v,requested_external_vds_v,external_source_v,external_drain_v,external_vds_v,internal_source_v,internal_drain_v,internal_device_vds_v,source_current_a_per_cm,drain_current_a_per_cm,source_current_terminal_a,drain_current_terminal_a,external_source_current_terminal_a,external_drain_current_terminal_a,external_source_current_a_per_cm,external_drain_current_a_per_cm,current_imbalance_a_per_cm,relative_current_imbalance,source_resistor_current_external_to_internal_a,drain_resistor_current_external_to_internal_a,source_voltage_source_current_a,drain_voltage_source_current_a,source_kcl_residual_a,drain_kcl_residual_a,source_kcl_relative_residual,drain_kcl_relative_residual,source_drop_v,drain_drop_v,total_resistor_drop_v,circuit_ohms_law_residual_v,circuit_ohms_law_relative_residual,voltage_partition_residual_v,total_resistor_power_w,circuit_closure_applicable,circuit_solution_list_json,center_channel_potential_v,center_channel_electron_density_cm3,solve_seconds,converged
ideal_control:ideal_control_transfer:000,P3,symmetric_total_source_drain_series_resistance_width_product,ideal_control,0.0,0.0,0.0,0.0,direct_ideal_ohmic_contacts,False,t03_p3_contact_ideal_control_transfer,transfer,ideal_control_transfer,0,interface_4x,T03_P3_CONTACT_RESISTANCE,enabled_symmetric_teaching_top_stack,0.0,-0.5,0.0,0.01,0.0,0.01,0.01,0.0,0.01,0.01,-2.100900501787303e-10,2.1009005018577555e-10,-1.2605403010723819e-12,1.2605403011146533e-12,-1.2605403010723819e-12,1.2605403011146533e-12,-2.100900501787303e-10,2.1009005018577555e-10,7.04525237347899e-21,3.3534440908787024e-11,0.0,0.0,0.0,0.0,0.0,0.0,0.0,0.0,0.0,0.0,0.0,0.0,0.0,0.0,0.0,False,[],-0.23911894665357208,807306959954.466,0.012491673995100427,True
ideal_control:ideal_control_transfer:001,P3,symmetric_total_source_drain_series_resistance_width_product,ideal_control,0.0,0.0,0.0,0.0,direct_ideal_ohmic_contacts,False,t03_p3_contact_ideal_control_transfer,transfer,ideal_control_transfer,1,interface_4x,T03_P3_CONTACT_RESISTANCE,enabled_symmetric_teaching_top_stack,0.0,-0.45,0.0,0.01,0.0,0.01,0.01,0.0,0.01,0.01,-4.949974025749016e-10,4.94997402578647e-10,-2.9699844154494098e-12,2.969984415471882e-12,-2.9699844154494098e-12,2.969984415471882e-12,-4.949974025749016e-10,4.94997402578647e-10,3.74537041606354e-21,7.566444584461153e-12,0.0,0.0,0.0,0.0,0.0,0.0,0.0,0.0,0.0,0.0,0.0,0.0,0.0,0.0,0.0,False,[],-0.21412109486385084,2123150613684.0557,0.040498109003237914,True
ideal_control:ideal_control_transfer:002,P3,symmetric_total_source_drain_series_resistance_width_product,ideal_control,0.0,0.0,0.0,0.0,direct_ideal_ohmic_contacts,False,t03_p3_contact_ideal_control_transfer,transfer,ideal_control_transfer,2,interface_4x,T03_P3_CONTACT_RESISTANCE,enabled_symmetric_teaching_top_stack,0.0,-0.4,0.0,0.01,0.0,0.01,0.01,0.0,0.01,0.01,-1.175346534127582e-09,1.1753465341285589e-09,-7.052079204765492e-12,7.052079204771353e-12,-7.052079204765492e-12,7.052079204771353e-12,-1.175346534127582e-09,1.1753465341285589e-09,9.769003034251257e-22,8.311593858141864e-13,0.0,0.0,0.0,0.0,0.0,0.0,0.0,0.0,0.0,0.0,0.0,0.0,0.0,0.0,0.0,False,[],-0.1891262528706111,5583036541237.6,0.03925917200103868,True
ideal_control:ideal_control_transfer:003,P3,symmetric_total_source_drain_series_resistance_width_product,ideal_control,0.0,0.0,0.0,0.0,direct_ideal_ohmic_contacts,False,t03_p3_contact_ideal_control_transfer,transfer,ideal_control_transfer,3,interface_4x,T03_P3_CONTACT_RESISTANCE,enabled_symmetric_teaching_top_stack,0.0,-0.35,0.0,0.01,0.0,0.01,0.01,0.0,0.01,0.01,-2.8142952810323675e-09,2.8142952810400818e-09,-1.6885771686194205e-11,1.688577168624049e-11,-1.6885771686194205e-11,1.688577168624049e-11,-2.8142952810323675e-09,2.8142952810400818e-09,7.714286392669536e-21,2.741107674322845e-12,0.0,0.0,0.0,0.0,0.0,0.0,0.0,0.0,0.0,0.0,0.0,0.0,0.0,0.0,0.0,False,[],-0.164138747680266,14676861535814.123,0.03944271899672458,True
ideal_control:ideal_control_transfer:004,P3,symmetric_total_source_drain_series_resistance_width_product,ideal_control,0.0,0.0,0.0,0.0,direct_ideal_ohmic_contacts,False,t03_p3_contact_ideal_control_transfer,transfer,ideal_control_transfer,4,interface_4x,T03_P3_CONTACT_RESISTANCE,enabled_symmetric_teaching_top_stack,0.0,-0.3,0.0,0.01,0.0,0.01,0.01,0.0,0.01,0.01,-6.798036727847887e-09,6.798036727854662e-09,-4.0788220367087326e-11,4.0788220367127974e-11,-4.0788220367087326e-11,4.0788220367127974e-11,-6.798036727847887e-09,6.798036727854662e-09,6.774609216809297e-21,9.96553782807708e-13,0.0,0.0,0.0,0.0,0.0,0.0,0.0,0.0,0.0,0.0,0.0,0.0,0.0,0.0,0.0,False,[],-0.13916929053575672,38555380994650.83,0.038278569001704454,True
ideal_control:ideal_control_transfer:005,P3,symmetric_total_source_drain_series_resistance_width_product,ideal_control,0.0,0.0,0.0,0.0,direct_ideal_ohmic_contacts,False,t03_p3_contact_ideal_control_transfer,transfer,ideal_control_transfer,5,interface_4x,T03_P3_CONTACT_RESISTANCE,enabled_symmetric_teaching_top_stack,0.0,-0.25,0.0,0.01,0.0,0.01,0.01,0.0,0.01,0.01,-1.6561208985024278e-08,1.6561208985027537e-08,-9.936725391014566e-11,9.936725391016522e-11,-9.936725391014566e-11,9.936725391016522e-11,-1.6561208985024278e-08,1.6561208985027537e-08,3.259091613458929e-21,1.9679068215402453e-13,0.0,0.0,0.0,0.0,0.0,0.0,0.0,0.0,0.0,0.0,0.0,0.0,0.0,0.0,0.0,False,[],-0.11424457985285207,101103933681695.42,0.041130161996989045,True
ideal_control:ideal_control_transfer:006,P3,symmetric_total_source_drain_series_resistance_width_product,ideal_control,0.0,0.0,0.0,0.0,direct_ideal_ohmic_contacts,False,t03_p3_contact_ideal_control_transfer,transfer,ideal_control_transfer,6,interface_4x,T03_P3_CONTACT_RESISTANCE,enabled_symmetric_teaching_top_stack,0.0,-0.2,0.0,0.01,0.0,0.01,0.01,0.0,0.01,0.01,-4.061372833270612e-08,4.0613728332704366e-08,-2.4368236999623673e-10,2.436823699962262e-10,-2.4368236999623673e-10,2.436823699962262e-10,-4.061372833270612e-08,4.0613728332704366e-08,-1.7536228986124187e-21,4.3178082156033705e-14,0.0,0.0,0.0,0.0,0.0,0.0,0.0,0.0,0.0,0.0,0.0,0.0,0.0,0.0,0.0,False,[],-0.08943120788227929,263962379689174.03,0.04159974500362296,True
ideal_control:ideal_control_transfer:007,P3,symmetric_total_source_drain_series_resistance_width_product,ideal_control,0.0,0.0,0.0,0.0,direct_ideal_ohmic_contacts,False,t03_p3_contact_ideal_control_transfer,transfer,ideal_control_transfer,7,interface_4x,T03_P3_CONTACT_RESISTANCE,enabled_symmetric_teaching_top_stack,0.0,-0.15,0.0,0.01,0.0,0.01,0.01,0.0,0.01,0.01,-9.96837938629786e-08,9.968379386297035e-08,-5.981027631778716e-10,5.981027631778221e-10,-5.981027631778716e-10,5.981027631778221e-10,-9.968379386297859e-08,9.968379386297035e-08,-8.258571235729428e-21,8.28476818115624e-14,0.0,0.0,0.0,0.0,0.0,0.0,0.0,0.0,0.0,0.0,0.0,0.0,0.0,0.0,0.0,False,[],-0.06489271154649566,681727707940020.1,0.041014800000994,True
ideal_control:ideal_control_transfer:008,P3,symmetric_total_source_drain_series_resistance_width_product,ideal_control,0.0,0.0,0.0,0.0,direct_ideal_ohmic_contacts,False,t03_p3_contact_ideal_control_transfer,transfer,ideal_control_transfer,8,interface_4x,T03_P3_CONTACT_RESISTANCE,enabled_symmetric_teaching_top_stack,0.0,-0.1,0.0,0.01,0.0,0.01,0.01,0.0,0.01,0.01,-2.4142008492076085e-07,2.4142008492075016e-07,-1.4485205095245652e-09,1.4485205095245009e-09,-1.4485205095245652e-09,1.4485205095245009e-09,-2.4142008492076085e-07,2.4142008492075016e-07,-1.0693790959085542e-20,4.429536574223089e-14,0.0,0.0,0.0,0.0,0.0,0.0,0.0,0.0,0.0,0.0,0.0,0.0,0.0,0.0,0.0,False,[],-0.04100932784576478,1715891505045578.8,0.04233582899905741,True
ideal_control:ideal_control_transfer:009,P3,symmetric_total_source_drain_series_resistance_width_product,ideal_control,0.0,0.0,0.0,0.0,direct_ideal_ohmic_contacts,False,t03_p3_contact_ideal_control_transfer,transfer,ideal_control_transfer,9,interface_4x,T03_P3_CONTACT_RESISTANCE,enabled_symmetric_teaching_top_stack,0.0,-0.05,0.0,0.01,0.0,0.01,0.01,0.0,0.01,0.01,-5.603609473994749e-07,5.60360947399483e-07,-3.3621656843968496e-09,3.3621656843968984e-09,-3.3621656843968496e-09,3.3621656843968984e-09,-5.603609473994749e-07,5.60360947399483e-07,8.152692117322641e-21,1.4549001237787117e-14,0.0,0.0,0.0,0.0,0.0,0.0,0.0,0.0,0.0,0.0,0.0,0.0,0.0,0.0,0.0,False,[],-0.018549627861549674,4084411462863897.0,0.04206578199955402,True
ideal_control:ideal_control_transfer:010,P3,symmetric_total_source_drain_series_resistance_width_product,ideal_control,0.0,0.0,0.0,0.0,direct_ideal_ohmic_contacts,False,t03_p3_contact_ideal_control_transfer,transfer,ideal_control_transfer,10,interface_4x,T03_P3_CONTACT_RESISTANCE,enabled_symmetric_teaching_top_stack,0.0,0.0,0.0,0.01,0.0,0.01,0.01,0.0,0.01,0.01,-1.1930966936239747e-06,1.1930966936239793e-06,-7.158580161743848e-09,7.158580161743876e-09,-7.158580161743848e-09,7.158580161743876e-09,-1.1930966936239747e-06,1.1930966936239793e-06,4.658681209898652e-21,3.904697108620853e-15,0.0,0.0,0.0,0.0,0.0,0.0,0.0,0.0,0.0,0.0,0.0,0.0,0.0,0.0,0.0,False,[],0.001332691319669748,8792236312879518.0,0.04404483999678632,True
ideal_control:ideal_control_transfer:011,P3,symmetric_total_source_drain_series_resistance_width_product,ideal_control,0.0,0.0,0.0,0.0,direct_ideal_ohmic_contacts,False,t03_p3_contact_ideal_control_transfer,transfer,ideal_control_transfer,11,interface_4x,T03_P3_CONTACT_RESISTANCE,enabled_symmetric_teaching_top_stack,0.0,0.05,0.0,0.01,0.0,0.01,0.01,0.0,0.01,0.01,-2.243559487785056e-06,2.243559487785061e-06,-1.3461356926710337e-08,1.3461356926710367e-08,-1.3461356926710337e-08,1.3461356926710367e-08,-2.243559487785056e-06,2.243559487785061e-06,5.082197683525802e-21,2.2652386581214153e-15,0.0,0.0,0.0,0.0,0.0,0.0,0.0,0.0,0.0,0.0,0.0,0.0,0.0,0.0,0.0,False,[],0.017648561760206974,1.6481049918011626e+16,0.046912301004340407,True
ideal_control:ideal_control_transfer:012,P3,symmetric_total_source_drain_series_resistance_width_product,ideal_control,0.0,0.0,0.0,0.0,direct_ideal_ohmic_contacts,False,t03_p3_contact_ideal_control_transfer,transfer,ideal_control_transfer,12,interface_4x,T03_P3_CONTACT_RESISTANCE,enabled_symmetric_teaching_top_stack,0.0,0.1,0.0,0.01,0.0,0.01,0.01,0.0,0.01,0.01,-3.700428574078751e-06,3.7004285740787333e-06,-2.2202571444472508e-08,2.22025714444724e-08,-2.2202571444472508e-08,2.22025714444724e-08,-3.7004285740787515e-06,3.7004285740787333e-06,-1.7787691892340307e-20,4.806927504814408e-15,0.0,0.0,0.0,0.0,0.0,0.0,0.0,0.0,0.0,0.0,0.0,0.0,0.0,0.0,0.0,False,[],0.030249531738275284,2.676615586916425e+16,0.04277361799904611,True
ideal_control:ideal_control_transfer:013,P3,symmetric_total_source_drain_series_resistance_width_product,ideal_control,0.0,0.0,0.0,0.0,direct_ideal_ohmic_contacts,False,t03_p3_contact_ideal_control_transfer,transfer,ideal_control_transfer,13,interface_4x,T03_P3_CONTACT_RESISTANCE,enabled_symmetric_teaching_top_stack,0.0,0.15,0.0,0.01,0.0,0.01,0.01,0.0,0.01,0.01,-5.462041732526001e-06,5.462041732526012e-06,-3.277225039515601e-08,3.2772250395156074e-08,-3.277225039515601e-08,3.2772250395156074e-08,-5.462041732526001e-06,5.462041732526012e-06,1.1011428314305904e-20,2.015991245312856e-15,0.0,0.0,0.0,0.0,0.0,0.0,0.0,0.0,0.0,0.0,0.0,0.0,0.0,0.0,0.0,False,[],0.039725363314865605,3.854225028782632e+16,0.04323848700005328,True
ideal_control:ideal_control_transfer:014,P3,symmetric_total_source_drain_series_resistance_width_product,ideal_control,0.0,0.0,0.0,0.0,direct_ideal_ohmic_contacts,False,t03_p3_contact_ideal_control_transfer,transfer,ideal_control_transfer,14,interface_4x,T03_P3_CONTACT_RESISTANCE,enabled_symmetric_teaching_top_stack,0.0,0.2,0.0,0.01,0.0,0.01,0.01,0.0,0.01,0.01,-7.412956638914872e-06,7.412956638914868e-06,-4.447773983348924e-08,4.447773983348921e-08,-4.447773983348924e-08,4.447773983348921e-08,-7.412956638914872e-06,7.412956638914868e-06,-4.235164736271502e-21,5.713192377301503e-16,0.0,0.0,0.0,0.0,0.0,0.0,0.0,0.0,0.0,0.0,0.0,0.0,0.0,0.0,0.0,False,[],0.04685755866596013,5.071597384095384e+16,0.041897237999364734,True
ideal_control:ideal_control_transfer:015,P3,symmetric_total_source_drain_series_resistance_width_product,ideal_control,0.0,0.0,0.0,0.0,direct_ideal_ohmic_contacts,False,t03_p3_contact_ideal_control_transfer,transfer,ideal_control_transfer,15,interface_4x,T03_P3_CONTACT_RESISTANCE,enabled_symmetric_teaching_top_stack,0.0,0.25,0.0,0.01,0.0,0.01,0.01,0.0,0.01,0.01,-9.46269391169945e-06,9.462693911699362e-06,-5.67761634701967e-08,5.677616347019617e-08,-5.67761634701967e-08,5.677616347019617e-08,-9.46269391169945e-06,9.462693911699362e-06,-8.809142651444724e-20,9.309339109609483e-15,0.0,0.0,0.0,0.0,0.0,0.0,0.0,0.0,0.0,0.0,0.0,0.0,0.0,0.0,0.0,False,[],0.052304628007629216,6.254748623536028e+16,0.04024305900384206,True
ideal_control:ideal_control_transfer:016,P3,symmetric_total_source_drain_series_resistance_width_product,ideal_control,0.0,0.0,0.0,0.0,direct_ideal_ohmic_contacts,False,t03_p3_contact_ideal_control_transfer,transfer,ideal_control_transfer,16,interface_4x,T03_P3_CONTACT_RESISTANCE,enabled_symmetric_teaching_top_stack,0.0,0.3,0.0,0.01,0.0,0.01,0.01,0.0,0.01,0.01,-1.1549445541373103e-05,1.154944554137312e-05,-6.929667324823862e-08,6.929667324823872e-08,-6.929667324823862e-08,6.929667324823872e-08,-1.1549445541373102e-05,1.154944554137312e-05,1.6940658945086007e-20,1.466794131752919e-15,0.0,0.0,0.0,0.0,0.0,0.0,0.0,0.0,0.0,0.0,0.0,0.0,0.0,0.0,0.0,False,[],0.056544883007083165,7.364012706240109e+16,0.04107808099797694,True
ideal_control:ideal_control_transfer:017,P3,symmetric_total_source_drain_series_resistance_width_product,ideal_control,0.0,0.0,0.0,0.0,direct_ideal_ohmic_contacts,False,t03_p3_contact_ideal_control_transfer,transfer,ideal_control_transfer,17,interface_4x,T03_P3_CONTACT_RESISTANCE,enabled_symmetric_teaching_top_stack,0.0,0.35,0.0,0.01,0.0,0.01,0.01,0.0,0.01,0.01,-1.3633155085927871e-05,1.363315508592784e-05,-8.179893051556722e-08,8.179893051556704e-08,-8.179893051556722e-08,8.179893051556704e-08,-1.3633155085927871e-05,1.3633155085927839e-05,-3.049318610115481e-20,2.2366932605813198e-15,0.0,0.0,0.0,0.0,0.0,0.0,0.0,0.0,0.0,0.0,0.0,0.0,0.0,0.0,0.0,False,[],0.05991023918327385,8.382967866404533e+16,0.04194832599750953,True
ideal_control:ideal_control_transfer:018,P3,symmetric_total_source_drain_series_resistance_width_product,ideal_control,0.0,0.0,0.0,0.0,direct_ideal_ohmic_contacts,False,t03_p3_contact_ideal_control_transfer,transfer,ideal_control_transfer,18,interface_4x,T03_P3_CONTACT_RESISTANCE,enabled_symmetric_teaching_top_stack,0.0,0.4,0.0,0.01,0.0,0.01,0.01,0.0,0.01,0.01,-1.5688469780507107e-05,1.568846978050712e-05,-9.413081868304264e-08,9.413081868304272e-08,-9.413081868304264e-08,9.413081868304272e-08,-1.5688469780507107e-05,1.568846978050712e-05,1.3552527156068805e-20,8.638527113018876e-16,0.0,0.0,0.0,0.0,0.0,0.0,0.0,0.0,0.0,0.0,0.0,0.0,0.0,0.0,0.0,False,[],0.06262985128503153,9.308615506074048e+16,0.04061974000069313,True
ideal_control:ideal_control_transfer:019,P3,symmetric_total_source_drain_series_resistance_width_product,ideal_control,0.0,0.0,0.0,0.0,direct_ideal_ohmic_contacts,False,t03_p3_contact_ideal_control_transfer,transfer,ideal_control_transfer,19,interface_4x,T03_P3_CONTACT_RESISTANCE,enabled_symmetric_teaching_top_stack,0.0,0.45,0.0,0.01,0.0,0.01,0.01,0.0,0.01,0.01,-1.7699657872945445e-05,1.769965787294544e-05,-1.0619794723767267e-07,1.0619794723767263e-07,-1.0619794723767267e-07,1.0619794723767263e-07,-1.7699657872945445e-05,1.769965787294544e-05,-6.776263578034403e-21,3.8284715030521366e-16,0.0,0.0,0.0,0.0,0.0,0.0,0.0,0.0,0.0,0.0,0.0,0.0,0.0,0.0,0.0,False,[],0.06486366097371234,1.0144894339019608e+17,0.0404160099933506,True
ideal_control:ideal_control_transfer:020,P3,symmetric_total_source_drain_series_resistance_width_product,ideal_control,0.0,0.0,0.0,0.0,direct_ideal_ohmic_contacts,False,t03_p3_contact_ideal_control_transfer,transfer,ideal_control_transfer,20,interface_4x,T03_P3_CONTACT_RESISTANCE,enabled_symmetric_teaching_top_stack,0.0,0.5,0.0,0.01,0.0,0.01,0.01,0.0,0.01,0.01,-1.965725697832016e-05,1.9657256978320146e-05,-1.1794354186992096e-07,1.1794354186992088e-07,-1.1794354186992096e-07,1.1794354186992088e-07,-1.965725697832016e-05,1.9657256978320146e-05,-1.3552527156068805e-20,6.894414195742461e-16,0.0,0.0,0.0,0.0,0.0,0.0,0.0,0.0,0.0,0.0,0.0,0.0,0.0,0.0,0.0,False,[],0.06672518770326498,1.0898877096719965e+17,0.031963292000000365,True
ideal_control:ideal_control_transfer:021,P3,symmetric_total_source_drain_series_resistance_width_product,ideal_control,0.0,0.0,0.0,0.0,direct_ideal_ohmic_contacts,False,t03_p3_contact_ideal_control_transfer,transfer,ideal_control_transfer,21,interface_4x,T03_P3_CONTACT_RESISTANCE,enabled_symmetric_teaching_top_stack,0.0,0.55,0.0,0.01,0.0,0.01,0.01,0.0,0.01,0.01,-2.155591042715214e-05,2.1555910427151823e-05,-1.2933546256291284e-07,1.2933546256291093e-07,-1.2933546256291284e-07,1.2933546256291093e-07,-2.155591042715214e-05,2.1555910427151823e-05,-3.1848438816761693e-19,1.47748056962813e-14,0.0,0.0,0.0,0.0,0.0,0.0,0.0,0.0,0.0,0.0,0.0,0.0,0.0,0.0,0.0,False,[],0.0682964942120616,1.1578688929258678e+17,0.034869915994931944,True
ideal_control:ideal_control_transfer:022,P3,symmetric_total_source_drain_series_resistance_width_product,ideal_control,0.0,0.0,0.0,0.0,direct_ideal_ohmic_contacts,False,t03_p3_contact_ideal_control_transfer,transfer,ideal_control_transfer,22,interface_4x,T03_P3_CONTACT_RESISTANCE,enabled_symmetric_teaching_top_stack,0.0,0.6,0.0,0.01,0.0,0.01,0.01,0.0,0.01,0.01,-2.3392967118617343e-05,2.339296711861717e-05,-1.4035780271170407e-07,1.40357802711703e-07,-1.4035780271170407e-07,1.40357802711703e-07,-2.3392967118617343e-05,2.3392967118617167e-05,-1.7279472123987727e-19,7.386609845758224e-15,0.0,0.0,0.0,0.0,0.0,0.0,0.0,0.0,0.0,0.0,0.0,0.0,0.0,0.0,0.0,False,[],0.06963798865793099,1.2192435109110226e+17,0.03266584900120506,True
ideal_control:ideal_control_transfer:023,P3,symmetric_total_source_drain_series_resistance_width_product,ideal_control,0.0,0.0,0.0,0.0,direct_ideal_ohmic_contacts,False,t03_p3_contact_ideal_control_transfer,transfer,ideal_control_transfer,23,interface_4x,T03_P3_CONTACT_RESISTANCE,enabled_symmetric_teaching_top_stack,0.0,0.65,0.0,0.01,0.0,0.01,0.01,0.0,0.01,0.01,-2.5167565654035095e-05,2.516756565403461e-05,-1.5100539392421058e-07,1.5100539392420767e-07,-1.5100539392421058e-07,1.5100539392420767e-07,-2.5167565654035098e-05,2.516756565403461e-05,-4.845028458294598e-19,1.92510810338059e-14,0.0,0.0,0.0,0.0,0.0,0.0,0.0,0.0,0.0,0.0,0.0,0.0,0.0,0.0,0.0,False,[],0.07079490921126311,1.2747692582965558e+17,0.032794782004202716,True
ideal_control:ideal_control_transfer:024,P3,symmetric_total_source_drain_series_resistance_width_product,ideal_control,0.0,0.0,0.0,0.0,direct_ideal_ohmic_contacts,False,t03_p3_contact_ideal_control_transfer,transfer,ideal_control_transfer,24,interface_4x,T03_P3_CONTACT_RESISTANCE,enabled_symmetric_teaching_top_stack,0.0,0.7,0.0,0.01,0.0,0.01,0.01,0.0,0.01,0.01,-2.688002744244233e-05,2.688002744244186e-05,-1.61280164654654e-07,1.6128016465465116e-07,-1.61280164654654e-07,1.6128016465465116e-07,-2.688002744244233e-05,2.688002744244186e-05,-4.70950318673391e-19,1.752045527787602e-14,0.0,0.0,0.0,0.0,0.0,0.0,0.0,0.0,0.0,0.0,0.0,0.0,0.0,0.0,0.0,False,[],0.07180167864808577,1.3251305666177562e+17,0.03271363000385463,True
ideal_control:ideal_control_transfer:025,P3,symmetric_total_source_drain_series_resistance_width_product,ideal_control,0.0,0.0,0.0,0.0,direct_ideal_ohmic_contacts,False,t03_p3_contact_ideal_control_transfer,transfer,ideal_control_transfer,25,interface_4x,T03_P3_CONTACT_RESISTANCE,enabled_symmetric_teaching_top_stack,0.0,0.75,0.0,0.01,0.0,0.01,0.01,0.0,0.01,0.01,-2.853144949051835e-05,2.8531449490519514e-05,-1.711886969431101e-07,1.7118869694311708e-07,-1.711886969431101e-07,1.7118869694311708e-07,-2.853144949051835e-05,2.853144949051951e-05,1.1655173354219173e-18,4.085026720458761e-14,0.0,0.0,0.0,0.0,0.0,0.0,0.0,0.0,0.0,0.0,0.0,0.0,0.0,0.0,0.0,False,[],0.07268487779972853,1.3709339733937158e+17,0.03440754800249124,True
ideal_control:ideal_control_transfer:026,P3,symmetric_total_source_drain_series_resistance_width_product,ideal_control,0.0,0.0,0.0,0.0,direct_ideal_ohmic_contacts,False,t03_p3_contact_ideal_control_transfer,transfer,ideal_control_transfer,26,interface_4x,T03_P3_CONTACT_RESISTANCE,enabled_symmetric_teaching_top_stack,0.0,0.8,0.0,0.01,0.0,0.01,0.01,0.0,0.01,0.01,-3.0123428202639494e-05,3.0123428202638603e-05,-1.8074056921583695e-07,1.807405692158316e-07,-1.8074056921583695e-07,1.807405692158316e-07,-3.012342820263949e-05,3.01234282026386e-05,-8.91078660511524e-19,2.958091803221272e-14,0.0,0.0,0.0,0.0,0.0,0.0,0.0,0.0,0.0,0.0,0.0,0.0,0.0,0.0,0.0,False,[],0.0734653105169973,1.4127112492585208e+17,0.032788701995741576,True
ideal_control:ideal_control_transfer:027,P3,symmetric_total_source_drain_series_resistance_width_product,ideal_control,0.0,0.0,0.0,0.0,direct_ideal_ohmic_contacts,False,t03_p3_contact_ideal_control_transfer,transfer,ideal_control_transfer,27,interface_4x,T03_P3_CONTACT_RESISTANCE,enabled_symmetric_teaching_top_stack,0.0,0.85,0.0,0.01,0.0,0.01,0.01,0.0,0.01,0.01,-3.1657870437371505e-05,3.165787043737324e-05,-1.8994722262422904e-07,1.8994722262423944e-07,-1.8994722262422904e-07,1.8994722262423944e-07,-3.1657870437371505e-05,3.165787043737324e-05,1.734723475976807e-18,5.4795962331341925e-14,0.0,0.0,0.0,0.0,0.0,0.0,0.0,0.0,0.0,0.0,0.0,0.0,0.0,0.0,0.0,False,[],0.07415946144285525,1.4509259459244378e+17,0.033218478005437646,True
ideal_control:ideal_control_transfer:028,P3,symmetric_total_source_drain_series_resistance_width_product,ideal_control,0.0,0.0,0.0,0.0,direct_ideal_ohmic_contacts,False,t03_p3_contact_ideal_control_transfer,transfer,ideal_control_transfer,28,interface_4x,T03_P3_CONTACT_RESISTANCE,enabled_symmetric_teaching_top_stack,0.0,0.9,0.0,0.01,0.0,0.01,0.01,0.0,0.01,0.01,-3.313686350180638e-05,3.3136863501805096e-05,-1.9882118101083826e-07,1.9882118101083059e-07,-1.9882118101083826e-07,1.9882118101083059e-07,-3.313686350180638e-05,3.3136863501805096e-05,-1.2807138162485021e-18,3.864921663991183e-14,0.0,0.0,0.0,0.0,0.0,0.0,0.0,0.0,0.0,0.0,0.0,0.0,0.0,0.0,0.0,False,[],0.07478054131688956,1.4859810845960803e+17,0.034858682003687136,True
ideal_control:ideal_control_transfer:029,P3,symmetric_total_source_drain_series_resistance_width_product,ideal_control,0.0,0.0,0.0,0.0,direct_ideal_ohmic_contacts,False,t03_p3_contact_ideal_control_transfer,transfer,ideal_control_transfer,29,interface_4x,T03_P3_CONTACT_RESISTANCE,enabled_symmetric_teaching_top_stack,0.0,0.95,0.0,0.01,0.0,0.01,0.01,0.0,0.01,0.01,-3.4562585461476105e-05,3.456258546147613e-05,-2.0737551276885664e-07,2.073755127688568e-07,-2.0737551276885664e-07,2.073755127688568e-07,-3.4562585461476105e-05,3.456258546147613e-05,2.710505431213761e-20,7.842310970152747e-16,0.0,0.0,0.0,0.0,0.0,0.0,0.0,0.0,0.0,0.0,0.0,0.0,0.0,0.0,0.0,False,[],0.07533924759837275,1.518226833779193e+17,0.033554939000168815,True
ideal_control:ideal_control_transfer:030,P3,symmetric_total_source_drain_series_resistance_width_product,ideal_control,0.0,0.0,0.0,0.0,direct_ideal_ohmic_contacts,False,t03_p3_contact_ideal_control_transfer,transfer,ideal_control_transfer,30,interface_4x,T03_P3_CONTACT_RESISTANCE,enabled_symmetric_teaching_top_stack,0.0,1.0,0.0,0.01,0.0,0.01,0.01,0.0,0.01,0.01,-3.5937243332786285e-05,3.5937243332786875e-05,-2.1562345999671772e-07,2.1562345999672124e-07,-2.1562345999671772e-07,2.1562345999672124e-07,-3.5937243332786285e-05,3.5937243332786875e-05,5.89534931288993e-19,1.6404567424100073e-14,0.0,0.0,0.0,0.0,0.0,0.0,0.0,0.0,0.0,0.0,0.0,0.0,0.0,0.0,0.0,False,[],0.07584432558886495,1.5479676378982486e+17,0.03422210099961376,True
literature_low_magnitude_proxy:literature_low_magnitude_proxy_transfer:000,P3,symmetric_total_source_drain_series_resistance_width_product,literature_low_magnitude_proxy,0.5,8.333333333333334,4.166666666666667,4.166666666666667,self_consistent_device_circuit_coupling,True,t03_p3_contact_literature_low_magnitude_proxy_transfer,transfer,literature_low_magnitude_proxy_transfer,0,interface_4x,T03_P3_CONTACT_RESISTANCE,enabled_symmetric_teaching_top_stack,0.0,-0.5,0.0,0.01,0.0,0.01,0.01,5.252251248883188e-12,0.009999999994747748,0.009999999989495497,-2.1009004995535402e-10,2.1009004995531018e-10,-1.2605402997321241e-12,1.2605402997318612e-12,-1.260540299731965e-12,1.2605404220433768e-12,-2.100900499553275e-10,2.100900703405628e-10,-4.3840572465310467e-23,2.0867514894030904e-13,-1.260540299731965e-12,1.2605404220433768e-12,1.260540299731965e-12,-1.260540299731965e-12,-1.5913533268842427e-25,-1.2231151565903484e-19,1.262437485911731e-13,9.70310142540006e-08,5.252251248883188e-12,5.2522517585140704e-12,1.0504503007397257e-11,-5.096308835476331e-19,4.851546603049872e-08,0.0,1.3241350011890194e-23,False,"[""dcop"", ""dcop_prev""]",-0.23911894665357203,807306959923.1748,0.013711897998291533,True
literature_low_magnitude_proxy:literature_low_magnitude_proxy_transfer:001,P3,symmetric_total_source_drain_series_resistance_width_product,literature_low_magnitude_proxy,0.5,8.333333333333334,4.166666666666667,4.166666666666667,self_consistent_device_circuit_coupling,True,t03_p3_contact_literature_low_magnitude_proxy_transfer,transfer,literature_low_magnitude_proxy_transfer,1,interface_4x,T03_P3_CONTACT_RESISTANCE,enabled_symmetric_teaching_top_stack,0.0,-0.45,0.0,0.01,0.0,0.01,0.01,1.2374935033367709e-11,0.009999999987625066,0.009999999975250131,-4.949974013346977e-10,4.949974013312456e-10,-2.9699844080081867e-12,2.9699844079874736e-12,-2.9699844080082497e-12,2.969984258527347e-12,-4.949974013347083e-10,4.949973764212245e-10,-3.452134888913492e-21,6.974046489143676e-12,-2.9699844080082497e-12,2.969984258527347e-12,2.96998440800825e-12,-2.96998440800825e-12,6.300789822181265e-26,1.4946012660419898e-19,2.1214891920616992e-14,5.032353914122951e-08,1.2374935033367709e-11,1.2374934410530614e-11,2.474986944389832e-11,6.228370935034072e-19,2.516526783768379e-08,0.0,7.350672449880146e-23,False,"[""dcop"", ""dcop_prev""]",-0.2141210948638505,2123150613490.2979,0.042147792999458034,True
literature_low_magnitude_proxy:literature_low_magnitude_proxy_transfer:002,P3,symmetric_total_source_drain_series_resistance_width_product,literature_low_magnitude_proxy,0.5,8.333333333333334,4.166666666666667,4.166666666666667,self_consistent_device_circuit_coupling,True,t03_p3_contact_literature_low_magnitude_proxy_transfer,transfer,literature_low_magnitude_proxy_transfer,2,interface_4x,T03_P3_CONTACT_RESISTANCE,enabled_symmetric_teaching_top_stack,0.0,-0.4,0.0,0.01,0.0,0.01,0.01,2.938366317836857e-11,0.009999999970616336,0.009999999941232672,-1.1753465271348971e-09,1.1753465271243415e-09,-7.052079162809383e-12,7.0520791627460486e-12,-7.052079162808456e-12,7.052079337155347e-12,-1.1753465271347427e-09,1.1753465561925578e-09,-1.0555651796789186e-20,8.980884831063691e-12,-7.052079162808456e-12,7.052079337155347e-12,7.0520791628084555e-12,-7.052079162808456e-12,-9.265392212874246e-25,-1.7440929863181122e-19,1.313852553121813e-13,2.473161322971787e-08,2.938366317836857e-11,2.938366390481395e-11,5.876732708318252e-11,-7.264453814088865e-19,1.236138188488251e-08,0.0,4.1443184790021095e-22,False,"[""dcop"", ""dcop_prev""]",-0.1891262528706092,5583036540029.512,0.04259053299756488,True
literature_low_magnitude_proxy:literature_low_magnitude_proxy_transfer:003,P3,symmetric_total_source_drain_series_resistance_width_product,literature_low_magnitude_proxy,0.5,8.333333333333334,4.166666666666667,4.166666666666667,self_consistent_device_circuit_coupling,True,t03_p3_contact_literature_low_magnitude_proxy_transfer,transfer,literature_low_magnitude_proxy_transfer,3,interface_4x,T03_P3_CONTACT_RESISTANCE,enabled_symmetric_teaching_top_stack,0.0,-0.35,0.0,0.01,0.0,0.01,0.01,7.035738102351118e-11,0.009999999929642619,0.009999999859285237,-2.8142952409406222e-09,2.814295240944607e-09,-1.6885771445643734e-11,1.6885771445667644e-11,-1.6885771445642683e-11,1.688577153102777e-11,-2.8142952409404473e-09,2.8142952551712948e-09,3.984942600974211e-21,1.4159646589306246e-12,-1.6885771445642683e-11,1.688577153102777e-11,1.6885771445642683e-11,-1.688577144564269e-11,-1.050131637030211e-24,-8.536012459941115e-20,6.219032635912696e-14,5.055150985701844e-09,7.035738102351118e-11,7.035738137928238e-11,1.4071476240279355e-10,-3.5577120863966976e-19,2.5283147387320975e-09,0.0,2.376077322968957e-21,False,"[""dcop"", ""dcop_prev""]",-0.16413874768025494,14676861528221.309,0.04288034299679566,True
literature_low_magnitude_proxy:literature_low_magnitude_proxy_transfer:004,P3,symmetric_total_source_drain_series_resistance_width_product,literature_low_magnitude_proxy,0.5,8.333333333333334,4.166666666666667,4.166666666666667,self_consistent_device_circuit_coupling,True,t03_p3_contact_literature_low_magnitude_proxy_transfer,transfer,literature_low_magnitude_proxy_transfer,4,interface_4x,T03_P3_CONTACT_RESISTANCE,enabled_symmetric_teaching_top_stack,0.0,-0.3,0.0,0.01,0.0,0.01,0.01,1.699509123482451e-10,0.009999999830049087,0.009999999660098175,-6.798036493930104e-09,6.798036493916846e-09,-4.078821896358062e-11,4.078821896350108e-11,-4.0788218963578826e-11,4.078821905229013e-11,-6.7980364939298045e-09,6.798036508715021e-09,-1.3258050857999928e-20,1.9502765055524346e-12,-4.0788218963578826e-11,4.078821905229013e-11,4.078821896357882e-11,-4.0788218963578826e-11,-1.796532892888607e-24,-8.878904996355914e-20,4.404538708818624e-14,2.1768307620818745e-09,1.699509123482451e-10,1.6995091271787555e-10,3.399018250661207e-10,-3.696304130078426e-19,1.0874622768912163e-09,0.0,1.3863990081993564e-20,False,"[""dcop"", ""dcop_prev""]",-0.13916929053569205,38555380946627.32,0.040882225999666844,True
literature_low_magnitude_proxy:literature_low_magnitude_proxy_transfer:005,P3,symmetric_total_source_drain_series_resistance_width_product,literature_low_magnitude_proxy,0.5,8.333333333333334,4.166666666666667,4.166666666666667,self_consistent_device_circuit_coupling,True,t03_p3_contact_literature_low_magnitude_proxy_transfer,transfer,literature_low_magnitude_proxy_transfer,5,interface_4x,T03_P3_CONTACT_RESISTANCE,enabled_symmetric_teaching_top_stack,0.0,-0.25,0.0,0.01,0.0,0.01,0.01,4.140301899223523e-10,0.00999999958596981,0.00999999917193962,-1.656120759689468e-08,1.6561207596897065e-08,-9.936724558136808e-11,9.936724558138239e-11,-9.936724558136454e-11,9.936724568171406e-11,-1.656120759689409e-08,1.656120761361901e-08,2.385588886602932e-21,1.440467956605954e-13,-9.936724558136454e-11,9.936724568171406e-11,9.936724558136454e-11,-9.93672455813645e-11,-3.54136699749265e-24,-1.0033167040279188e-19,3.5639178451341475e-14,1.0097056601947788e-09,4.140301899223523e-10,4.140301903404753e-10,8.280603802628275e-10,-4.181230492381513e-19,5.049427058619931e-10,0.0,8.228207920332223e-20,False,"[""dcop"", ""dcop_prev""]",-0.1142445798524688,101103933377074.45,0.0415252419988974,True
literature_low_magnitude_proxy:literature_low_magnitude_proxy_transfer:006,P3,symmetric_total_source_drain_series_resistance_width_product,literature_low_magnitude_proxy,0.5,8.333333333333334,4.166666666666667,4.166666666666667,self_consistent_device_circuit_coupling,True,t03_p3_contact_literature_low_magnitude_proxy_transfer,transfer,literature_low_magnitude_proxy_transfer,6,interface_4x,T03_P3_CONTACT_RESISTANCE,enabled_symmetric_teaching_top_stack,0.0,-0.2,0.0,0.01,0.0,0.01,0.01,1.0153429996693452e-09,0.009999998984657001,0.009999997969314002,-4.06137199867737e-08,4.061371998678292e-08,-2.436823199206422e-10,2.436823199206975e-10,-2.436823199206428e-10,2.436823197393689e-10,-4.06137199867738e-08,4.061371995656148e-08,9.21810074629094e-21,2.2697011623881838e-13,-2.436823199206428e-10,2.436823197393689e-10,2.436823199206428e-10,-2.4368231992064285e-10,6.203854594147708e-25,1.81328588523222e-19,2.5458780087812874e-15,7.441187714489606e-10,1.0153429996693452e-09,1.0153429989140372e-09,2.030685998583382e-09,7.553077163089077e-19,3.719470744545511e-10,0.0,4.948422749811106e-19,False,"[""dcop"", ""dcop_prev""]",-0.0894312078799972,263962377770240.84,0.04229977599607082,True
literature_low_magnitude_proxy:literature_low_magnitude_proxy_transfer:007,P3,symmetric_total_source_drain_series_resistance_width_product,literature_low_magnitude_proxy,0.5,8.333333333333334,4.166666666666667,4.166666666666667,self_consistent_device_circuit_coupling,True,t03_p3_contact_literature_low_magnitude_proxy_transfer,transfer,literature_low_magnitude_proxy_transfer,7,interface_4x,T03_P3_CONTACT_RESISTANCE,enabled_symmetric_teaching_top_stack,0.0,-0.15,0.0,0.01,0.0,0.01,0.01,2.492093590396495e-09,0.00999999750790641,0.00999999501581282,-9.968374361585922e-08,9.968374361585631e-08,-5.981024616951553e-10,5.981024616951378e-10,-5.981024616951587e-10,5.981024617240926e-10,-9.968374361585979e-08,9.96837436206821e-08,-2.9116757561866574e-21,2.9209133310713896e-14,-5.981024616951587e-10,5.981024617240926e-10,5.981024616951588e-10,-5.981024616951589e-10,3.412120026781239e-24,-2.895473355938275e-20,5.7049088497487755e-15,4.8410992116497424e-11,2.492093590396495e-09,2.4920935905170527e-09,4.984187180913547e-09,-1.2055826555715357e-19,2.41881496778258e-11,0.0,2.9810546225259522e-18,False,"[""dcop"", ""dcop_prev""]",-0.06489271153316366,681727696227767.2,0.04321143600100186,True
literature_low_magnitude_proxy:literature_low_magnitude_proxy_transfer:008,P3,symmetric_total_source_drain_series_resistance_width_product,literature_low_magnitude_proxy,0.5,8.333333333333334,4.166666666666667,4.166666666666667,self_consistent_device_circuit_coupling,True,t03_p3_contact_literature_low_magnitude_proxy_transfer,transfer,literature_low_magnitude_proxy_transfer,8,interface_4x,T03_P3_CONTACT_RESISTANCE,enabled_symmetric_teaching_top_stack,0.0,-0.1,0.0,0.01,0.0,0.01,0.01,6.035494764609679e-09,0.009999993964505235,0.00999998792901047,-2.4141979058438744e-07,2.4141979058438077e-07,-1.4485187435063248e-09,1.4485187435062847e-09,-1.448518743506323e-09,1.4485187437018874e-09,-2.414197905843872e-07,2.414197906169812e-07,-6.670384459627615e-21,2.762981627761791e-14,-1.448518743506323e-09,1.4485187437018874e-09,1.448518743506323e-09,-1.448518743506323e-09,-1.8611563782443123e-24,-1.9560277906495504e-19,1.284868688505297e-15,1.3503641559036055e-10,6.035494764609679e-09,6.035494765424532e-09,1.2070989530034211e-08,-8.1485231270353735e-19,6.750501362138298e-11,0.0,1.7485054588103463e-17,False,"[""dcop"", ""dcop_prev""]",-0.04100932777339121,1715891439567877.8,0.04452106700045988,True
literature_low_magnitude_proxy:literature_low_magnitude_proxy_transfer:009,P3,symmetric_total_source_drain_series_resistance_width_product,literature_low_magnitude_proxy,0.5,8.333333333333334,4.166666666666667,4.166666666666667,self_consistent_device_circuit_coupling,True,t03_p3_contact_literature_low_magnitude_proxy_transfer,transfer,literature_low_magnitude_proxy_transfer,9,interface_4x,T03_P3_CONTACT_RESISTANCE,enabled_symmetric_teaching_top_stack,0.0,-0.05,0.0,0.01,0.0,0.01,0.01,1.4008984131592203e-08,0.009999985991015868,0.009999971982031735,-5.603593652636864e-07,5.603593652636877e-07,-3.3621561915821187e-09,3.362156191582126e-09,-3.3621561915821286e-09,3.3621561917884787e-09,-5.603593652636881e-07,5.603593652980797e-07,1.2705494208814505e-21,2.2673832180596633e-15,-3.3621561915821286e-09,3.3621561917884787e-09,3.3621561915821286e-09,-3.36215619158213e-09,9.926167350636332e-24,-2.0635261151054105e-19,2.9523218985151846e-15,6.137508186399069e-11,1.4008984131592203e-08,1.4008984132451996e-08,2.80179682640442e-08,-8.597913810223182e-19,3.068714236853906e-11,0.0,9.420078547739854e-17,False,"[""dcop"", ""dcop_prev""]",-0.018549627532321495,4084411161363002.5,0.04388849200040568,True
literature_low_magnitude_proxy:literature_low_magnitude_proxy_transfer:010,P3,symmetric_total_source_drain_series_resistance_width_product,literature_low_magnitude_proxy,0.5,8.333333333333334,4.166666666666667,4.166666666666667,self_consistent_device_circuit_coupling,True,t03_p3_contact_literature_low_magnitude_proxy_transfer,transfer,literature_low_magnitude_proxy_transfer,10,interface_4x,T03_P3_CONTACT_RESISTANCE,enabled_symmetric_teaching_top_stack,0.0,0.0,0.0,0.01,0.0,0.01,0.01,2.9827238542820134e-08,0.009999970172761457,0.009999940345522913,-1.1930895417128033e-06,1.1930895417128055e-06,-7.1585372502768205e-09,7.158537250276833e-09,-7.158537250276832e-09,7.15853725047344e-09,-1.1930895417128053e-06,1.1930895417455731e-06,2.117582368135751e-21,1.774872961417245e-15,-7.158537250276832e-09,7.15853725047344e-09,7.158537250276832e-09,-7.158537250276831e-09,1.1580528575742387e-23,-1.9660676953344128e-19,1.61772275129176e-15,2.746465690605136e-11,2.9827238542820134e-08,2.9827238543639334e-08,5.965447708645947e-08,-8.191999740031161e-19,1.3732413961228245e-11,0.0,4.270387963750701e-16,False,"[""dcop"", ""dcop_prev""]",0.0013326924190430287,8792235314623946.0,0.04655728000216186,True
literature_low_magnitude_proxy:literature_low_magnitude_proxy_transfer:011,P3,symmetric_total_source_drain_series_resistance_width_product,literature_low_magnitude_proxy,0.5,8.333333333333334,4.166666666666667,4.166666666666667,self_consistent_device_circuit_coupling,True,t03_p3_contact_literature_low_magnitude_proxy_transfer,transfer,literature_low_magnitude_proxy_transfer,11,interface_4x,T03_P3_CONTACT_RESISTANCE,enabled_symmetric_teaching_top_stack,0.0,0.05,0.0,0.01,0.0,0.01,0.01,5.608835641984472e-08,0.00999994391164358,0.009999887823287161,-2.243534256793782e-06,2.2435342567937922e-06,-1.3461205540762693e-08,1.3461205540762752e-08,-1.3461205540762731e-08,1.3461205540660213e-08,-2.2435342567937884e-06,2.243534256776702e-06,1.0164395367051604e-20,4.53052826640473e-15,-1.3461205540762731e-08,1.3461205540660213e-08,1.3461205540762733e-08,-1.3461205540762731e-08,3.8050308177439273e-23,1.0253896309329842e-19,2.8266642287138933e-15,7.617368502605024e-12,5.608835641984472e-08,5.608835641941756e-08,1.1217671283926228e-07,4.271560683223835e-19,3.807885411426294e-12,0.0,1.5100337884106771e-15,False,"[""dcop"", ""dcop_prev""]",0.01764856427425644,1.6481047703455572e+16,0.04204349099745741,True
literature_low_magnitude_proxy:literature_low_magnitude_proxy_transfer:012,P3,symmetric_total_source_drain_series_resistance_width_product,literature_low_magnitude_proxy,0.5,8.333333333333334,4.166666666666667,4.166666666666667,self_consistent_device_circuit_coupling,True,t03_p3_contact_literature_low_magnitude_proxy_transfer,transfer,literature_low_magnitude_proxy_transfer,12,interface_4x,T03_P3_CONTACT_RESISTANCE,enabled_symmetric_teaching_top_stack,0.0,0.1,0.0,0.01,0.0,0.01,0.01,9.25090006917427e-08,0.009999907490999308,0.009999814981998615,-3.700360027669728e-06,3.700360027669704e-06,-2.220216016601837e-08,2.2202160166018227e-08,-2.2202160166018247e-08,2.2202160166184814e-08,-3.7003600276697076e-06,3.700360027697469e-06,-2.371692252312041e-20,6.4093553994139195e-15,-2.2202160166018247e-08,2.2202160166184814e-08,2.2202160166018247e-08,-2.2202160166018247e-08,-1.224227306578481e-22,-1.6658755792327935e-19,5.5140008784020414e-15,7.50321395199202e-12,9.25090006917427e-08,9.250900069243673e-08,1.8501800138417942e-07,-6.940376211564923e-19,3.751189700253864e-12,0.0,4.107799300343547e-15,False,"[""dcop"", ""dcop_prev""]",0.030249535881346427,2.6766152392394916e+16,0.0426935850045993,True
literature_low_magnitude_proxy:literature_low_magnitude_proxy_transfer:013,P3,symmetric_total_source_drain_series_resistance_width_product,literature_low_magnitude_proxy,0.5,8.333333333333334,4.166666666666667,4.166666666666667,self_consistent_device_circuit_coupling,True,t03_p3_contact_literature_low_magnitude_proxy_transfer,transfer,literature_low_magnitude_proxy_transfer,13,interface_4x,T03_P3_CONTACT_RESISTANCE,enabled_symmetric_teaching_top_stack,0.0,0.15,0.0,0.01,0.0,0.01,0.01,1.3654731206530937e-07,0.009999863452687935,0.00999972690537587,-5.461892482612306e-06,5.461892482612387e-06,-3.277135489567384e-08,3.277135489567432e-08,-3.277135489567425e-08,3.27713548955999e-08,-5.461892482612374e-06,5.461892482599984e-06,8.046812998915853e-20,1.4732646284291404e-14,-3.277135489567425e-08,3.27713548955999e-08,3.277135489567425e-08,-3.2771354895674254e-08,4.1028158382630173e-22,7.441978535017079e-20,1.2519518498164324e-14,2.2708791133928336e-12,1.3654731206530937e-07,1.365473120649996e-07,2.73094624130309e-07,3.0980230045826035e-19,1.1344137638917273e-12,0.0,8.949680847464968e-15,False,"[""dcop"", ""dcop_prev""]",0.03972536878203948,3.854224596511057e+16,0.043091373998322524,True
literature_low_magnitude_proxy:literature_low_magnitude_proxy_transfer:014,P3,symmetric_total_source_drain_series_resistance_width_product,literature_low_magnitude_proxy,0.5,8.333333333333334,4.166666666666667,4.166666666666667,self_consistent_device_circuit_coupling,True,t03_p3_contact_literature_low_magnitude_proxy_transfer,transfer,literature_low_magnitude_proxy_transfer,14,interface_4x,T03_P3_CONTACT_RESISTANCE,enabled_symmetric_teaching_top_stack,0.0,0.2,0.0,0.01,0.0,0.01,0.01,1.8531704534230316e-07,0.009999814682954657,0.009999629365909314,-7.412681813692146e-06,7.412681813692119e-06,-4.447609088215288e-08,4.4476090882152716e-08,-4.4476090882152756e-08,4.4476090882289426e-08,-7.412681813692126e-06,7.4126818137149045e-06,-2.710505431213761e-20,3.6565786841236325e-15,-4.4476090882152756e-08,4.4476090882289426e-08,4.4476090882152756e-08,-4.4476090882152756e-08,-1.257314531080602e-22,-1.36709794197864e-19,2.826944783461467e-15,3.0737816990184816e-12,1.8531704534230316e-07,1.8531704534287263e-07,3.706340906851758e-07,-5.694708383509068e-19,1.5364772228514512e-12,0.0,1.6484355501363254e-14,False,"[""dcop"", ""dcop_prev""]",0.04685756496412388,5.071596916826639e+16,0.041715118000865914,True
literature_low_magnitude_proxy:literature_low_magnitude_proxy_transfer:015,P3,symmetric_total_source_drain_series_resistance_width_product,literature_low_magnitude_proxy,0.5,8.333333333333334,4.166666666666667,4.166666666666667,self_consistent_device_circuit_coupling,True,t03_p3_contact_literature_low_magnitude_proxy_transfer,transfer,literature_low_magnitude_proxy_transfer,15,interface_4x,T03_P3_CONTACT_RESISTANCE,enabled_symmetric_teaching_top_stack,0.0,0.25,0.0,0.01,0.0,0.01,0.01,2.3655615402176612e-07,0.009999763443845979,0.009999526887691958,-9.462246160870555e-06,9.46224616087066e-06,-5.677347696522333e-08,5.677347696522397e-08,-5.677347696522386e-08,5.6773476965060736e-08,-9.462246160870644e-06,9.462246160843455e-06,1.0503208545953324e-19,1.1100121860481043e-14,-5.677347696522386e-08,5.6773476965060736e-08,5.677347696522386e-08,-5.677347696522387e-08,5.293955920339377e-22,1.6323251335876427e-19,9.32469914354928e-15,2.875154422174121e-12,2.3655615402176612e-07,2.3655615402108643e-07,4.7311230804285255e-07,6.796910006123726e-19,1.4366377476504142e-12,0.0,2.6860230722596193e-14,False,"[""dcop"", ""dcop_prev""]",0.052304634682158915,6.254748158460047e+16,0.042623387002095114,True
literature_low_magnitude_proxy:literature_low_magnitude_proxy_transfer:016,P3,symmetric_total_source_drain_series_resistance_width_product,literature_low_magnitude_proxy,0.5,8.333333333333334,4.166666666666667,4.166666666666667,self_consistent_device_circuit_coupling,True,t03_p3_contact_literature_low_magnitude_proxy_transfer,transfer,literature_low_magnitude_proxy_transfer,16,interface_4x,T03_P3_CONTACT_RESISTANCE,enabled_symmetric_teaching_top_stack,0.0,0.3,0.0,0.01,0.0,0.01,0.01,2.8871946490932144e-07,0.009999711280535091,0.009999422561070182,-1.1548778596372788e-05,1.1548778596372883e-05,-6.929267157823672e-08,6.929267157823729e-08,-6.929267157823715e-08,6.929267157812502e-08,-1.1548778596372857e-05,1.154877859635417e-05,9.486769009248164e-20,8.214521501198116e-15,-6.929267157823715e-08,6.929267157812502e-08,6.929267157823715e-08,-6.92926715782371e-08,4.235164736271502e-22,1.1227157018059734e-19,6.111995164581944e-15,1.6202517181608914e-12,2.8871946490932144e-07,2.8871946490885425e-07,5.774389298181756e-07,4.6703279129233985e-19,8.088003201297831e-13,0.0,4.001228612034721e-14,True,"[""dcop"", ""dcop_prev""]",0.05654488970028774,7.364012266534766e+16,0.0447126759972889,True
literature_low_magnitude_proxy:literature_low_magnitude_proxy_transfer:017,P3,symmetric_total_source_drain_series_resistance_width_product,literature_low_magnitude_proxy,0.5,8.333333333333334,4.166666666666667,4.166666666666667,self_consistent_device_circuit_coupling,True,t03_p3_contact_literature_low_magnitude_proxy_transfer,transfer,literature_low_magnitude_proxy_transfer,17,interface_4x,T03_P3_CONTACT_RESISTANCE,enabled_symmetric_teaching_top_stack,0.0,0.35,0.0,0.01,0.0,0.01,0.01,3.40805645813719e-07,0.009999659194354187,0.009999318388708373,-1.3632225832548753e-05,1.3632225832548773e-05,-8.179335499529252e-08,8.179335499529264e-08,-8.179335499529256e-08,8.179335499527984e-08,-1.363222583254876e-05,1.363222583254664e-05,2.0328790734103208e-20,1.4912304845746822e-15,-8.179335499529256e-08,8.179335499527984e-08,8.179335499529255e-08,-8.179335499529258e-08,3.970466940254533e-23,1.2798138437420444e-20,4.854265900308215e-16,1.5646917085326798e-13,3.40805645813719e-07,3.40805645813666e-07,6.81611291627385e-07,5.293955920339377e-20,7.766825440493748e-14,0.0,5.5751274344874255e-14,True,"[""dcop"", ""dcop_prev""]",0.0599102456240783,8.382967465366694e+16,0.04388809699594276,True
literature_low_magnitude_proxy:literature_low_magnitude_proxy_transfer:018,P3,symmetric_total_source_drain_series_resistance_width_product,literature_low_magnitude_proxy,0.5,8.333333333333334,4.166666666666667,4.166666666666667,self_consistent_device_circuit_coupling,True,t03_p3_contact_literature_low_magnitude_proxy_transfer,transfer,literature_low_magnitude_proxy_transfer,18,interface_4x,T03_P3_CONTACT_RESISTANCE,enabled_symmetric_teaching_top_stack,0.0,0.4,0.0,0.01,0.0,0.01,0.01,3.9218098196457345e-07,0.009999607819018036,0.009999215638036072,-1.5687239278583015e-05,1.5687239278582954e-05,-9.412343567149809e-08,9.412343567149774e-08,-9.412343567149762e-08,9.412343567133385e-08,-1.5687239278582937e-05,1.5687239278555642e-05,-6.098637220230962e-20,3.8876421223185646e-15,-9.412343567149762e-08,9.412343567133385e-08,9.412343567149763e-08,-9.412343567149763e-08,-4.764560328305439e-22,1.6388764040390627e-19,5.062034013435631e-15,1.7411990885659349e-12,3.9218098196457345e-07,3.9218098196389106e-07,7.843619639284645e-07,6.823909181317457e-19,8.699949124432316e-13,0.0,7.382684285492613e-14,True,"[""dcop"", ""dcop_prev""]",0.06262985726571045,9.308615151095029e+16,0.04526824200002011,True
literature_low_magnitude_proxy:literature_low_magnitude_proxy_transfer:019,P3,symmetric_total_source_drain_series_resistance_width_product,literature_low_magnitude_proxy,0.5,8.333333333333334,4.166666666666667,4.166666666666667,self_consistent_device_circuit_coupling,True,t03_p3_contact_literature_low_magnitude_proxy_transfer,transfer,literature_low_magnitude_proxy_transfer,19,interface_4x,T03_P3_CONTACT_RESISTANCE,enabled_symmetric_teaching_top_stack,0.0,0.45,0.0,0.01,0.0,0.01,0.01,4.4245229305400666e-07,0.009999557547706947,0.009999115095413893,-1.7698091722159953e-05,1.7698091722160265e-05,-1.0618855033295973e-07,1.0618855033296159e-07,-1.0618855033296159e-07,1.0618855033284191e-07,-1.7698091722160265e-05,1.769809172214032e-05,3.1170812458958252e-19,1.7612527355098078e-14,-1.0618855033296159e-07,1.0618855033284191e-07,1.0618855033296159e-07,-1.061885503329616e-07,1.8661194619196304e-21,1.1968310846907247e-19,1.7573641000543685e-14,1.127081103318557e-12,4.4245229305400666e-07,4.4245229305350797e-07,8.849045861075146e-07,4.986906476959693e-19,5.635530152347737e-13,0.0,9.396673518169341e-14,True,"[""dcop"", ""dcop_prev""]",0.06486366633029679,1.014489403423746e+17,0.04474547499557957,True
literature_low_magnitude_proxy:literature_low_magnitude_proxy_transfer:020,P3,symmetric_total_source_drain_series_resistance_width_product,literature_low_magnitude_proxy,0.5,8.333333333333334,4.166666666666667,4.166666666666667,self_consistent_device_circuit_coupling,True,t03_p3_contact_literature_low_magnitude_proxy_transfer,transfer,literature_low_magnitude_proxy_transfer,20,interface_4x,T03_P3_CONTACT_RESISTANCE,enabled_symmetric_teaching_top_stack,0.0,0.5,0.0,0.01,0.0,0.01,0.01,4.913831326126577e-07,0.009999508616867388,0.009999017233734775,-1.965532530450541e-05,1.9655325304506318e-05,-1.1793195182703246e-07,1.1793195182703791e-07,-1.1793195182703786e-07,1.1793195182699389e-07,-1.9655325304506308e-05,1.965532530449898e-05,9.0801931945661e-19,4.619711479659057e-14,-1.1793195182703786e-07,1.1793195182699389e-07,1.1793195182703786e-07,-1.1793195182703783e-07,5.399835038746165e-21,4.401924347762192e-20,4.578771872329991e-14,3.7325968743552807e-13,4.913831326126577e-07,4.913831326124746e-07,9.827662652251323e-07,1.8317087484374245e-19,1.8638294915605555e-13,0.0,1.158995438477466e-13,True,"[""dcop"", ""dcop_prev""]",0.06672519230192799,1.089887684457335e+17,0.033717311001964845,True
literature_low_magnitude_proxy:literature_low_magnitude_proxy_transfer:021,P3,symmetric_total_source_drain_series_resistance_width_product,literature_low_magnitude_proxy,0.5,8.333333333333334,4.166666666666667,4.166666666666667,self_consistent_device_circuit_coupling,True,t03_p3_contact_literature_low_magnitude_proxy_transfer,transfer,literature_low_magnitude_proxy_transfer,21,interface_4x,T03_P3_CONTACT_RESISTANCE,enabled_symmetric_teaching_top_stack,0.0,0.55,0.0,0.01,0.0,0.01,0.01,5.388396915297779e-07,0.00999946116030847,0.009998922320616941,-2.1553587661190735e-05,2.1553587661191172e-05,-1.293215259671444e-07,1.2932152596714703e-07,-1.293215259671467e-07,1.2932152596706326e-07,-2.1553587661191114e-05,2.155358766117721e-05,4.37069000783219e-19,2.0278248227333124e-14,-1.293215259671467e-07,1.2932152596706326e-07,1.293215259671467e-07,-1.293215259671467e-07,2.276401045745932e-21,8.377685243937064e-20,1.760264603067116e-14,6.478183103148149e-13,5.388396915297779e-07,5.388396915294302e-07,1.0776793830592082e-06,3.477070248478903e-19,3.2264422082647107e-13,0.0,1.3936714232050504e-13,True,"[""dcop"", ""dcop_prev""]",0.06829649794026038,1.1578688731340075e+17,0.03620930400211364,True
literature_low_magnitude_proxy:literature_low_magnitude_proxy_transfer:022,P3,symmetric_total_source_drain_series_resistance_width_product,literature_low_magnitude_proxy,0.5,8.333333333333334,4.166666666666667,4.166666666666667,self_consistent_device_circuit_coupling,True,t03_p3_contact_literature_low_magnitude_proxy_transfer,transfer,literature_low_magnitude_proxy_transfer,22,interface_4x,T03_P3_CONTACT_RESISTANCE,enabled_symmetric_teaching_top_stack,0.0,0.6,0.0,0.01,0.0,0.01,0.01,5.847557917979936e-07,0.009999415244208202,0.009998830488416403,-2.3390231671919114e-05,2.339023167191977e-05,-1.403413900315147e-07,1.4034139003151864e-07,-1.4034139003151845e-07,1.403413900316619e-07,-2.339023167191974e-05,2.3390231671943648e-05,6.572975670693371e-19,2.810137053317133e-14,-1.4034139003151845e-07,1.403413900316619e-07,1.4034139003151845e-07,-1.403413900315185e-07,3.758708703440958e-21,-1.4325444720438354e-19,2.678260990999741e-14,1.0207569354419565e-12,5.847557917979936e-07,5.847557917985913e-07,1.169511583596585e-06,-5.975817442879089e-19,5.109669306992818e-13,0.0,1.64130881299991e-13,True,"[""dcop"", ""dcop_prev""]",0.06963799141876365,1.2192434966613547e+17,0.03761188199860044,True
literature_low_magnitude_proxy:literature_low_magnitude_proxy_transfer:023,P3,symmetric_total_source_drain_series_resistance_width_product,literature_low_magnitude_proxy,0.5,8.333333333333334,4.166666666666667,4.166666666666667,self_consistent_device_circuit_coupling,True,t03_p3_contact_literature_low_magnitude_proxy_transfer,transfer,literature_low_magnitude_proxy_transfer,23,interface_4x,T03_P3_CONTACT_RESISTANCE,enabled_symmetric_teaching_top_stack,0.0,0.65,0.0,0.01,0.0,0.01,0.01,6.291099888004503e-07,0.009999370890011199,0.009998741780022398,-2.516439955201897e-05,2.5164399552017992e-05,-1.5098639731211384e-07,1.5098639731210796e-07,-1.5098639731210807e-07,1.5098639731231376e-07,-2.5164399552018012e-05,2.5164399552052293e-05,-9.791700870259712e-19,3.89109259293815e-14,-1.5098639731210807e-07,1.5098639731231376e-07,1.5098639731210807e-07,-1.5098639731210804e-07,-5.770411953169921e-21,-2.0580253640319329e-19,3.8218091536031064e-14,1.363053494001138e-12,6.291099888004503e-07,6.291099888013074e-07,1.2582199776017576e-06,-8.571973426213519e-19,6.812778034685455e-13,0.0,1.899741014443401e-13,True,"[""dcop"", ""dcop_prev""]",0.07079491091987075,1.2747692496909826e+17,0.036277024999435525,True
literature_low_magnitude_proxy:literature_low_magnitude_proxy_transfer:024,P3,symmetric_total_source_drain_series_resistance_width_product,literature_low_magnitude_proxy,0.5,8.333333333333334,4.166666666666667,4.166666666666667,self_consistent_device_circuit_coupling,True,t03_p3_contact_literature_low_magnitude_proxy_transfer,transfer,literature_low_magnitude_proxy_transfer,24,interface_4x,T03_P3_CONTACT_RESISTANCE,enabled_symmetric_teaching_top_stack,0.0,0.7,0.0,0.01,0.0,0.01,0.01,6.719103987866056e-07,0.009999328089601214,0.009998656179202427,-2.6876415951464734e-05,2.687641595146424e-05,-1.612584957087884e-07,1.6125849570878544e-07,-1.6125849570878533e-07,1.6125849570877702e-07,-2.6876415951464222e-05,2.6876415951462836e-05,-4.946672411965114e-19,1.840525321865145e-14,-1.6125849570878533e-07,1.6125849570877702e-07,1.6125849570878533e-07,-1.6125849570878528e-07,-3.0704944337968387e-21,8.41738991333961e-21,1.90408227504599e-14,5.219811754005483e-14,6.719103987866056e-07,6.71910398786571e-07,1.3438207975731767e-06,3.4728350837426314e-20,2.5842992533039146e-14,0.0,2.16702520318825e-13,True,"[""dcop"", ""dcop_prev""]",0.07180167922932382,1.3251305637510699e+17,0.035930386002291925,True
literature_low_magnitude_proxy:literature_low_magnitude_proxy_transfer:025,P3,symmetric_total_source_drain_series_resistance_width_product,literature_low_magnitude_proxy,0.5,8.333333333333334,4.166666666666667,4.166666666666667,self_consistent_device_circuit_coupling,True,t03_p3_contact_literature_low_magnitude_proxy_transfer,transfer,literature_low_magnitude_proxy_transfer,25,interface_4x,T03_P3_CONTACT_RESISTANCE,enabled_symmetric_teaching_top_stack,0.0,0.75,0.0,0.01,0.0,0.01,0.01,7.131845189503832e-07,0.00999928681548105,0.0099985736309621,-2.852738075801538e-05,2.8527380758015378e-05,-1.711642845480923e-07,1.7116428454809226e-07,-1.7116428454809195e-07,1.7116428454796995e-07,-2.8527380758015323e-05,2.852738075799499e-05,-3.3881317890172014e-21,1.1876771364876296e-16,-1.7116428454809195e-07,1.7116428454796995e-07,1.7116428454809195e-07,-1.7116428454809197e-07,-3.441071348220595e-22,1.223168515394413e-19,2.0103909862420813e-15,7.1461667287882e-13,7.131845189503832e-07,7.131845189498748e-07,1.426369037900258e-06,5.084315265893938e-19,3.564516005884776e-13,0.0,2.441434358736609e-13,True,"[""dcop"", ""dcop_prev""]",0.07268487718661783,1.3709339763577507e+17,0.03528324700164376,True
literature_low_magnitude_proxy:literature_low_magnitude_proxy_transfer:026,P3,symmetric_total_source_drain_series_resistance_width_product,literature_low_magnitude_proxy,0.5,8.333333333333334,4.166666666666667,4.166666666666667,self_consistent_device_circuit_coupling,True,t03_p3_contact_literature_low_magnitude_proxy_transfer,transfer,literature_low_magnitude_proxy_transfer,26,interface_4x,T03_P3_CONTACT_RESISTANCE,enabled_symmetric_teaching_top_stack,0.0,0.8,0.0,0.01,0.0,0.01,0.01,7.529723230188899e-07,0.009999247027676982,0.009998494055353963,-3.0118892920757684e-05,3.01188929207556e-05,-1.807133575245461e-07,1.807133575245336e-07,-1.8071335752453355e-07,1.8071335752448125e-07,-3.011889292075559e-05,3.0118892920746876e-05,-2.083701050245579e-18,6.918252459437212e-14,-1.8071335752453355e-07,1.8071335752448125e-07,1.8071335752453358e-07,-1.8071335752453363e-07,-1.2546675531204324e-20,5.235722405215644e-20,6.942860064729926e-14,2.897252575535178e-13,7.529723230188899e-07,7.529723230186719e-07,1.505944646037562e-06,2.1811098391798234e-19,1.4483333400857427e-13,0.0,2.7214431323150363e-13,True,"[""dcop"", ""dcop_prev""]",0.07346530864965328,1.4127112581432053e+17,0.03858371100068325,True
literature_low_magnitude_proxy:literature_low_magnitude_proxy_transfer:027,P3,symmetric_total_source_drain_series_resistance_width_product,literature_low_magnitude_proxy,0.5,8.333333333333334,4.166666666666667,4.166666666666667,self_consistent_device_circuit_coupling,True,t03_p3_contact_literature_low_magnitude_proxy_transfer,transfer,literature_low_magnitude_proxy_transfer,27,interface_4x,T03_P3_CONTACT_RESISTANCE,enabled_symmetric_teaching_top_stack,0.0,0.85,0.0,0.01,0.0,0.01,0.01,7.91321538369239e-07,0.009999208678461631,0.009998417356923263,-3.165286153477209e-05,3.165286153476955e-05,-1.8991716920863255e-07,1.899171692086173e-07,-1.8991716920861733e-07,1.8991716920851997e-07,-3.165286153476955e-05,3.165286153475333e-05,-2.541098841762901e-18,8.02802248691288e-14,-1.8991716920861733e-07,1.8991716920851997e-07,1.8991716920861733e-07,-1.899171692086173e-07,-1.522012327097571e-20,9.732937959543945e-20,8.014084947873101e-14,5.124833104927262e-13,7.91321538369239e-07,7.913215383688332e-07,1.5826430767380722e-06,4.0572878173480986e-19,2.563615180821709e-13,0.0,3.0057109300163417e-13,True,"[""dcop"", ""dcop_prev""]",0.07415945826771109,1.4509259608174163e+17,0.03643326699966565,True
literature_low_magnitude_proxy:literature_low_magnitude_proxy_transfer:028,P3,symmetric_total_source_drain_series_resistance_width_product,literature_low_magnitude_proxy,0.5,8.333333333333334,4.166666666666667,4.166666666666667,self_consistent_device_circuit_coupling,True,t03_p3_contact_literature_low_magnitude_proxy_transfer,transfer,literature_low_magnitude_proxy_transfer,28,interface_4x,T03_P3_CONTACT_RESISTANCE,enabled_symmetric_teaching_top_stack,0.0,0.9,0.0,0.01,0.0,0.01,0.01,8.282843966237238e-07,0.009999171715603376,0.009998343431206752,-3.313137586494775e-05,3.313137586494896e-05,-1.9878825518968654e-07,1.9878825518969376e-07,-1.987882551896937e-07,1.9878825518973574e-07,-3.313137586494895e-05,3.313137586495596e-05,1.2061749168901237e-18,3.640582032592813e-14,-1.987882551896937e-07,1.9878825518973574e-07,1.987882551896937e-07,-1.9878825518969368e-07,7.173310272059856e-21,-4.198107044829126e-20,3.6085181517463014e-14,2.1118486305049533e-13,8.282843966237238e-07,8.28284396623899e-07,1.6565687932476228e-06,-1.751240618448266e-19,1.0571493472449511e-13,0.0,3.293064200114262e-13,True,"[""dcop"", ""dcop_prev""]",0.07478053678610093,1.4859811055817834e+17,0.03455726600077469,True
literature_low_magnitude_proxy:literature_low_magnitude_proxy_transfer:029,P3,symmetric_total_source_drain_series_resistance_width_product,literature_low_magnitude_proxy,0.5,8.333333333333334,4.166666666666667,4.166666666666667,self_consistent_device_circuit_coupling,True,t03_p3_contact_literature_low_magnitude_proxy_transfer,transfer,literature_low_magnitude_proxy_transfer,29,interface_4x,T03_P3_CONTACT_RESISTANCE,enabled_symmetric_teaching_top_stack,0.0,0.95,0.0,0.01,0.0,0.01,0.01,8.639153921222071e-07,0.009999136084607878,0.009998272169215757,-3.455661568488881e-05,3.4556615684888345e-05,-2.073396941093329e-07,2.0733969410933007e-07,-2.073396941093297e-07,2.0733969410921537e-07,-3.4556615684888284e-05,3.455661568486923e-05,-4.675621868843738e-19,1.3530323430625559e-14,-2.073396941093297e-07,2.0733969410921537e-07,2.0733969410932967e-07,-2.073396941093297e-07,-3.202843331805323e-21,1.146935550141526e-19,1.5447323512093262e-14,5.531673783297605e-13,8.639153921222071e-07,8.639153921217307e-07,1.727830784243938e-06,4.764560328305439e-19,2.757538742655468e-13,0.0,3.582479062777226e-13,True,"[""dcop"", ""dcop_prev""]",0.07533924166933675,1.5182268609377936e+17,0.03517466600169428,True
literature_low_magnitude_proxy:literature_low_magnitude_proxy_transfer:030,P3,symmetric_total_source_drain_series_resistance_width_product,literature_low_magnitude_proxy,0.5,8.333333333333334,4.166666666666667,4.166666666666667,self_consistent_device_circuit_coupling,True,t03_p3_contact_literature_low_magnitude_proxy_transfer,transfer,literature_low_magnitude_proxy_transfer,30,interface_4x,T03_P3_CONTACT_RESISTANCE,enabled_symmetric_teaching_top_stack,0.0,1.0,0.0,0.01,0.0,0.01,0.01,8.982697374158901e-07,0.009999101730262585,0.009998203460525169,-3.593078949663762e-05,3.59307894966356e-05,-2.155847369798257e-07,2.155847369798136e-07,-2.155847369798136e-07,2.155847369797459e-07,-3.59307894966356e-05,3.5930789496624316e-05,-2.019326546254252e-18,5.620045021396536e-14,-2.155847369798136e-07,2.155847369797459e-07,2.1558473697981362e-07,-2.155847369798136e-07,-1.2096689277975477e-20,6.770969622114063e-20,5.611106540954928e-14,3.1407462870379675e-13,8.982697374158901e-07,8.982697374156079e-07,1.7965394748314978e-06,2.82061971435682e-19,1.5700293558099375e-13,0.0,3.873064901553401e-13,True,"[""dcop"", ""dcop_prev""]",0.07584431822381195,1.547967671304718e+17,0.036621059000026435,True
literature_high_magnitude_proxy:literature_high_magnitude_proxy_transfer:000,P3,symmetric_total_source_drain_series_resistance_width_product,literature_high_magnitude_proxy,4.5,75.0,37.5,37.5,self_consistent_device_circuit_coupling,True,t03_p3_contact_literature_high_magnitude_proxy_transfer,transfer,literature_high_magnitude_proxy_transfer,0,interface_4x,T03_P3_CONTACT_RESISTANCE,enabled_symmetric_teaching_top_stack,0.0,-0.5,0.0,0.01,0.0,0.01,0.01,4.727026083772926e-11,0.00999999995272974,0.009999999905459479,-2.10090048167663e-10,2.1009004816063333e-10,-1.260540289005978e-12,1.2605402889638e-12,-1.2605402890061137e-12,1.2605402832654988e-12,-2.100900481676856e-10,2.1009004721091645e-10,-7.029665188811194e-21,3.346024835598661e-11,-1.2605402890061137e-12,1.2605402832654988e-12,1.2605402890061137e-12,-1.2605402890061137e-12,1.357093192469811e-25,5.698301231190582e-21,1.0765964438469677e-13,4.520522890922231e-09,4.727026083772926e-11,4.7270260622456206e-11,9.454052146018547e-11,2.152730564832836e-19,2.2770453680429837e-09,0.0,1.1917213597285051e-22,False,"[""dcop"", ""dcop_prev""]",-0.23911894665357153,807306959673.1635,0.011613883005338721,True
literature_high_magnitude_proxy:literature_high_magnitude_proxy_transfer:001,P3,symmetric_total_source_drain_series_resistance_width_product,literature_high_magnitude_proxy,4.5,75.0,37.5,37.5,self_consistent_device_circuit_coupling,True,t03_p3_contact_literature_high_magnitude_proxy_transfer,transfer,literature_high_magnitude_proxy_transfer,1,interface_4x,T03_P3_CONTACT_RESISTANCE,enabled_symmetric_teaching_top_stack,0.0,-0.45,0.0,0.01,0.0,0.01,0.01,1.1137441306768447e-10,0.009999999888625587,0.009999999777251174,-4.949973914118989e-10,4.949973914229945e-10,-2.9699843484713936e-12,2.969984348537967e-12,-2.969984348471586e-12,2.9699843510459326e-12,-4.949973914119309e-10,4.949973918409888e-10,1.1095593941633175e-20,2.241545942239433e-11,-2.969984348471586e-12,2.9699843510459326e-12,2.9699843484715862e-12,-2.969984348471587e-12,1.9225486893322323e-25,-2.507965573027464e-21,6.473262023490511e-14,8.444373022181883e-10,1.1137441306768447e-10,1.1137441316422247e-10,2.2274882623190695e-10,-9.653800039377348e-20,4.333939800492031e-10,0.0,6.61560527835897e-22,False,"[""dcop"", ""dcop_prev""]",-0.2141210948638478,2123150611941.147,0.043041186007030774,True
literature_high_magnitude_proxy:literature_high_magnitude_proxy_transfer:002,P3,symmetric_total_source_drain_series_resistance_width_product,literature_high_magnitude_proxy,4.5,75.0,37.5,37.5,self_consistent_device_circuit_coupling,True,t03_p3_contact_literature_high_magnitude_proxy_transfer,transfer,literature_high_magnitude_proxy_transfer,2,interface_4x,T03_P3_CONTACT_RESISTANCE,enabled_symmetric_teaching_top_stack,0.0,-0.4,0.0,0.01,0.0,0.01,0.01,2.644529560180392e-10,0.009999999735547044,0.009999999471094088,-1.1753464711913376e-09,1.1753464711910415e-09,-7.052078827148026e-12,7.052078827146249e-12,-7.052078827147711e-12,7.052078828303128e-12,-1.1753464711912851e-09,1.1753464713838546e-09,-2.961306592939839e-22,2.5195180021583273e-13,-7.052078827147711e-12,7.052078828303128e-12,7.052078827147712e-12,-7.052078827147712e-12,-3.1503949110906327e-25,-1.1568791335214657e-21,4.467327986979838e-14,1.6404795829541715e-10,2.644529560180392e-10,2.644529560613673e-10,5.289059120794065e-10,-4.3328134075833866e-20,8.192030582894941e-11,0.0,3.729886184433984e-21,False,"[""dcop"", ""dcop_prev""]",-0.18912625287059381,5583036530364.366,0.042038820996822324,True
literature_high_magnitude_proxy:literature_high_magnitude_proxy_transfer:003,P3,symmetric_total_source_drain_series_resistance_width_product,literature_high_magnitude_proxy,4.5,75.0,37.5,37.5,self_consistent_device_circuit_coupling,True,t03_p3_contact_literature_high_magnitude_proxy_transfer,transfer,literature_high_magnitude_proxy_transfer,3,interface_4x,T03_P3_CONTACT_RESISTANCE,enabled_symmetric_teaching_top_stack,0.0,-0.35,0.0,0.01,0.0,0.01,0.01,6.332163570460886e-10,0.009999999366783642,0.009999998733567285,-2.814294920204756e-09,2.8142949202185947e-09,-1.6885769521228537e-11,1.688576952131157e-11,-1.688576952122903e-11,1.6885769541878187e-11,-2.8142949202048387e-09,2.8142949236463646e-09,1.3838731648012153e-20,4.917299728820623e-12,-1.688576952122903e-11,1.6885769541878187e-11,1.688576952122903e-11,-1.688576952122902e-11,4.9436966297114545e-25,-2.0566618084909275e-20,2.927729543800872e-14,1.2179852409984787e-09,6.332163570460886e-10,6.33216357820432e-10,1.2664327148665207e-09,-7.743432101552842e-19,6.1143651817573e-10,0.0,2.1384690950455813e-20,False,"[""dcop"", ""dcop_prev""]",-0.1641387476801665,14676861467479.824,0.04135283100185916,True
literature_high_magnitude_proxy:literature_high_magnitude_proxy_transfer:004,P3,symmetric_total_source_drain_series_resistance_width_product,literature_high_magnitude_proxy,4.5,75.0,37.5,37.5,self_consistent_device_circuit_coupling,True,t03_p3_contact_literature_high_magnitude_proxy_transfer,transfer,literature_high_magnitude_proxy_transfer,4,interface_4x,T03_P3_CONTACT_RESISTANCE,enabled_symmetric_teaching_top_stack,0.0,-0.3,0.0,0.01,0.0,0.01,0.01,1.5295577900824448e-09,0.00999999847044221,0.009999996940884421,-6.798034622588352e-09,6.7980346225897816e-09,-4.0788207735530113e-11,4.078820773553869e-11,-4.0788207735531865e-11,4.078820771876342e-11,-6.798034622588644e-09,6.798034619793904e-09,1.4293680984916318e-21,2.1026196214739185e-13,-4.0788207735531865e-11,4.078820771876342e-11,4.0788207735531865e-11,-4.0788207735531884e-11,1.7512964531396133e-24,1.677526805901515e-20,4.2936342398148695e-14,4.1127740075715295e-10,1.5295577900824448e-09,1.5295577894536283e-09,3.059115579536073e-09,6.288164978082175e-19,2.0555499831869052e-10,0.0,1.2477584171947102e-19,False,"[""dcop"", ""dcop_prev""]",-0.1391692905351747,38555380562441.28,0.043869738998182584,True
literature_high_magnitude_proxy:literature_high_magnitude_proxy_transfer:005,P3,symmetric_total_source_drain_series_resistance_width_product,literature_high_magnitude_proxy,4.5,75.0,37.5,37.5,self_consistent_device_circuit_coupling,True,t03_p3_contact_literature_high_magnitude_proxy_transfer,transfer,literature_high_magnitude_proxy_transfer,5,interface_4x,T03_P3_CONTACT_RESISTANCE,enabled_symmetric_teaching_top_stack,0.0,-0.25,0.0,0.01,0.0,0.01,0.01,3.7262692106699594e-09,0.00999999627373079,0.00999999254746158,-1.656119649186627e-08,1.6561196491859408e-08,-9.936717895119763e-11,9.936717895115645e-11,-9.936717895119892e-11,9.936717892955471e-11,-1.656119649186649e-08,1.6561196488259117e-08,-6.862290361739918e-21,4.1435957632108324e-13,-9.936717895119892e-11,9.936717892955471e-11,9.936717895119892e-11,-9.936717895119894e-11,1.2924697071141057e-24,2.160174414863989e-20,1.3007008156575137e-14,2.1739315110533773e-10,3.7262692106699594e-09,3.726269209858302e-09,7.452538420528261e-09,8.116577411778576e-19,1.0891023908607029e-10,0.0,7.40537718792665e-19,False,"[""dcop"", ""dcop_prev""]",-0.1142445798494025,101103930940109.25,0.04284399700554786,True
literature_high_magnitude_proxy:literature_high_magnitude_proxy_transfer:006,P3,symmetric_total_source_drain_series_resistance_width_product,literature_high_magnitude_proxy,4.5,75.0,37.5,37.5,self_consistent_device_circuit_coupling,True,t03_p3_contact_literature_high_magnitude_proxy_transfer,transfer,literature_high_magnitude_proxy_transfer,6,interface_4x,T03_P3_CONTACT_RESISTANCE,enabled_symmetric_teaching_top_stack,0.0,-0.2,0.0,0.01,0.0,0.01,0.01,9.138071974374362e-09,0.009999990861928026,0.009999981723856051,-4.061365321944061e-08,4.0613653219438404e-08,-2.4368191931664366e-10,2.4368191931663043e-10,-2.4368191931664966e-10,2.436819193189314e-10,-4.061365321944161e-08,4.06136532198219e-08,-2.2036091518412657e-21,5.42578413208704e-14,-2.4368191931664966e-10,2.436819193189314e-10,2.4368191931664966e-10,-2.436819193166496e-10,5.997059441009451e-24,-2.3009579701811e-21,2.4610194543061855e-14,9.442464901015498e-12,9.138071974374362e-09,9.138071974459927e-09,1.827614394883429e-08,-8.556356256248518e-20,4.681707629444564e-12,0.0,4.453565835180162e-18,False,"[""dcop"", ""dcop_prev""]",-0.08943120786174051,263962362418818.03,0.04543185100192204,True
literature_high_magnitude_proxy:literature_high_magnitude_proxy_transfer:007,P3,symmetric_total_source_drain_series_resistance_width_product,literature_high_magnitude_proxy,4.5,75.0,37.5,37.5,self_consistent_device_circuit_coupling,True,t03_p3_contact_literature_high_magnitude_proxy_transfer,transfer,literature_high_magnitude_proxy_transfer,7,interface_4x,T03_P3_CONTACT_RESISTANCE,enabled_symmetric_teaching_top_stack,0.0,-0.15,0.0,0.01,0.0,0.01,0.01,2.2428751869172015e-08,0.00999997757124813,0.009999955142496261,-9.968334164076379e-08,9.968334164076613e-08,-5.981000498445827e-10,5.981000498445968e-10,-5.981000498445871e-10,5.981000498570902e-10,-9.968334164076452e-08,9.968334164284836e-08,2.3425754947501744e-21,2.3500170200877007e-14,-5.981000498445871e-10,5.981000498570902e-10,5.981000498445871e-10,-5.981000498445874e-10,4.342698215903395e-24,-1.2493425779271223e-20,7.260822360793685e-15,2.0888521547952382e-11,2.2428751869172015e-08,2.2428751869640884e-08,4.4857503738812895e-08,-4.688724409746578e-19,1.045248624845046e-11,0.0,2.6829275222368177e-17,False,"[""dcop"", ""dcop_prev""]",-0.06489271142650846,681727602530383.0,0.0430525289993966,True
literature_high_magnitude_proxy:literature_high_magnitude_proxy_transfer:008,P3,symmetric_total_source_drain_series_resistance_width_product,literature_high_magnitude_proxy,4.5,75.0,37.5,37.5,self_consistent_device_circuit_coupling,True,t03_p3_contact_literature_high_magnitude_proxy_transfer,transfer,literature_high_magnitude_proxy_transfer,8,interface_4x,T03_P3_CONTACT_RESISTANCE,enabled_symmetric_teaching_top_stack,0.0,-0.1,0.0,0.01,0.0,0.01,0.01,5.4318923081914945e-08,0.009999945681076918,0.009999891362153837,-2.414174359196232e-07,2.41417435919609e-07,-1.4485046155177393e-09,1.4485046155176543e-09,-1.4485046155177318e-09,1.4485046155125284e-09,-2.41417435919622e-07,2.4141743591875473e-07,-1.418780186650953e-20,5.8768753849383e-14,-1.4485046155177318e-09,1.4485046155125284e-09,1.4485046155177318e-09,-1.4485046155177316e-09,-7.444625512977249e-24,5.125831460837974e-21,5.1395248818840076e-15,3.5387056457573994e-12,5.4318923081914945e-08,5.4318923081719817e-08,1.0863784616363477e-07,1.9513521522370944e-19,1.796199226278739e-12,0.0,1.5736242158764762e-16,False,"[""dcop"", ""dcop_prev""]",-0.04100932719441219,1715890915754871.2,0.04525153300346574,True
literature_high_magnitude_proxy:literature_high_magnitude_proxy_transfer:009,P3,symmetric_total_source_drain_series_resistance_width_product,literature_high_magnitude_proxy,4.5,75.0,37.5,37.5,self_consistent_device_circuit_coupling,True,t03_p3_contact_literature_high_magnitude_proxy_transfer,transfer,literature_high_magnitude_proxy_transfer,9,interface_4x,T03_P3_CONTACT_RESISTANCE,enabled_symmetric_teaching_top_stack,0.0,-0.05,0.0,0.01,0.0,0.01,0.01,1.2607800941310425e-07,0.009999873921990587,0.009999747843981175,-5.603467085026825e-07,5.603467085026787e-07,-3.362080251016095e-09,3.3620802510160724e-09,-3.3620802510161133e-09,3.362080251007038e-09,-5.603467085026856e-07,5.60346708501173e-07,-3.8116482626443515e-21,6.802303296881246e-15,-3.3620802510161133e-09,3.362080251007038e-09,3.3620802510161133e-09,-3.3620802510161146e-09,1.819797347616661e-23,9.034466650304168e-21,5.412712403478971e-15,2.6871656759453653e-12,1.2607800941310425e-07,1.2607800941276393e-07,2.5215601882586815e-07,3.4029548655941516e-19,1.3495433824818342e-12,0.0,8.477687710681544e-16,False,"[""dcop"", ""dcop_prev""]",-0.01854962489859626,4084408749447529.0,0.04562946799705969,True
literature_high_magnitude_proxy:literature_high_magnitude_proxy_transfer:010,P3,symmetric_total_source_drain_series_resistance_width_product,literature_high_magnitude_proxy,4.5,75.0,37.5,37.5,self_consistent_device_circuit_coupling,True,t03_p3_contact_literature_high_magnitude_proxy_transfer,transfer,literature_high_magnitude_proxy_transfer,10,interface_4x,T03_P3_CONTACT_RESISTANCE,enabled_symmetric_teaching_top_stack,0.0,0.0,0.0,0.01,0.0,0.01,0.01,2.6843227414476007e-07,0.009999731567725855,0.00999946313545171,-1.1930323295322636e-06,1.1930323295322697e-06,-7.158193977193581e-09,7.158193977193618e-09,-7.158193977193602e-09,7.158193977193268e-09,-1.193032329532267e-06,1.1930323295322112e-06,6.1409888675936775e-21,5.1473784201650785e-15,-7.158193977193602e-09,7.158193977193268e-09,7.158193977193602e-09,-7.158193977193601e-09,2.0679515313825692e-23,3.498973991099307e-22,2.8889291600244085e-15,4.888068138761288e-14,2.6843227414476007e-07,2.6843227414474757e-07,5.368645482895076e-07,1.249373597200093e-20,2.3271672550938497e-14,0.0,3.842980576134628e-15,False,"[""dcop"", ""dcop_prev""]",0.0013327012133197628,8792227329223509.0,0.04491640099877259,True
literature_high_magnitude_proxy:literature_high_magnitude_proxy_transfer:011,P3,symmetric_total_source_drain_series_resistance_width_product,literature_high_magnitude_proxy,4.5,75.0,37.5,37.5,self_consistent_device_circuit_coupling,True,t03_p3_contact_literature_high_magnitude_proxy_transfer,transfer,literature_high_magnitude_proxy_transfer,11,interface_4x,T03_P3_CONTACT_RESISTANCE,enabled_symmetric_teaching_top_stack,0.0,0.05,0.0,0.01,0.0,0.01,0.01,5.047497966078884e-07,0.009999495250203392,0.009998990500406783,-2.2433324293683983e-06,2.24333242936839e-06,-1.3459994576210389e-08,1.345999457621034e-08,-1.3459994576210356e-08,1.3459994576229631e-08,-2.243332429368393e-06,2.243332429371605e-06,-8.470329472543003e-21,3.775779889620636e-15,-1.3459994576210356e-08,1.3459994576229631e-08,1.3459994576210356e-08,-1.3459994576210353e-08,-3.3087224502121107e-23,-1.929150624596171e-20,2.4581900323051015e-15,1.4332476983334405e-12,5.047497966078884e-07,5.047497966086112e-07,1.0094995932164994e-06,-7.229426204815453e-19,7.161395857303568e-13,0.0,1.3587859049390372e-14,False,"[""dcop"", ""dcop_prev""]",0.01764858438360754,1.6481029989688464e+16,0.04176626799744554,True
literature_high_magnitude_proxy:literature_high_magnitude_proxy_transfer:012,P3,symmetric_total_source_drain_series_resistance_width_product,literature_high_magnitude_proxy,4.5,75.0,37.5,37.5,self_consistent_device_circuit_coupling,True,t03_p3_contact_literature_high_magnitude_proxy_transfer,transfer,literature_high_magnitude_proxy_transfer,12,interface_4x,T03_P3_CONTACT_RESISTANCE,enabled_symmetric_teaching_top_stack,0.0,0.1,0.0,0.01,0.0,0.01,0.01,8.324576432930465e-07,0.009999167542356708,0.009998335084713416,-3.6998117479690977e-06,3.699811747969092e-06,-2.2198870487814587e-08,2.2198870487814553e-08,-2.2198870487814573e-08,2.219887048779401e-08,-3.6998117479690956e-06,3.699811747965668e-06,-5.505714157152952e-21,1.4881065665503525e-15,-2.2198870487814573e-08,2.219887048779401e-08,2.2198870487814573e-08,-2.2198870487814577e-08,-1.3234889800848443e-23,2.0543857693366995e-20,5.961965410858784e-16,9.254460809005562e-13,8.324576432930465e-07,8.324576432922753e-07,1.664915286585322e-06,7.712234984750405e-19,4.632208645622989e-13,0.0,3.6959238820073127e-14,False,"[""dcop"", ""dcop_prev""]",0.030249569017645476,2.6766124585178956e+16,0.04707331900135614,True
literature_high_magnitude_proxy:literature_high_magnitude_proxy_transfer:013,P3,symmetric_total_source_drain_series_resistance_width_product,literature_high_magnitude_proxy,4.5,75.0,37.5,37.5,self_consistent_device_circuit_coupling,True,t03_p3_contact_literature_high_magnitude_proxy_transfer,transfer,literature_high_magnitude_proxy_transfer,13,interface_4x,T03_P3_CONTACT_RESISTANCE,enabled_symmetric_teaching_top_stack,0.0,0.15,0.0,0.01,0.0,0.01,0.01,1.2286572248523735e-06,0.009998771342775149,0.009997542685550297,-5.460698777121653e-06,5.460698777121672e-06,-3.2764192662729917e-08,3.2764192662730036e-08,-3.276419266272996e-08,3.27641926627098e-08,-5.46069877712166e-06,5.4606987771183e-06,1.9481757786848908e-20,3.567630917213441e-15,-3.276419266272996e-08,3.27641926627098e-08,3.276419266272997e-08,-3.276419266272996e-08,4.632211430296955e-23,2.023614650549727e-20,1.4138030129355832e-15,6.176299447938576e-13,1.2286572248523735e-06,1.2286572248516175e-06,2.457314449703991e-06,7.559769054244631e-19,3.0764353561487756e-13,0.0,8.051192406298706e-14,False,"[""dcop"", ""dcop_prev""]",0.03972541250332287,3.854221139611834e+16,0.04248355200252263,True
literature_high_magnitude_proxy:literature_high_magnitude_proxy_transfer:014,P3,symmetric_total_source_drain_series_resistance_width_product,literature_high_magnitude_proxy,4.5,75.0,37.5,37.5,self_consistent_device_circuit_coupling,True,t03_p3_contact_literature_high_magnitude_proxy_transfer,transfer,literature_high_magnitude_proxy_transfer,14,interface_4x,T03_P3_CONTACT_RESISTANCE,enabled_symmetric_teaching_top_stack,0.0,0.2,0.0,0.01,0.0,0.01,0.01,1.6673588877571148e-06,0.009998332641112244,0.009996665282224487,-7.4104839455871735e-06,7.410483945587155e-06,-4.4462903673523044e-08,4.446290367352293e-08,-4.4462903673523064e-08,4.446290367351076e-08,-7.410483945587177e-06,7.410483945585127e-06,-1.8634724839594607e-20,2.514643439810877e-15,-4.4462903673523064e-08,4.446290367351076e-08,4.4462903673523064e-08,-4.446290367352305e-08,1.9852334701272664e-23,1.2169481171880143e-20,4.464920880346015e-16,2.736996499652115e-13,1.6673588877571148e-06,1.6673588877566536e-06,3.3347177755137685e-06,4.612094397799665e-19,1.3830538918961728e-13,0.0,1.4827123523103327e-13,False,"[""dcop"", ""dcop_prev""]",0.046857615324248814,5.071593180544969e+16,0.047444373994949274,True
literature_high_magnitude_proxy:literature_high_magnitude_proxy_transfer:015,P3,symmetric_total_source_drain_series_resistance_width_product,literature_high_magnitude_proxy,4.5,75.0,37.5,37.5,self_consistent_device_circuit_coupling,True,t03_p3_contact_literature_high_magnitude_proxy_transfer,transfer,literature_high_magnitude_proxy_transfer,15,interface_4x,T03_P3_CONTACT_RESISTANCE,enabled_symmetric_teaching_top_stack,0.0,0.25,0.0,0.01,0.0,0.01,0.01,2.1281997778625567e-06,0.009997871800222137,0.009995743600444274,-9.45866567938933e-06,9.458665679389126e-06,-5.675199407633598e-08,5.675199407633475e-08,-5.675199407633484e-08,5.675199407635204e-08,-9.45866567938914e-06,9.458665679392007e-06,-2.0498197323554068e-19,2.167134141152716e-14,-5.675199407633484e-08,5.675199407635204e-08,5.6751994076334836e-08,-5.6751994076334836e-08,-1.138200522872966e-21,-1.729138352480849e-20,2.0055692163732522e-14,3.0468327688266423e-13,2.1281997778625567e-06,2.1281997778632017e-06,4.256399555725758e-06,-6.454391058077769e-19,1.5163968921560167e-13,0.0,2.415591623730991e-13,False,"[""dcop"", ""dcop_prev""]",0.05230468804432526,6.254744440226056e+16,0.044793162000132725,True
literature_high_magnitude_proxy:literature_high_magnitude_proxy_transfer:016,P3,symmetric_total_source_drain_series_resistance_width_product,literature_high_magnitude_proxy,4.5,75.0,37.5,37.5,self_consistent_device_circuit_coupling,True,t03_p3_contact_literature_high_magnitude_proxy_transfer,transfer,literature_high_magnitude_proxy_transfer,16,interface_4x,T03_P3_CONTACT_RESISTANCE,enabled_symmetric_teaching_top_stack,0.0,0.3,0.0,0.01,0.0,0.01,0.01,2.597275306871644e-06,0.00999740272469313,0.009994805449386258,-1.154344580831855e-05,1.1543445808318432e-05,-6.92606748499113e-08,6.926067484991059e-08,-6.926067484991051e-08,6.926067484989511e-08,-1.1543445808318419e-05,1.154344580831585e-05,-1.1689054672109345e-19,1.0126139859976529e-14,-6.926067484991051e-08,6.926067484989511e-08,6.92606748499105e-08,-6.926067484991049e-08,-7.808584982500581e-22,1.5484821066992678e-20,1.1274197081420124e-14,2.2357306076714712e-13,2.597275306871644e-06,2.5972753068710663e-06,5.19455061374271e-06,5.776764700274328e-19,1.1120817044291207e-13,0.0,3.5977808104979696e-13,True,"[""dcop"", ""dcop_prev""]",0.05654494320422394,7.364008751631358e+16,0.04446601300151087,True
literature_high_magnitude_proxy:literature_high_magnitude_proxy_transfer:017,P3,symmetric_total_source_drain_series_resistance_width_product,literature_high_magnitude_proxy,4.5,75.0,37.5,37.5,self_consistent_device_circuit_coupling,True,t03_p3_contact_literature_high_magnitude_proxy_transfer,transfer,literature_high_magnitude_proxy_transfer,17,interface_4x,T03_P3_CONTACT_RESISTANCE,enabled_symmetric_teaching_top_stack,0.0,0.35,0.0,0.01,0.0,0.01,0.01,3.065579181778906e-06,0.009996934420818221,0.009993868841636442,-1.3624796363461825e-05,1.3624796363461803e-05,-8.174877818077095e-08,8.174877818077082e-08,-8.174877818077084e-08,8.174877818077168e-08,-1.3624796363461805e-05,1.3624796363461947e-05,-2.202285662861181e-20,1.6163806079092239e-15,-8.174877818077084e-08,8.174877818077168e-08,8.174877818077084e-08,-8.17487781807708e-08,-1.1911400820763599e-22,-8.602678370551488e-22,1.457073865302786e-15,1.0523311249408917e-14,3.065579181778906e-06,3.065579181778938e-06,6.131158363557844e-06,-3.218725199566341e-20,5.249783170987177e-15,0.0,5.012147050536708e-13,True,"[""dcop"", ""dcop_prev""]",0.05991029710314854,8.382964260013013e+16,0.043068149003374856,True
literature_high_magnitude_proxy:literature_high_magnitude_proxy_transfer:018,P3,symmetric_total_source_drain_series_resistance_width_product,literature_high_magnitude_proxy,4.5,75.0,37.5,37.5,self_consistent_device_circuit_coupling,True,t03_p3_contact_literature_high_magnitude_proxy_transfer,transfer,literature_high_magnitude_proxy_transfer,18,interface_4x,T03_P3_CONTACT_RESISTANCE,enabled_symmetric_teaching_top_stack,0.0,0.4,0.0,0.01,0.0,0.01,0.01,3.527415496661494e-06,0.009996472584503339,0.009992945169006678,-1.5677402207384557e-05,1.5677402207384442e-05,-9.406441324430735e-08,9.406441324430666e-08,-9.40644132443065e-08,9.406441324429545e-08,-1.5677402207384415e-05,1.5677402207382575e-05,-1.1519648082658485e-19,7.347931711053737e-15,-9.40644132443065e-08,9.406441324429545e-08,9.40644132443065e-08,-9.40644132443065e-08,-8.470329472543003e-22,1.1209951661318631e-20,9.004818273350167e-15,1.1917314183636949e-13,3.527415496661494e-06,3.5274154966610793e-06,7.054830993322574e-06,4.1504614415460717e-19,5.883147938589174e-14,0.0,6.636085379245969e-13,True,"[""dcop"", ""dcop_prev""]",0.06262990506053387,9.308612314266597e+16,0.042285907999030314,True
literature_high_magnitude_proxy:literature_high_magnitude_proxy_transfer:019,P3,symmetric_total_source_drain_series_resistance_width_product,literature_high_magnitude_proxy,4.5,75.0,37.5,37.5,self_consistent_device_circuit_coupling,True,t03_p3_contact_literature_high_magnitude_proxy_transfer,transfer,literature_high_magnitude_proxy_transfer,19,interface_4x,T03_P3_CONTACT_RESISTANCE,enabled_symmetric_teaching_top_stack,0.0,0.45,0.0,0.01,0.0,0.01,0.01,3.9792538092748705e-06,0.009996020746190725,0.00999204149238145,-1.768557248566606e-05,1.7685572485666072e-05,-1.0611343491399637e-07,1.0611343491399644e-07,-1.0611343491399654e-07,1.0611343491400323e-07,-1.7685572485666092e-05,1.7685572485667203e-05,1.0164395367051604e-20,5.747280940602695e-16,-1.0611343491399654e-07,1.0611343491400323e-07,1.0611343491399656e-07,-1.0611343491399657e-07,1.7205356741102976e-22,-6.789498467835251e-21,1.621411723694335e-15,6.398340109654934e-14,3.9792538092748705e-06,3.979253809275121e-06,7.958507618549992e-06,-2.507217523872729e-19,3.150361404478312e-14,0.0,8.445045801935768e-13,True,"[""dcop"", ""dcop_prev""]",0.06486370913183981,1.0144891598889563e+17,0.04443837700091535,True
literature_high_magnitude_proxy:literature_high_magnitude_proxy_transfer:020,P3,symmetric_total_source_drain_series_resistance_width_product,literature_high_magnitude_proxy,4.5,75.0,37.5,37.5,self_consistent_device_circuit_coupling,True,t03_p3_contact_literature_high_magnitude_proxy_transfer,transfer,literature_high_magnitude_proxy_transfer,20,interface_4x,T03_P3_CONTACT_RESISTANCE,enabled_symmetric_teaching_top_stack,0.0,0.5,0.0,0.01,0.0,0.01,0.01,4.4189742529194515e-06,0.009995581025747081,0.009991162051494163,-1.9639885568530998e-05,1.963988556853086e-05,-1.1783931341118599e-07,1.1783931341118515e-07,-1.1783931341118537e-07,1.178393134111666e-07,-1.9639885568530893e-05,1.9639885568527766e-05,-1.3891340334970526e-19,7.073025087900018e-15,-1.1783931341118537e-07,1.178393134111666e-07,1.1783931341118538e-07,-1.1783931341118533e-07,-6.220398206398768e-22,1.8555315500789517e-20,5.278712194031073e-15,1.5746286161769397e-13,4.4189742529194515e-06,4.4189742529187476e-06,8.8379485058382e-06,7.047314121155779e-19,7.973925302348663e-14,0.0,1.041457783891302e-12,True,"[""dcop"", ""dcop_prev""]",0.06672522904248503,1.0898874830073182e+17,0.035514891998900566,True
literature_high_magnitude_proxy:literature_high_magnitude_proxy_transfer:021,P3,symmetric_total_source_drain_series_resistance_width_product,literature_high_magnitude_proxy,4.5,75.0,37.5,37.5,self_consistent_device_circuit_coupling,True,t03_p3_contact_literature_high_magnitude_proxy_transfer,transfer,literature_high_magnitude_proxy_transfer,21,interface_4x,T03_P3_CONTACT_RESISTANCE,enabled_symmetric_teaching_top_stack,0.0,0.55,0.0,0.01,0.0,0.01,0.01,4.845380295548943e-06,0.009995154619704452,0.009990309239408903,-2.153502353577294e-05,2.1535023535773072e-05,-1.2921014121463763e-07,1.2921014121463843e-07,-1.2921014121463848e-07,1.292101412146233e-07,-2.153502353577308e-05,2.153502353577055e-05,1.3213713977167085e-19,6.135918057027902e-15,-1.2921014121463848e-07,1.292101412146233e-07,1.2921014121463848e-07,-1.292101412146385e-07,8.470329472543003e-22,1.5114244152568922e-20,6.555468009645192e-15,1.1697413229710644e-13,4.845380295548943e-06,4.845380295548374e-06,9.690760591097317e-06,5.692061405548898e-19,5.873699336642438e-14,0.0,1.2521445444528644e-12,True,"[""dcop"", ""dcop_prev""]",0.06829652772251928,1.1578687150291552e+17,0.03724000800139038,True
literature_high_magnitude_proxy:literature_high_magnitude_proxy_transfer:022,P3,symmetric_total_source_drain_series_resistance_width_product,literature_high_magnitude_proxy,4.5,75.0,37.5,37.5,self_consistent_device_circuit_coupling,True,t03_p3_contact_literature_high_magnitude_proxy_transfer,transfer,literature_high_magnitude_proxy_transfer,22,interface_4x,T03_P3_CONTACT_RESISTANCE,enabled_symmetric_teaching_top_stack,0.0,0.6,0.0,0.01,0.0,0.01,0.01,5.257883498051341e-06,0.00999474211650195,0.009989484233003899,-2.3368371102450656e-05,2.336837110245044e-05,-1.4021022661470394e-07,1.4021022661470264e-07,-1.4021022661470243e-07,1.4021022661468245e-07,-2.3368371102450406e-05,2.3368371102447075e-05,-2.168404344971009e-19,9.27922761695447e-15,-1.4021022661470243e-07,1.4021022661468245e-07,1.4021022661470246e-07,-1.4021022661470246e-07,-1.5087774372967225e-21,2.0196441836094724e-20,1.0760823042122492e-14,1.440439996691147e-13,5.257883498051341e-06,5.257883498050592e-06,1.0515766996101932e-05,7.487771253728015e-19,7.120518414399674e-14,0.0,1.4744180735507555e-12,True,"[""dcop"", ""dcop_prev""]",0.06963801347060808,1.2192433828437131e+17,0.03654146999906516,True
literature_high_magnitude_proxy:literature_high_magnitude_proxy_transfer:023,P3,symmetric_total_source_drain_series_resistance_width_product,literature_high_magnitude_proxy,4.5,75.0,37.5,37.5,self_consistent_device_circuit_coupling,True,t03_p3_contact_literature_high_magnitude_proxy_transfer,transfer,literature_high_magnitude_proxy_transfer,23,interface_4x,T03_P3_CONTACT_RESISTANCE,enabled_symmetric_teaching_top_stack,0.0,0.65,0.0,0.01,0.0,0.01,0.01,5.656297359902586e-06,0.009994343702640098,0.009988687405280196,-2.5139099377344703e-05,2.51390993773449e-05,-1.5083459626406822e-07,1.508345962640694e-07,-1.5083459626406896e-07,1.5083459626405448e-07,-2.5139099377344825e-05,2.5139099377342412e-05,1.9651164376299768e-19,7.816972311271102e-15,-1.5083459626406896e-07,1.5083459626405448e-07,1.5083459626406896e-07,-1.5083459626406898e-07,7.411538288475128e-22,1.4928955695357043e-20,4.913685899685513e-15,9.897567312223647e-14,5.656297359902586e-06,5.656297359902043e-06,1.1312594719804629e-05,5.421010862427522e-19,4.792013677407816e-14,0.0,1.7063306572606875e-12,True,"[""dcop"", ""dcop_prev""]",0.0707949245655563,1.2747691809631203e+17,0.03612089999660384,True
literature_high_magnitude_proxy:literature_high_magnitude_proxy_transfer:024,P3,symmetric_total_source_drain_series_resistance_width_product,literature_high_magnitude_proxy,4.5,75.0,37.5,37.5,self_consistent_device_circuit_coupling,True,t03_p3_contact_literature_high_magnitude_proxy_transfer,transfer,literature_high_magnitude_proxy_transfer,24,interface_4x,T03_P3_CONTACT_RESISTANCE,enabled_symmetric_teaching_top_stack,0.0,0.7,0.0,0.01,0.0,0.01,0.01,6.040700755241296e-06,0.00999395929924476,0.009987918598489519,-2.684755891218331e-05,2.6847558912183603e-05,-1.6108535347309985e-07,1.6108535347310162e-07,-1.6108535347310123e-07,1.610853534730894e-07,-2.684755891218354e-05,2.6847558912181563e-05,2.947674656444965e-19,1.0979302312312985e-14,-1.6108535347310123e-07,1.610853534730894e-07,1.6108535347310123e-07,-1.6108535347310128e-07,1.376428539288238e-21,1.2229038175983961e-20,8.544715640569274e-15,7.591651203736529e-14,6.040700755241296e-06,6.040700755240852e-06,1.2081401510482148e-05,4.438452643612534e-19,3.673789534899253e-14,0.0,1.9461368327664046e-12,True,"[""dcop"", ""dcop_prev""]",0.07180168387081544,1.3251305408590698e+17,0.037090052996063605,True
literature_high_magnitude_proxy:literature_high_magnitude_proxy_transfer:025,P3,symmetric_total_source_drain_series_resistance_width_product,literature_high_magnitude_proxy,4.5,75.0,37.5,37.5,self_consistent_device_circuit_coupling,True,t03_p3_contact_literature_high_magnitude_proxy_transfer,transfer,literature_high_magnitude_proxy_transfer,25,interface_4x,T03_P3_CONTACT_RESISTANCE,enabled_symmetric_teaching_top_stack,0.0,0.75,0.0,0.01,0.0,0.01,0.01,6.4113463378123535e-06,0.009993588653662188,0.009987177307324376,-2.849487261249846e-05,2.8494872612499384e-05,-1.7096923567499077e-07,1.709692356749963e-07,-1.709692356749961e-07,1.7096923567499109e-07,-2.8494872612499347e-05,2.8494872612498513e-05,9.24959978401696e-19,3.2460576012400166e-14,-1.709692356749961e-07,1.7096923567499109e-07,1.7096923567499611e-07,-1.7096923567499611e-07,5.320425699941074e-21,5.2145465815342865e-21,3.111919918771197e-14,3.049991164168781e-14,6.4113463378123535e-06,6.4113463378121655e-06,1.2822692675624519e-05,1.8804131429045468e-19,1.4664729089851347e-14,0.0,2.1922859660468627e-12,True,"[""dcop"", ""dcop_prev""]",0.07268487229117236,1.3709340000243936e+17,0.03742090599553194,True
literature_high_magnitude_proxy:literature_high_magnitude_proxy_transfer:026,P3,symmetric_total_source_drain_series_resistance_width_product,literature_high_magnitude_proxy,4.5,75.0,37.5,37.5,self_consistent_device_circuit_coupling,True,t03_p3_contact_literature_high_magnitude_proxy_transfer,transfer,literature_high_magnitude_proxy_transfer,26,interface_4x,T03_P3_CONTACT_RESISTANCE,enabled_symmetric_teaching_top_stack,0.0,0.8,0.0,0.01,0.0,0.01,0.01,6.768598443953101e-06,0.009993231401556047,0.009986462803112094,-3.00826597509028e-05,3.0082659750902653e-05,-1.804959585054168e-07,1.8049595850541591e-07,-1.8049595850541602e-07,1.8049595850541666e-07,-3.008265975090267e-05,3.0082659750902775e-05,-1.4568966692773966e-19,4.842978251727473e-15,-1.8049595850541602e-07,1.8049595850541666e-07,1.8049595850541605e-07,-1.804959585054161e-07,-7.676236084492097e-22,-7.411538288475128e-22,4.252857597507774e-15,4.10620733552475e-15,6.768598443953101e-06,6.768598443953125e-06,1.3537196887906226e-05,-2.371692252312041e-20,1.75198179649056e-15,0.0,2.4434093277591732e-12,True,"[""dcop"", ""dcop_prev""]",0.07346529374123127,1.412711329076372e+17,0.037209721995168366,True
literature_high_magnitude_proxy:literature_high_magnitude_proxy_transfer:027,P3,symmetric_total_source_drain_series_resistance_width_product,literature_high_magnitude_proxy,4.5,75.0,37.5,37.5,self_consistent_device_circuit_coupling,True,t03_p3_contact_literature_high_magnitude_proxy_transfer,transfer,literature_high_magnitude_proxy_transfer,27,interface_4x,T03_P3_CONTACT_RESISTANCE,enabled_symmetric_teaching_top_stack,0.0,0.85,0.0,0.01,0.0,0.01,0.01,7.112890637639945e-06,0.00999288710936236,0.00998577421872472,-3.161284727840029e-05,3.161284727839976e-05,-1.8967708367040174e-07,1.8967708367039854e-07,-1.8967708367039854e-07,1.8967708367040315e-07,-3.161284727839976e-05,3.1612847278400524e-05,-5.285485590866834e-19,1.6719422785046577e-14,-1.8967708367039854e-07,1.8967708367040315e-07,1.8967708367039854e-07,-1.8967708367039854e-07,-3.202843331805323e-21,-4.605741650695258e-21,1.688576853791596e-14,2.428201426113517e-14,7.112890637639945e-06,7.112890637640118e-06,1.4225781275280063e-05,-1.7279472123987727e-19,1.2146589202811525e-14,0.0,2.698304705228118e-12,True,"[""dcop"", ""dcop_prev""]",0.0741594329207429,1.4509260797070874e+17,0.03495129600196378,True
literature_high_magnitude_proxy:literature_high_magnitude_proxy_transfer:028,P3,symmetric_total_source_drain_series_resistance_width_product,literature_high_magnitude_proxy,4.5,75.0,37.5,37.5,self_consistent_device_circuit_coupling,True,t03_p3_contact_literature_high_magnitude_proxy_transfer,transfer,literature_high_magnitude_proxy_transfer,28,interface_4x,T03_P3_CONTACT_RESISTANCE,enabled_symmetric_teaching_top_stack,0.0,0.9,0.0,0.01,0.0,0.01,0.01,7.444696519188021e-06,0.009992555303480812,0.009985110606961623,-3.308754008528199e-05,3.308754008528007e-05,-1.9852524051169195e-07,1.9852524051168044e-07,-1.9852524051168054e-07,1.985252405116896e-07,-3.308754008528009e-05,3.3087540085281595e-05,-1.917682592583736e-18,5.795784720293427e-14,-1.9852524051168054e-07,1.985252405116896e-07,1.9852524051168057e-07,-1.9852524051168054e-07,-1.1408475008331358e-20,-9.158543742187122e-21,5.746611855966731e-14,4.6132893321682424e-14,7.444696519188021e-06,7.44469651918836e-06,1.488939303837638e-05,-3.3881317890172014e-19,2.2755338517053373e-14,0.0,2.9559203340166802e-12,True,"[""dcop"", ""dcop_prev""]",0.07478050062071069,1.4859812730926032e+17,0.036824301998422015,True
literature_high_magnitude_proxy:literature_high_magnitude_proxy_transfer:029,P3,symmetric_total_source_drain_series_resistance_width_product,literature_high_magnitude_proxy,4.5,75.0,37.5,37.5,self_consistent_device_circuit_coupling,True,t03_p3_contact_literature_high_magnitude_proxy_transfer,transfer,literature_high_magnitude_proxy_transfer,29,interface_4x,T03_P3_CONTACT_RESISTANCE,enabled_symmetric_teaching_top_stack,0.0,0.95,0.0,0.01,0.0,0.01,0.01,7.764509603785635e-06,0.009992235490396215,0.00998447098079243,-3.4508931572382245e-05,3.450893157238064e-05,-2.0705358943429347e-07,2.0705358943428384e-07,-2.070535894342836e-07,2.0705358943426399e-07,-3.45089315723806e-05,3.450893157237733e-05,-1.6059744679941534e-18,4.653793655203822e-14,-2.070535894342836e-07,2.0705358943426399e-07,2.0705358943428363e-07,-2.0705358943428357e-07,-9.873227791432938e-21,1.9852334701272664e-20,4.768440778258575e-14,9.588017650654417e-14,7.764509603785635e-06,7.7645096037849e-06,1.5529019207570535e-05,7.352245982167327e-19,4.7345205024816e-14,0.0,3.2153391673212612e-12,True,"[""dcop"", ""dcop_prev""]",0.07533919434748063,1.518227077700749e+17,0.03624184199725278,True
literature_high_magnitude_proxy:literature_high_magnitude_proxy_transfer:030,P3,symmetric_total_source_drain_series_resistance_width_product,literature_high_magnitude_proxy,4.5,75.0,37.5,37.5,self_consistent_device_circuit_coupling,True,t03_p3_contact_literature_high_magnitude_proxy_transfer,transfer,literature_high_magnitude_proxy_transfer,30,interface_4x,T03_P3_CONTACT_RESISTANCE,enabled_symmetric_teaching_top_stack,0.0,1.0,0.0,0.01,0.0,0.01,0.01,8.072829470307271e-06,0.009991927170529692,0.009983854341059384,-3.587924209025361e-05,3.5879242090254486e-05,-2.152754525415217e-07,2.152754525415269e-07,-2.1527545254152722e-07,2.1527545254154678e-07,-3.5879242090254534e-05,3.587924209025779e-05,8.74138001566438e-19,2.4363335194415135e-14,-2.1527545254152722e-07,2.1527545254154678e-07,2.1527545254152727e-07,-2.152754525415272e-07,5.532183936754649e-21,-1.987880448087436e-20,2.5698164242332626e-14,9.234125045928253e-14,8.072829470307271e-06,8.072829470308004e-06,1.6145658940615277e-05,-7.318364664277155e-19,4.532713524541932e-14,0.0,3.475764035022266e-12,True,"[""dcop"", ""dcop_prev""]",0.0758442594460037,1.5479679379095862e+17,0.03553358800127171,True
