parameter_group_id,changed_parameter,channel_length_um,channel_length_cm,sweep_index,mesh_level,stage_id,mode_id,vbg_v,vtg_v,vds_v,source_current_a_per_cm,drain_current_a_per_cm,source_current_terminal_a,drain_current_terminal_a,current_imbalance_a_per_cm,relative_current_imbalance,center_channel_potential_v,center_channel_electron_density_cm3,solve_seconds,converged
P4,channel_length_um,8.0,0.0008,0,interface_4x,T03_P4_L_CHANNEL_LENGTH,enabled_symmetric_teaching_top_stack,0.0,-0.5,0.01,-2.6585859343109914e-10,2.6585859342388995e-10,-1.595151560586595e-12,1.5951515605433398e-12,-7.209189231129344e-21,2.711663045414292e-11,-0.23911894663854463,807299230904.3856,0.03910087899930659,True
P4,channel_length_um,8.0,0.0008,1,interface_4x,T03_P4_L_CHANNEL_LENGTH,enabled_symmetric_teaching_top_stack,0.0,-0.45,0.01,-6.262468147172569e-10,6.262468147103593e-10,-3.757480888303542e-12,3.757480888262155e-12,-6.89765233292656e-21,1.1014271323744407e-11,-0.21412109482227915,2123126873409.3655,0.037885609999648295,True
P4,channel_length_um,8.0,0.0008,2,interface_4x,T03_P4_L_CHANNEL_LENGTH,enabled_symmetric_teaching_top_stack,0.0,-0.4,0.01,-1.4865770325972152e-09,1.486577032568291e-09,-8.919462195583291e-12,8.919462195409747e-12,-2.8924231274294857e-20,1.9456934043815415e-11,-0.18912625275197936,5582961921423.538,0.03825303699977667,True
P4,channel_length_um,8.0,0.0008,3,interface_4x,T03_P4_L_CHANNEL_LENGTH,enabled_symmetric_teaching_top_stack,0.0,-0.35,0.01,-3.558311865063771e-09,3.5583118650640724e-09,-2.1349871190382626e-11,2.1349871190384435e-11,3.015073332755786e-22,8.47332512464164e-14,-0.1641387473292002,14676620441593.303,0.03873123800076428,True
P4,channel_length_um,8.0,0.0008,4,interface_4x,T03_P4_L_CHANNEL_LENGTH,enabled_symmetric_teaching_top_stack,0.0,-0.3,0.01,-8.591574692733662e-09,8.591574692723097e-09,-5.154944815640197e-11,5.154944815633859e-11,-1.056475078352727e-20,1.2296640792126761e-12,-0.13916928945236065,38554576445924.195,0.03803784200044902,True
P4,channel_length_um,8.0,0.0008,5,interface_4x,T03_P4_L_CHANNEL_LENGTH,enabled_symmetric_teaching_top_stack,0.0,-0.25,0.01,-2.0918890967754397e-08,2.09188909677435e-08,-1.2551334580652638e-10,1.25513345806461e-10,-1.089562302854848e-20,5.208508923988194e-13,-0.1142445763503542,101101150407867.78,0.037507600999560964,True
P4,channel_length_um,8.0,0.0008,6,interface_4x,T03_P4_L_CHANNEL_LENGTH,enabled_symmetric_teaching_top_stack,0.0,-0.2,0.01,-5.126087915777203e-08,5.126087915777233e-08,-3.075652749466322e-10,3.07565274946634e-10,2.9778502051908996e-22,5.809206268245185e-15,-0.08943119602083023,263952408206155.66,0.03709718800018891,True
P4,channel_length_um,8.0,0.0008,7,interface_4x,T03_P4_L_CHANNEL_LENGTH,enabled_symmetric_teaching_top_stack,0.0,-0.15,0.01,-1.2567731924560166e-07,1.2567731924559904e-07,-7.5406391547361e-10,7.540639154735942e-10,-2.6205081805679917e-21,2.0851082727559864e-14,-0.06489267002136787,681691242084957.9,0.03694618800000171,True
P4,channel_length_um,8.0,0.0008,8,interface_4x,T03_P4_L_CHANNEL_LENGTH,enabled_symmetric_teaching_top_stack,0.0,-0.1,0.01,-3.038683720249815e-07,3.038683720249789e-07,-1.823210232149889e-09,1.8232102321498734e-09,-2.5940384009662948e-21,8.536717341392262e-15,-0.04100918393824167,1715761385266540.8,0.04047208999963914,True
P4,channel_length_um,8.0,0.0008,9,interface_4x,T03_P4_L_CHANNEL_LENGTH,enabled_symmetric_teaching_top_stack,0.0,-0.05,0.01,-7.035494893381088e-07,7.035494893381069e-07,-4.221296936028653e-09,4.221296936028642e-09,-1.9058241313221758e-21,2.7088700371528276e-15,-0.01854917768893896,4083999522387010.0,0.03894285700062028,True
P4,channel_length_um,8.0,0.0008,10,interface_4x,T03_P4_L_CHANNEL_LENGTH,enabled_symmetric_teaching_top_stack,0.0,0.0,0.01,-1.4926054763464236e-06,1.4926054763464166e-06,-8.955632858078543e-09,8.9556328580785e-09,-6.988021814847978e-21,4.681760803901878e-15,0.0013338152463257566,8791216665337981.0,0.03883205399961298,True
P4,channel_length_um,8.0,0.0008,11,interface_4x,T03_P4_L_CHANNEL_LENGTH,enabled_symmetric_teaching_top_stack,0.0,0.05,0.01,-2.793728440653773e-06,2.793728440653777e-06,-1.676237064392264e-08,1.6762370643922662e-08,4.235164736271502e-21,1.5159543335143932e-15,0.017650657666515007,1.6479205309246862e+16,0.03914566500043293,True
P4,channel_length_um,8.0,0.0008,12,interface_4x,T03_P4_L_CHANNEL_LENGTH,enabled_symmetric_teaching_top_stack,0.0,0.1,0.01,-4.5829585342741335e-06,4.582958534274134e-06,-2.7497751205644802e-08,2.7497751205644805e-08,8.470329472543003e-22,1.8482230221366306e-16,0.030252584560749134,2.676359601504644e+16,0.03725134100022842,True
P4,channel_length_um,8.0,0.0008,13,interface_4x,T03_P4_L_CHANNEL_LENGTH,enabled_symmetric_teaching_top_stack,0.0,0.15,0.01,-6.725635641805422e-06,6.725635641805401e-06,-4.0353813850832534e-08,4.035381385083241e-08,-2.1175823681357508e-20,3.1485237692229628e-15,0.03972917742413088,3.8539236589675256e+16,0.03794929100058653,True
P4,channel_length_um,8.0,0.0008,14,interface_4x,T03_P4_L_CHANNEL_LENGTH,enabled_symmetric_teaching_top_stack,0.0,0.2,0.01,-9.074337275173386e-06,9.074337275173307e-06,-5.444602365104032e-08,5.444602365103984e-08,-7.962109704190423e-20,8.774315371739682e-15,0.04686196235963868,5.071270846624721e+16,0.04094715099927271,True
P4,channel_length_um,8.0,0.0008,15,interface_4x,T03_P4_L_CHANNEL_LENGTH,enabled_symmetric_teaching_top_stack,0.0,0.25,0.01,-1.151640000933793e-05,1.1516400009337863e-05,-6.909840005602759e-08,6.909840005602718e-08,-6.776263578034403e-20,5.884011993800105e-15,0.052309529950853716,6.254407212635118e+16,0.03901835699980438,True
P4,channel_length_um,8.0,0.0008,16,interface_4x,T03_P4_L_CHANNEL_LENGTH,enabled_symmetric_teaching_top_stack,0.0,0.3,0.01,-1.397697679245677e-05,1.397697679245673e-05,-8.386186075474063e-08,8.386186075474038e-08,-4.0657581468206416e-20,2.9088966857374258e-15,0.05655025187777032,7.36366013195935e+16,0.03811331399992923,True
P4,channel_length_um,8.0,0.0008,17,interface_4x,T03_P4_L_CHANNEL_LENGTH,enabled_symmetric_teaching_top_stack,0.0,0.35,0.01,-1.6409258021819475e-05,1.64092580218194e-05,-9.845554813091685e-08,9.84555481309164e-08,-7.453889935837843e-20,4.542490541574986e-15,0.05991607495374474,8.382604612962789e+16,0.038989071999822045,True
P4,channel_length_um,8.0,0.0008,18,interface_4x,T03_P4_L_CHANNEL_LENGTH,enabled_symmetric_teaching_top_stack,0.0,0.4,0.01,-1.8785022642705413e-05,1.8785022642705392e-05,-1.1271013585623247e-07,1.1271013585623236e-07,-2.0328790734103208e-20,1.0821807948151326e-15,0.06263616594234978,9.308240802682285e+16,0.037388188000477385,True
P4,channel_length_um,8.0,0.0008,19,interface_4x,T03_P4_L_CHANNEL_LENGTH,enabled_symmetric_teaching_top_stack,0.0,0.45,0.01,-2.108795934048189e-05,2.1087959340481878e-05,-1.2652775604289136e-07,1.2652775604289128e-07,-1.3552527156068805e-20,6.4266660122264395e-16,0.06487046811605164,1.0144507112223056e+17,0.037874659999943106,True
P4,channel_length_um,8.0,0.0008,20,interface_4x,T03_P4_L_CHANNEL_LENGTH,enabled_symmetric_teaching_top_stack,0.0,0.5,0.01,-2.3309326748766942e-05,2.330932674876676e-05,-1.3985596049260166e-07,1.3985596049260055e-07,-1.8295911660692887e-19,7.849180655404702e-15,0.06673249768787719,1.089847637322855e+17,0.03010061099939776,True
P4,channel_length_um,8.0,0.0008,21,interface_4x,T03_P4_L_CHANNEL_LENGTH,enabled_symmetric_teaching_top_stack,0.0,0.55,0.01,-2.5445192147923608e-05,2.544519214792324e-05,-1.5267115288754164e-07,1.5267115288753947e-07,-3.6591823321385775e-19,1.4380643348520268e-14,0.06830431233994222,1.1578273976442803e+17,0.029936756999632053,True
P4,channel_length_um,8.0,0.0008,22,interface_4x,T03_P4_L_CHANNEL_LENGTH,enabled_symmetric_teaching_top_stack,0.0,0.6,0.01,-2.749467300504372e-05,2.7494673005043857e-05,-1.6496803803026232e-07,1.6496803803026314e-07,1.3552527156068805e-19,4.929146512701793e-15,0.06964631489644489,1.2192005459771973e+17,0.030343682000420813,True
P4,channel_length_um,8.0,0.0008,23,interface_4x,T03_P4_L_CHANNEL_LENGTH,enabled_symmetric_teaching_top_stack,0.0,0.65,0.01,-2.9458807912957643e-05,2.9458807912957504e-05,-1.7675284747774585e-07,1.7675284747774503e-07,-1.3891340334970526e-19,4.715513396202408e-15,0.07080373863306283,1.2747248013653598e+17,0.03201399899990065,True
P4,channel_length_um,8.0,0.0008,24,interface_4x,T03_P4_L_CHANNEL_LENGTH,enabled_symmetric_teaching_top_stack,0.0,0.7,0.01,-3.133982461461618e-05,3.133982461461684e-05,-1.8803894768769708e-07,1.8803894768770102e-07,6.572975670693371e-19,2.0973236932627078e-14,0.07181100215465426,1.3250846160239738e+17,0.03236402700076724,True
P4,channel_length_um,8.0,0.0008,25,interface_4x,T03_P4_L_CHANNEL_LENGTH,enabled_symmetric_teaching_top_stack,0.0,0.75,0.01,-3.314066144323958e-05,3.314066144324037e-05,-1.9884396865943748e-07,1.988439686594422e-07,7.860465750519907e-19,2.371849386284108e-14,0.07269468291113948,1.3708865442661706e+17,0.031435017000148946,True
P4,channel_length_um,8.0,0.0008,26,interface_4x,T03_P4_L_CHANNEL_LENGTH,enabled_symmetric_teaching_top_stack,0.0,0.8,0.01,-3.486465263346446e-05,3.486465263346441e-05,-2.0918791580078676e-07,2.0918791580078647e-07,-4.743384504624082e-20,1.3605139149073855e-15,0.0734755821234287,1.412662369966009e+17,0.031484789999922214,True
P4,channel_length_um,8.0,0.0008,27,interface_4x,T03_P4_L_CHANNEL_LENGTH,enabled_symmetric_teaching_top_stack,0.0,0.85,0.01,-3.651532096333347e-05,3.651532096333443e-05,-2.1909192578000083e-07,2.1909192578000657e-07,9.554531645028508e-19,2.6165815862942444e-14,0.07417018247326859,1.4508756550171318e+17,0.03396173799956159,True
P4,channel_length_um,8.0,0.0008,28,interface_4x,T03_P4_L_CHANNEL_LENGTH,enabled_symmetric_teaching_top_stack,0.0,0.9,0.01,-3.809624150379274e-05,3.809624150379237e-05,-2.2857744902275645e-07,2.2857744902275423e-07,-3.7269449679189215e-19,9.782972862422343e-15,0.07479169331105984,1.4859294282541254e+17,0.031622600000446255,True
P4,channel_length_um,8.0,0.0008,29,interface_4x,T03_P4_L_CHANNEL_LENGTH,enabled_symmetric_teaching_top_stack,0.0,0.95,0.01,-3.9610952931529586e-05,3.9610952931529105e-05,-2.3766571758917752e-07,2.3766571758917464e-07,-4.811147140404426e-19,1.2146002012930222e-14,0.07535081118364945,1.518173863721772e+17,0.031027429999994638,True
P4,channel_length_um,8.0,0.0008,30,interface_4x,T03_P4_L_CHANNEL_LENGTH,enabled_symmetric_teaching_top_stack,0.0,1.0,0.01,-4.1062900893966944e-05,4.1062900893966666e-05,-2.463774053638017e-07,2.463774053638e-07,-2.778268066994105e-19,6.7658835749772725e-15,0.07585628086995186,1.5479134096890454e+17,0.030103652000434522,True
P4,channel_length_um,10.0,0.001,0,interface_4x,T03_P4_L_CHANNEL_LENGTH,enabled_symmetric_teaching_top_stack,0.0,-0.5,0.01,-2.1009005017869447e-10,2.100900501789906e-10,-1.2605403010721668e-12,1.2605403010739435e-12,2.961306592939839e-22,1.4095415705869421e-12,-0.23911894665357208,807306959954.4667,0.05369072600024083,True
P4,channel_length_um,10.0,0.001,1,interface_4x,T03_P4_L_CHANNEL_LENGTH,enabled_symmetric_teaching_top_stack,0.0,-0.45,0.01,-4.949974025749092e-10,4.949974025786057e-10,-2.969984415449455e-12,2.9699844154716346e-12,3.6965667599229116e-21,7.46785082238062e-12,-0.21412109486385084,2123150613684.0562,0.05335716100034915,True
P4,channel_length_um,10.0,0.001,2,interface_4x,T03_P4_L_CHANNEL_LENGTH,enabled_symmetric_teaching_top_stack,0.0,-0.4,0.01,-1.175346534127531e-09,1.1753465341285547e-09,-7.052079204765187e-12,7.052079204771329e-12,1.0236360080343717e-21,8.709227264564431e-13,-0.1891262528706111,5583036541237.598,0.05003981800018664,True
P4,channel_length_um,10.0,0.001,3,interface_4x,T03_P4_L_CHANNEL_LENGTH,enabled_symmetric_teaching_top_stack,0.0,-0.35,0.01,-2.81429528103251e-09,2.814295281036621e-09,-1.688577168619506e-11,1.6885771686219725e-11,4.110674054082271e-21,1.4606406377400955e-12,-0.164138747680266,14676861535814.092,0.051226595000116504,True
P4,channel_length_um,10.0,0.001,4,interface_4x,T03_P4_L_CHANNEL_LENGTH,enabled_symmetric_teaching_top_stack,0.0,-0.3,0.01,-6.79803672784744e-09,6.798036727842041e-09,-4.078822036708464e-11,4.078822036705225e-11,-5.399007858133612e-21,7.942010427830062e-13,-0.13916929053575672,38555380994650.766,0.05251545999999507,True
P4,channel_length_um,10.0,0.001,5,interface_4x,T03_P4_L_CHANNEL_LENGTH,enabled_symmetric_teaching_top_stack,0.0,-0.25,0.01,-1.6561208985024152e-08,1.656120898502756e-08,-9.936725391014491e-11,9.936725391016536e-11,3.407984123718474e-21,2.0578111940979185e-13,-0.11424457985285207,101103933681695.42,0.056907271000454784,True
P4,channel_length_um,10.0,0.001,6,interface_4x,T03_P4_L_CHANNEL_LENGTH,enabled_symmetric_teaching_top_stack,0.0,-0.2,0.01,-4.061372833270638e-08,4.061372833270707e-08,-2.436823699962383e-10,2.436823699962424e-10,6.948317145445432e-22,1.710829670333371e-14,-0.08943120788227929,263962379689174.06,0.055484726000031515,True
P4,channel_length_um,10.0,0.001,7,interface_4x,T03_P4_L_CHANNEL_LENGTH,enabled_symmetric_teaching_top_stack,0.0,-0.15,0.01,-9.968379386297732e-08,9.9683793862971e-08,-5.98102763177864e-10,5.98102763177826e-10,-6.326277324805556e-21,6.346344856719124e-14,-0.06489271154649566,681727707940020.2,0.05296157199973095,True
P4,channel_length_um,10.0,0.001,8,interface_4x,T03_P4_L_CHANNEL_LENGTH,enabled_symmetric_teaching_top_stack,0.0,-0.1,0.01,-2.4142008492076154e-07,2.4142008492075143e-07,-1.4485205095245693e-09,1.4485205095245085e-09,-1.011145580784821e-20,4.188324186517859e-14,-0.04100932784576478,1715891505045579.0,0.04814310799974919,True
P4,channel_length_um,10.0,0.001,9,interface_4x,T03_P4_L_CHANNEL_LENGTH,enabled_symmetric_teaching_top_stack,0.0,-0.05,0.01,-5.603609473994756e-07,5.603609473994763e-07,-3.3621656843968537e-09,3.362165684396858e-09,6.352747104407253e-22,1.1336884081392696e-15,-0.018549627861549674,4084411462863897.0,0.05052613299994846,True
P4,channel_length_um,10.0,0.001,10,interface_4x,T03_P4_L_CHANNEL_LENGTH,enabled_symmetric_teaching_top_stack,0.0,0.0,0.01,-1.1930966936239762e-06,1.1930966936239798e-06,-7.158580161743857e-09,7.1585801617438785e-09,3.5998900258307764e-21,3.017265947570658e-15,0.001332691319669748,8792236312879518.0,0.053052362999551406,True
P4,channel_length_um,10.0,0.001,11,interface_4x,T03_P4_L_CHANNEL_LENGTH,enabled_symmetric_teaching_top_stack,0.0,0.05,0.01,-2.243559487785063e-06,2.2435594877850616e-06,-1.3461356926710377e-08,1.346135692671037e-08,-1.2705494208814505e-21,5.663096645303534e-16,0.017648561760206974,1.6481049918011626e+16,0.052303460000075574,True
P4,channel_length_um,10.0,0.001,12,interface_4x,T03_P4_L_CHANNEL_LENGTH,enabled_symmetric_teaching_top_stack,0.0,0.1,0.01,-3.700428574078767e-06,3.7004285740787434e-06,-2.2202571444472604e-08,2.2202571444472462e-08,-2.371692252312041e-20,6.409236673085849e-15,0.030249531738275284,2.676615586916425e+16,0.05423093599983986,True
P4,channel_length_um,10.0,0.001,13,interface_4x,T03_P4_L_CHANNEL_LENGTH,enabled_symmetric_teaching_top_stack,0.0,0.15,0.01,-5.462041732526001e-06,5.462041732526014e-06,-3.277225039515601e-08,3.277225039515609e-08,1.2705494208814505e-20,2.326143744591756e-15,0.039725363314865605,3.854225028782632e+16,0.052071539999815286,True
P4,channel_length_um,10.0,0.001,14,interface_4x,T03_P4_L_CHANNEL_LENGTH,enabled_symmetric_teaching_top_stack,0.0,0.2,0.01,-7.412956638914972e-06,7.4129566389148655e-06,-4.447773983348983e-08,4.447773983348919e-08,-1.0672615135404184e-19,1.4397244790799592e-14,0.04685755866596013,5.071597384095385e+16,0.05191632799960644,True
P4,channel_length_um,10.0,0.001,15,interface_4x,T03_P4_L_CHANNEL_LENGTH,enabled_symmetric_teaching_top_stack,0.0,0.25,0.01,-9.462693911699197e-06,9.462693911699367e-06,-5.677616347019518e-08,5.67761634701962e-08,1.6940658945086007e-19,1.7902575210787624e-14,0.052304628007629216,6.254748623536028e+16,0.05390034999982163,True
P4,channel_length_um,10.0,0.001,16,interface_4x,T03_P4_L_CHANNEL_LENGTH,enabled_symmetric_teaching_top_stack,0.0,0.3,0.01,-1.1549445541373153e-05,1.1549445541373129e-05,-6.929667324823892e-08,6.929667324823877e-08,-2.371692252312041e-20,2.053511784454081e-15,0.056544883007083165,7.36401270624011e+16,0.0503608240005633,True
P4,channel_length_um,10.0,0.001,17,interface_4x,T03_P4_L_CHANNEL_LENGTH,enabled_symmetric_teaching_top_stack,0.0,0.35,0.01,-1.3633155085927868e-05,1.3633155085927829e-05,-8.179893051556721e-08,8.179893051556697e-08,-3.8963515573697816e-20,2.8579969440761315e-15,0.05991023918327385,8.382967866404534e+16,0.04959642299945699,True
P4,channel_length_um,10.0,0.001,18,interface_4x,T03_P4_L_CHANNEL_LENGTH,enabled_symmetric_teaching_top_stack,0.0,0.4,0.01,-1.5688469780507097e-05,1.5688469780507118e-05,-9.413081868304259e-08,9.413081868304271e-08,2.0328790734103208e-20,1.2957790669528316e-15,0.06262985128503153,9.30861550607405e+16,0.04862571899957402,True
P4,channel_length_um,10.0,0.001,19,interface_4x,T03_P4_L_CHANNEL_LENGTH,enabled_symmetric_teaching_top_stack,0.0,0.45,0.01,-1.7699657872945354e-05,1.7699657872945472e-05,-1.0619794723767213e-07,1.0619794723767284e-07,1.1858461261560205e-19,6.699825130341228e-15,0.06486366097371234,1.0144894339019608e+17,0.05048296899985871,True
P4,channel_length_um,10.0,0.001,20,interface_4x,T03_P4_L_CHANNEL_LENGTH,enabled_symmetric_teaching_top_stack,0.0,0.5,0.01,-1.965725697832039e-05,1.9657256978320098e-05,-1.1794354186992233e-07,1.1794354186992059e-07,-2.913793338554793e-19,1.4822990520846118e-14,0.066725187703265,1.0898877096719963e+17,0.03950341400013713,True
P4,channel_length_um,10.0,0.001,21,interface_4x,T03_P4_L_CHANNEL_LENGTH,enabled_symmetric_teaching_top_stack,0.0,0.55,0.01,-2.155591042715199e-05,2.155591042715182e-05,-1.2933546256291194e-07,1.293354625629109e-07,-1.6940658945086007e-19,7.858939200149684e-15,0.0682964942120616,1.1578688929258678e+17,0.040869166999982554,True
P4,channel_length_um,10.0,0.001,22,interface_4x,T03_P4_L_CHANNEL_LENGTH,enabled_symmetric_teaching_top_stack,0.0,0.6,0.01,-2.3392967118616967e-05,2.3392967118617238e-05,-1.403578027117018e-07,1.4035780271170343e-07,2.710505431213761e-19,1.1586838973738444e-14,0.06963798865793097,1.2192435109110224e+17,0.0407902090000789,True
P4,channel_length_um,10.0,0.001,23,interface_4x,T03_P4_L_CHANNEL_LENGTH,enabled_symmetric_teaching_top_stack,0.0,0.65,0.01,-2.5167565654035183e-05,2.5167565654034624e-05,-1.510053939242111e-07,1.5100539392420775e-07,-5.590417451878382e-19,2.2212785808237498e-14,0.07079490921126312,1.274769258296556e+17,0.03957350200016663,True
P4,channel_length_um,10.0,0.001,24,interface_4x,T03_P4_L_CHANNEL_LENGTH,enabled_symmetric_teaching_top_stack,0.0,0.7,0.01,-2.6880027442441277e-05,2.6880027442442047e-05,-1.6128016465464766e-07,1.612801646546523e-07,7.691059161069047e-19,2.861254207250287e-14,0.07180167864808575,1.3251305666177562e+17,0.03867718200035597,True
P4,channel_length_um,10.0,0.001,25,interface_4x,T03_P4_L_CHANNEL_LENGTH,enabled_symmetric_teaching_top_stack,0.0,0.75,0.01,-2.85314494905187e-05,2.8531449490519663e-05,-1.711886969431122e-07,1.7118869694311798e-07,9.622294280808852e-19,3.372522059913611e-14,0.07268487779972853,1.3709339733937157e+17,0.04115958399961528,True
P4,channel_length_um,10.0,0.001,26,interface_4x,T03_P4_L_CHANNEL_LENGTH,enabled_symmetric_teaching_top_stack,0.0,0.8,0.01,-3.012342820263897e-05,3.012342820263873e-05,-1.807405692158338e-07,1.807405692158324e-07,-2.371692252312041e-19,7.873248145455995e-15,0.07346531051699728,1.4127112492585208e+17,0.039516535999609914,True
P4,channel_length_um,10.0,0.001,27,interface_4x,T03_P4_L_CHANNEL_LENGTH,enabled_symmetric_teaching_top_stack,0.0,0.85,0.01,-3.165787043737222e-05,3.165787043737322e-05,-1.899472226242333e-07,1.899472226242393e-07,1.0028870095490916e-18,3.167891572280707e-14,0.07415946144285523,1.4509259459244374e+17,0.04152161599995452,True
P4,channel_length_um,10.0,0.001,28,interface_4x,T03_P4_L_CHANNEL_LENGTH,enabled_symmetric_teaching_top_stack,0.0,0.9,0.01,-3.3136863501807014e-05,3.313686350180507e-05,-1.988211810108421e-07,1.9882118101083043e-07,-1.9447876468958736e-18,5.868955119393907e-14,0.07478054131688958,1.4859810845960803e+17,0.03972962900024868,True
P4,channel_length_um,10.0,0.001,29,interface_4x,T03_P4_L_CHANNEL_LENGTH,enabled_symmetric_teaching_top_stack,0.0,0.95,0.01,-3.456258546147579e-05,3.456258546147611e-05,-2.073755127688547e-07,2.0737551276885667e-07,3.2526065174565133e-19,9.410773164183302e-15,0.07533924759837274,1.518226833779193e+17,0.04186452100020688,True
P4,channel_length_um,10.0,0.001,30,interface_4x,T03_P4_L_CHANNEL_LENGTH,enabled_symmetric_teaching_top_stack,0.0,1.0,0.01,-3.593724333278649e-05,3.593724333278673e-05,-2.1562345999671894e-07,2.156234599967204e-07,2.439454888092385e-19,6.7880968651448835e-15,0.07584432558886496,1.5479676378982486e+17,0.03947143599998526,True
P4,channel_length_um,12.0,0.0012000000000000001,0,interface_4x,T03_P4_L_CHANNEL_LENGTH,enabled_symmetric_teaching_top_stack,0.0,-0.5,0.01,-1.7366148208221476e-10,1.7366148211813934e-10,-1.0419688924932885e-12,1.0419688927088361e-12,3.5924583250148703e-20,2.0686558016192524e-10,-0.2391189466633881,807312008656.8043,0.07453280600020662,True
P4,channel_length_um,12.0,0.0012000000000000001,1,interface_4x,T03_P4_L_CHANNEL_LENGTH,enabled_symmetric_teaching_top_stack,0.0,-0.45,0.01,-4.0923048282543257e-10,4.092304828468362e-10,-2.4553828969525956e-12,2.455382897081017e-12,2.1403608542539298e-20,5.230208755135693e-11,-0.21412109489101663,2123166127186.2976,0.07829359500010469,True
P4,channel_length_um,12.0,0.0012000000000000001,2,interface_4x,T03_P4_L_CHANNEL_LENGTH,enabled_symmetric_teaching_top_stack,0.0,-0.4,0.01,-9.718744263720623e-10,9.718744263682928e-10,-5.831246558232374e-12,5.831246558209757e-12,-3.769462051404147e-21,3.878548451444781e-12,-0.18912625294816884,5583085325558.522,0.06541683000068588,True
P4,channel_length_um,12.0,0.0012000000000000001,3,interface_4x,T03_P4_L_CHANNEL_LENGTH,enabled_symmetric_teaching_top_stack,0.0,-0.35,0.01,-2.3276094349587486e-09,2.327609434967008e-09,-1.3965656609752491e-11,1.3965656609802048e-11,8.259398416341981e-21,3.548446870967015e-12,-0.16413874790991148,14677019245961.125,0.06872687300074176,True
P4,channel_length_um,12.0,0.0012000000000000001,4,interface_4x,T03_P4_L_CHANNEL_LENGTH,enabled_symmetric_teaching_top_stack,0.0,-0.3,0.01,-5.623996796098322e-09,5.623996796098861e-09,-3.374398077658993e-11,3.374398077659317e-11,5.39321759384574e-22,9.589652678299527e-14,-0.13916929124495306,38555907663957.71,0.06557567700019717,True
P4,channel_length_um,12.0,0.0012000000000000001,5,interface_4x,T03_P4_L_CHANNEL_LENGTH,enabled_symmetric_teaching_top_stack,0.0,-0.25,0.01,-1.3706056029756676e-08,1.3706056029756359e-08,-8.223633617854006e-11,8.223633617853816e-11,-3.1763735522036263e-22,2.3174964010854234e-14,-0.11424458214776545,101105757392551.02,0.06459176499993191,True
P4,channel_length_um,12.0,0.0012000000000000001,6,interface_4x,T03_P4_L_CHANNEL_LENGTH,enabled_symmetric_teaching_top_stack,0.0,-0.2,0.01,-3.362884300713936e-08,3.3628843007135216e-08,-2.0177305804283615e-10,2.0177305804281131e-10,-4.1425205076655626e-21,1.231835572453715e-13,-0.08943121566432949,263968922073403.6,0.06523147700045229,True
P4,channel_length_um,12.0,0.0012000000000000001,7,interface_4x,T03_P4_L_CHANNEL_LENGTH,enabled_symmetric_teaching_top_stack,0.0,-0.15,0.01,-8.259986969228389e-08,8.259986969227971e-08,-4.955992181537034e-10,4.955992181536782e-10,-4.182225177068108e-21,5.063234594253594e-14,-0.0648927388422156,681751679831312.8,0.06417471999975533,True
P4,channel_length_um,12.0,0.0012000000000000001,8,interface_4x,T03_P4_L_CHANNEL_LENGTH,enabled_symmetric_teaching_top_stack,0.0,-0.1,0.01,-2.0026369685208863e-07,2.0026369685208834e-07,-1.2015821811125318e-09,1.20158218111253e-09,-2.9116757561866574e-22,1.4539209062624924e-15,-0.04100942271182718,1715977291443741.5,0.07067268599985255,True
P4,channel_length_um,12.0,0.0012000000000000001,9,interface_4x,T03_P4_L_CHANNEL_LENGTH,enabled_symmetric_teaching_top_stack,0.0,-0.05,0.01,-4.6560050677390025e-07,4.6560050677389083e-07,-2.7936030406434016e-09,2.793603040643345e-09,-9.423241538204091e-21,2.0238898800812735e-14,-0.018549925881627478,4084684211826728.5,0.0678350190000856,True
P4,channel_length_um,12.0,0.0012000000000000001,10,interface_4x,T03_P4_L_CHANNEL_LENGTH,enabled_symmetric_teaching_top_stack,0.0,0.0,0.01,-9.936992226875505e-07,9.93699222687549e-07,-5.962195336125303e-09,5.9621953361252936e-09,-1.4823076576950256e-21,1.4917065685992879e-15,0.0013319430494338088,8792915265569585.0,0.06639887600067595,True
P4,channel_length_um,12.0,0.0012000000000000001,11,interface_4x,T03_P4_L_CHANNEL_LENGTH,enabled_symmetric_teaching_top_stack,0.0,0.05,0.01,-1.8744278735512787e-06,1.8744278735512749e-06,-1.1246567241307672e-08,1.124656724130765e-08,-3.8116482626443515e-21,2.033499563481644e-15,0.017647157789053014,1.6482285738616544e+16,0.06668779800020275,True
P4,channel_length_um,12.0,0.0012000000000000001,12,interface_4x,T03_P4_L_CHANNEL_LENGTH,enabled_symmetric_teaching_top_stack,0.0,0.1,0.01,-3.102906894951006e-06,3.1029068949510158e-06,-1.8617441369706038e-08,1.8617441369706094e-08,9.740878893424454e-21,3.1392752741871195e-15,0.03024747667236765,2.676787929704235e+16,0.06601218500054529,True
P4,channel_length_um,12.0,0.0012000000000000001,13,interface_4x,T03_P4_L_CHANNEL_LENGTH,enabled_symmetric_teaching_top_stack,0.0,0.15,0.01,-4.598149366278441e-06,4.598149366278468e-06,-2.7588896197670646e-08,2.7588896197670808e-08,2.710505431213761e-20,5.89477464801784e-15,0.0397227896065056,3.854428408099977e+16,0.06632375099979981,True
P4,channel_length_um,12.0,0.0012000000000000001,14,interface_4x,T03_P4_L_CHANNEL_LENGTH,enabled_symmetric_teaching_top_stack,0.0,0.2,0.01,-6.265774215158952e-06,6.265774215159038e-06,-3.7594645290953716e-08,3.7594645290954225e-08,8.555032767268433e-20,1.3653592474766967e-14,0.04685458795607609,5.071817679496514e+16,0.07010195500060945,True
P4,channel_length_um,12.0,0.0012000000000000001,15,interface_4x,T03_P4_L_CHANNEL_LENGTH,enabled_symmetric_teaching_top_stack,0.0,0.25,0.01,-8.030591866153003e-06,8.030591866153184e-06,-4.818355119691802e-08,4.81835511969191e-08,1.8126505071242027e-19,2.2571817088153168e-14,0.05230132839194252,6.254978446002052e+16,0.06784052200055157,True
P4,channel_length_um,12.0,0.0012000000000000001,16,interface_4x,T03_P4_L_CHANNEL_LENGTH,enabled_symmetric_teaching_top_stack,0.0,0.3,0.01,-9.840342436504881e-06,9.840342436504922e-06,-5.904205461902929e-08,5.9042054619029536e-08,4.0657581468206416e-20,4.131724249491374e-15,0.05654127975061751,7.364249339593877e+16,0.07091705499988166,True
P4,channel_length_um,12.0,0.0012000000000000001,17,interface_4x,T03_P4_L_CHANNEL_LENGTH,enabled_symmetric_teaching_top_stack,0.0,0.35,0.01,-1.166041832397617e-05,1.1660418323976326e-05,-6.996250994385703e-08,6.996250994385797e-08,1.5585406229479126e-19,1.3366078125543901e-14,0.05990633324172319,8.383211000258029e+16,0.06751983600042877,True
P4,channel_length_um,12.0,0.0012000000000000001,18,interface_4x,T03_P4_L_CHANNEL_LENGTH,enabled_symmetric_teaching_top_stack,0.0,0.4,0.01,-1.3468282393100078e-05,1.346828239310047e-05,-8.080969435860047e-08,8.080969435860282e-08,3.9132922163148676e-19,2.9055614532700685e-14,0.06262563261058787,9.308865839343536e+16,0.07025996900028986,True
P4,channel_length_um,12.0,0.0012000000000000001,19,interface_4x,T03_P4_L_CHANNEL_LENGTH,enabled_symmetric_teaching_top_stack,0.0,0.45,0.01,-1.5249391780405417e-05,1.5249391780405245e-05,-9.14963506824325e-08,9.149635068243147e-08,-1.7279472123987727e-19,1.133125332001165e-14,0.06485911622839537,1.0145152869939146e+17,0.06916152399935527,True
P4,channel_length_um,12.0,0.0012000000000000001,20,interface_4x,T03_P4_L_CHANNEL_LENGTH,enabled_symmetric_teaching_top_stack,0.0,0.5,0.01,-1.69944874851637e-05,1.699448748516324e-05,-1.019669249109822e-07,1.0196692491097944e-07,-4.607859233063394e-19,2.7113846399228487e-14,0.06672030425976751,1.0899144800969986e+17,0.056893527999818616,True
P4,channel_length_um,12.0,0.0012000000000000001,21,interface_4x,T03_P4_L_CHANNEL_LENGTH,enabled_symmetric_teaching_top_stack,0.0,0.55,0.01,-1.869783101735726e-05,1.8697831017357586e-05,-1.1218698610414357e-07,1.1218698610414552e-07,3.2526065174565133e-19,1.739563543192283e-14,0.06829126200239073,1.1578966632362568e+17,0.05667409299985593,True
P4,channel_length_um,12.0,0.0012000000000000001,22,interface_4x,T03_P4_L_CHANNEL_LENGTH,enabled_symmetric_teaching_top_stack,0.0,0.6,0.01,-2.0356053537412997e-05,2.0356053537412543e-05,-1.2213632122447797e-07,1.2213632122447527e-07,-4.54009659728305e-19,2.230342236494255e-14,0.06963240084787632,1.2192723449713152e+17,0.056278106999343436,True
P4,channel_length_um,12.0,0.0012000000000000001,23,interface_4x,T03_P4_L_CHANNEL_LENGTH,enabled_symmetric_teaching_top_stack,0.0,0.65,0.01,-2.1967395560481727e-05,2.1967395560481852e-05,-1.3180437336289037e-07,1.318043733628911e-07,1.2536087619363645e-19,5.706679057537154e-15,0.07078896226298761,1.274799201597852e+17,0.05679625999982818,True
P4,channel_length_um,12.0,0.0012000000000000001,24,interface_4x,T03_P4_L_CHANNEL_LENGTH,enabled_symmetric_teaching_top_stack,0.0,0.7,0.01,-2.3531197208521827e-05,2.3531197208522345e-05,-1.4118718325113096e-07,1.4118718325113408e-07,5.183841637196318e-19,2.2029655317830046e-14,0.07179537208325602,1.3251616481621758e+17,0.05610255000010511,True
P4,channel_length_um,12.0,0.0012000000000000001,25,interface_4x,T03_P4_L_CHANNEL_LENGTH,enabled_symmetric_teaching_top_stack,0.0,0.75,0.01,-2.504755139005779e-05,2.5047551390058415e-05,-1.5028530834034676e-07,1.502853083403505e-07,6.2341624917916505e-19,2.4889309117321713e-14,0.0726782138334741,1.370966208042316e+17,0.0597695209999074,True
P4,channel_length_um,12.0,0.0012000000000000001,26,interface_4x,T03_P4_L_CHANNEL_LENGTH,enabled_symmetric_teaching_top_stack,0.0,0.8,0.01,-2.65170646462836e-05,2.6517064646284006e-05,-1.591023878777016e-07,1.5910238787770403e-07,4.0657581468206416e-19,1.533261015521339e-14,0.07345829365363027,1.4127446400595482e+17,0.05851793799956795,True
P4,channel_length_um,12.0,0.0012000000000000001,27,interface_4x,T03_P4_L_CHANNEL_LENGTH,enabled_symmetric_teaching_top_stack,0.0,0.85,0.01,-2.794069031413391e-05,2.7940690314135278e-05,-1.6764414188480347e-07,1.6764414188481167e-07,1.3688052427629493e-18,4.898967159986261e-14,0.07415209808023945,1.450960486230182e+17,0.05590522000056808,True
P4,channel_length_um,12.0,0.0012000000000000001,28,interface_4x,T03_P4_L_CHANNEL_LENGTH,enabled_symmetric_teaching_top_stack,0.0,0.9,0.01,-2.931961102144354e-05,2.9319611021444113e-05,-1.7591766612866124e-07,1.7591766612866468e-07,5.72594272343907e-19,1.9529395254429416e-14,0.07477283938200582,1.486016759909744e+17,0.05809715600025811,True
P4,channel_length_um,12.0,0.0012000000000000001,29,interface_4x,T03_P4_L_CHANNEL_LENGTH,enabled_symmetric_teaching_top_stack,0.0,0.95,0.01,-3.065515531766588e-05,3.0655155317665566e-05,-1.8393093190599528e-07,1.839309319059934e-07,-3.1170812458958252e-19,1.0168212209642667e-14,0.07533121622329125,1.518263623331536e+17,0.05716792000021087,True
P4,channel_length_um,12.0,0.0012000000000000001,30,interface_4x,T03_P4_L_CHANNEL_LENGTH,enabled_symmetric_teaching_top_stack,0.0,1.0,0.01,-3.194873822982215e-05,3.194873822982398e-05,-1.9169242937893288e-07,1.9169242937894387e-07,1.8295911660692887e-18,5.726646081945656e-14,0.07583597482916571,1.548005515977196e+17,0.06064571599927149,True
