point_uid,case_id,curve_kind,curve_id,vtg_v,vbg_v,external_vds_v,r_pair_w_kohm_um,r_pair_ohm,circuit_coupled,circuit_closure_applicable,external_source_v,internal_source_v,internal_drain_v,external_drain_v,internal_device_vds_v,source_current_terminal_a,drain_current_terminal_a,external_source_current_terminal_a,external_drain_current_terminal_a,source_resistor_current_external_to_internal_a,drain_resistor_current_external_to_internal_a,source_kcl_residual_a,drain_kcl_residual_a,source_kcl_relative_residual,drain_kcl_relative_residual,source_drop_v,drain_drop_v,total_resistor_drop_v,circuit_ohms_law_residual_v,circuit_ohms_law_relative_residual,voltage_partition_residual_v,total_resistor_power_w
ideal_control:ideal_control_transfer:000,ideal_control,transfer,ideal_control_transfer,-0.5,0.0,0.01,0.0,0.0,False,False,0.0,0.0,0.01,0.01,0.01,-1.2605403010723819e-12,1.2605403011146533e-12,-1.2605403010723819e-12,1.2605403011146533e-12,0.0,0.0,0.0,0.0,0.0,0.0,0.0,0.0,0.0,0.0,0.0,0.0,0.0
ideal_control:ideal_control_transfer:001,ideal_control,transfer,ideal_control_transfer,-0.45,0.0,0.01,0.0,0.0,False,False,0.0,0.0,0.01,0.01,0.01,-2.9699844154494098e-12,2.969984415471882e-12,-2.9699844154494098e-12,2.969984415471882e-12,0.0,0.0,0.0,0.0,0.0,0.0,0.0,0.0,0.0,0.0,0.0,0.0,0.0
ideal_control:ideal_control_transfer:002,ideal_control,transfer,ideal_control_transfer,-0.4,0.0,0.01,0.0,0.0,False,False,0.0,0.0,0.01,0.01,0.01,-7.052079204765492e-12,7.052079204771353e-12,-7.052079204765492e-12,7.052079204771353e-12,0.0,0.0,0.0,0.0,0.0,0.0,0.0,0.0,0.0,0.0,0.0,0.0,0.0
ideal_control:ideal_control_transfer:003,ideal_control,transfer,ideal_control_transfer,-0.35,0.0,0.01,0.0,0.0,False,False,0.0,0.0,0.01,0.01,0.01,-1.6885771686194205e-11,1.688577168624049e-11,-1.6885771686194205e-11,1.688577168624049e-11,0.0,0.0,0.0,0.0,0.0,0.0,0.0,0.0,0.0,0.0,0.0,0.0,0.0
ideal_control:ideal_control_transfer:004,ideal_control,transfer,ideal_control_transfer,-0.3,0.0,0.01,0.0,0.0,False,False,0.0,0.0,0.01,0.01,0.01,-4.0788220367087326e-11,4.0788220367127974e-11,-4.0788220367087326e-11,4.0788220367127974e-11,0.0,0.0,0.0,0.0,0.0,0.0,0.0,0.0,0.0,0.0,0.0,0.0,0.0
ideal_control:ideal_control_transfer:005,ideal_control,transfer,ideal_control_transfer,-0.25,0.0,0.01,0.0,0.0,False,False,0.0,0.0,0.01,0.01,0.01,-9.936725391014566e-11,9.936725391016522e-11,-9.936725391014566e-11,9.936725391016522e-11,0.0,0.0,0.0,0.0,0.0,0.0,0.0,0.0,0.0,0.0,0.0,0.0,0.0
ideal_control:ideal_control_transfer:006,ideal_control,transfer,ideal_control_transfer,-0.2,0.0,0.01,0.0,0.0,False,False,0.0,0.0,0.01,0.01,0.01,-2.4368236999623673e-10,2.436823699962262e-10,-2.4368236999623673e-10,2.436823699962262e-10,0.0,0.0,0.0,0.0,0.0,0.0,0.0,0.0,0.0,0.0,0.0,0.0,0.0
ideal_control:ideal_control_transfer:007,ideal_control,transfer,ideal_control_transfer,-0.15,0.0,0.01,0.0,0.0,False,False,0.0,0.0,0.01,0.01,0.01,-5.981027631778716e-10,5.981027631778221e-10,-5.981027631778716e-10,5.981027631778221e-10,0.0,0.0,0.0,0.0,0.0,0.0,0.0,0.0,0.0,0.0,0.0,0.0,0.0
ideal_control:ideal_control_transfer:008,ideal_control,transfer,ideal_control_transfer,-0.1,0.0,0.01,0.0,0.0,False,False,0.0,0.0,0.01,0.01,0.01,-1.4485205095245652e-09,1.4485205095245009e-09,-1.4485205095245652e-09,1.4485205095245009e-09,0.0,0.0,0.0,0.0,0.0,0.0,0.0,0.0,0.0,0.0,0.0,0.0,0.0
ideal_control:ideal_control_transfer:009,ideal_control,transfer,ideal_control_transfer,-0.05,0.0,0.01,0.0,0.0,False,False,0.0,0.0,0.01,0.01,0.01,-3.3621656843968496e-09,3.3621656843968984e-09,-3.3621656843968496e-09,3.3621656843968984e-09,0.0,0.0,0.0,0.0,0.0,0.0,0.0,0.0,0.0,0.0,0.0,0.0,0.0
ideal_control:ideal_control_transfer:010,ideal_control,transfer,ideal_control_transfer,0.0,0.0,0.01,0.0,0.0,False,False,0.0,0.0,0.01,0.01,0.01,-7.158580161743848e-09,7.158580161743876e-09,-7.158580161743848e-09,7.158580161743876e-09,0.0,0.0,0.0,0.0,0.0,0.0,0.0,0.0,0.0,0.0,0.0,0.0,0.0
ideal_control:ideal_control_transfer:011,ideal_control,transfer,ideal_control_transfer,0.05,0.0,0.01,0.0,0.0,False,False,0.0,0.0,0.01,0.01,0.01,-1.3461356926710337e-08,1.3461356926710367e-08,-1.3461356926710337e-08,1.3461356926710367e-08,0.0,0.0,0.0,0.0,0.0,0.0,0.0,0.0,0.0,0.0,0.0,0.0,0.0
ideal_control:ideal_control_transfer:012,ideal_control,transfer,ideal_control_transfer,0.1,0.0,0.01,0.0,0.0,False,False,0.0,0.0,0.01,0.01,0.01,-2.2202571444472508e-08,2.22025714444724e-08,-2.2202571444472508e-08,2.22025714444724e-08,0.0,0.0,0.0,0.0,0.0,0.0,0.0,0.0,0.0,0.0,0.0,0.0,0.0
ideal_control:ideal_control_transfer:013,ideal_control,transfer,ideal_control_transfer,0.15,0.0,0.01,0.0,0.0,False,False,0.0,0.0,0.01,0.01,0.01,-3.277225039515601e-08,3.2772250395156074e-08,-3.277225039515601e-08,3.2772250395156074e-08,0.0,0.0,0.0,0.0,0.0,0.0,0.0,0.0,0.0,0.0,0.0,0.0,0.0
ideal_control:ideal_control_transfer:014,ideal_control,transfer,ideal_control_transfer,0.2,0.0,0.01,0.0,0.0,False,False,0.0,0.0,0.01,0.01,0.01,-4.447773983348924e-08,4.447773983348921e-08,-4.447773983348924e-08,4.447773983348921e-08,0.0,0.0,0.0,0.0,0.0,0.0,0.0,0.0,0.0,0.0,0.0,0.0,0.0
ideal_control:ideal_control_transfer:015,ideal_control,transfer,ideal_control_transfer,0.25,0.0,0.01,0.0,0.0,False,False,0.0,0.0,0.01,0.01,0.01,-5.67761634701967e-08,5.677616347019617e-08,-5.67761634701967e-08,5.677616347019617e-08,0.0,0.0,0.0,0.0,0.0,0.0,0.0,0.0,0.0,0.0,0.0,0.0,0.0
ideal_control:ideal_control_transfer:016,ideal_control,transfer,ideal_control_transfer,0.3,0.0,0.01,0.0,0.0,False,False,0.0,0.0,0.01,0.01,0.01,-6.929667324823862e-08,6.929667324823872e-08,-6.929667324823862e-08,6.929667324823872e-08,0.0,0.0,0.0,0.0,0.0,0.0,0.0,0.0,0.0,0.0,0.0,0.0,0.0
ideal_control:ideal_control_transfer:017,ideal_control,transfer,ideal_control_transfer,0.35,0.0,0.01,0.0,0.0,False,False,0.0,0.0,0.01,0.01,0.01,-8.179893051556722e-08,8.179893051556704e-08,-8.179893051556722e-08,8.179893051556704e-08,0.0,0.0,0.0,0.0,0.0,0.0,0.0,0.0,0.0,0.0,0.0,0.0,0.0
ideal_control:ideal_control_transfer:018,ideal_control,transfer,ideal_control_transfer,0.4,0.0,0.01,0.0,0.0,False,False,0.0,0.0,0.01,0.01,0.01,-9.413081868304264e-08,9.413081868304272e-08,-9.413081868304264e-08,9.413081868304272e-08,0.0,0.0,0.0,0.0,0.0,0.0,0.0,0.0,0.0,0.0,0.0,0.0,0.0
ideal_control:ideal_control_transfer:019,ideal_control,transfer,ideal_control_transfer,0.45,0.0,0.01,0.0,0.0,False,False,0.0,0.0,0.01,0.01,0.01,-1.0619794723767267e-07,1.0619794723767263e-07,-1.0619794723767267e-07,1.0619794723767263e-07,0.0,0.0,0.0,0.0,0.0,0.0,0.0,0.0,0.0,0.0,0.0,0.0,0.0
ideal_control:ideal_control_transfer:020,ideal_control,transfer,ideal_control_transfer,0.5,0.0,0.01,0.0,0.0,False,False,0.0,0.0,0.01,0.01,0.01,-1.1794354186992096e-07,1.1794354186992088e-07,-1.1794354186992096e-07,1.1794354186992088e-07,0.0,0.0,0.0,0.0,0.0,0.0,0.0,0.0,0.0,0.0,0.0,0.0,0.0
ideal_control:ideal_control_transfer:021,ideal_control,transfer,ideal_control_transfer,0.55,0.0,0.01,0.0,0.0,False,False,0.0,0.0,0.01,0.01,0.01,-1.2933546256291284e-07,1.2933546256291093e-07,-1.2933546256291284e-07,1.2933546256291093e-07,0.0,0.0,0.0,0.0,0.0,0.0,0.0,0.0,0.0,0.0,0.0,0.0,0.0
ideal_control:ideal_control_transfer:022,ideal_control,transfer,ideal_control_transfer,0.6,0.0,0.01,0.0,0.0,False,False,0.0,0.0,0.01,0.01,0.01,-1.4035780271170407e-07,1.40357802711703e-07,-1.4035780271170407e-07,1.40357802711703e-07,0.0,0.0,0.0,0.0,0.0,0.0,0.0,0.0,0.0,0.0,0.0,0.0,0.0
ideal_control:ideal_control_transfer:023,ideal_control,transfer,ideal_control_transfer,0.65,0.0,0.01,0.0,0.0,False,False,0.0,0.0,0.01,0.01,0.01,-1.5100539392421058e-07,1.5100539392420767e-07,-1.5100539392421058e-07,1.5100539392420767e-07,0.0,0.0,0.0,0.0,0.0,0.0,0.0,0.0,0.0,0.0,0.0,0.0,0.0
ideal_control:ideal_control_transfer:024,ideal_control,transfer,ideal_control_transfer,0.7,0.0,0.01,0.0,0.0,False,False,0.0,0.0,0.01,0.01,0.01,-1.61280164654654e-07,1.6128016465465116e-07,-1.61280164654654e-07,1.6128016465465116e-07,0.0,0.0,0.0,0.0,0.0,0.0,0.0,0.0,0.0,0.0,0.0,0.0,0.0
ideal_control:ideal_control_transfer:025,ideal_control,transfer,ideal_control_transfer,0.75,0.0,0.01,0.0,0.0,False,False,0.0,0.0,0.01,0.01,0.01,-1.711886969431101e-07,1.7118869694311708e-07,-1.711886969431101e-07,1.7118869694311708e-07,0.0,0.0,0.0,0.0,0.0,0.0,0.0,0.0,0.0,0.0,0.0,0.0,0.0
ideal_control:ideal_control_transfer:026,ideal_control,transfer,ideal_control_transfer,0.8,0.0,0.01,0.0,0.0,False,False,0.0,0.0,0.01,0.01,0.01,-1.8074056921583695e-07,1.807405692158316e-07,-1.8074056921583695e-07,1.807405692158316e-07,0.0,0.0,0.0,0.0,0.0,0.0,0.0,0.0,0.0,0.0,0.0,0.0,0.0
ideal_control:ideal_control_transfer:027,ideal_control,transfer,ideal_control_transfer,0.85,0.0,0.01,0.0,0.0,False,False,0.0,0.0,0.01,0.01,0.01,-1.8994722262422904e-07,1.8994722262423944e-07,-1.8994722262422904e-07,1.8994722262423944e-07,0.0,0.0,0.0,0.0,0.0,0.0,0.0,0.0,0.0,0.0,0.0,0.0,0.0
ideal_control:ideal_control_transfer:028,ideal_control,transfer,ideal_control_transfer,0.9,0.0,0.01,0.0,0.0,False,False,0.0,0.0,0.01,0.01,0.01,-1.9882118101083826e-07,1.9882118101083059e-07,-1.9882118101083826e-07,1.9882118101083059e-07,0.0,0.0,0.0,0.0,0.0,0.0,0.0,0.0,0.0,0.0,0.0,0.0,0.0
ideal_control:ideal_control_transfer:029,ideal_control,transfer,ideal_control_transfer,0.95,0.0,0.01,0.0,0.0,False,False,0.0,0.0,0.01,0.01,0.01,-2.0737551276885664e-07,2.073755127688568e-07,-2.0737551276885664e-07,2.073755127688568e-07,0.0,0.0,0.0,0.0,0.0,0.0,0.0,0.0,0.0,0.0,0.0,0.0,0.0
ideal_control:ideal_control_transfer:030,ideal_control,transfer,ideal_control_transfer,1.0,0.0,0.01,0.0,0.0,False,False,0.0,0.0,0.01,0.01,0.01,-2.1562345999671772e-07,2.1562345999672124e-07,-2.1562345999671772e-07,2.1562345999672124e-07,0.0,0.0,0.0,0.0,0.0,0.0,0.0,0.0,0.0,0.0,0.0,0.0,0.0
literature_low_magnitude_proxy:literature_low_magnitude_proxy_transfer:000,literature_low_magnitude_proxy,transfer,literature_low_magnitude_proxy_transfer,-0.5,0.0,0.01,0.5,8.333333333333334,True,False,0.0,5.252251248883188e-12,0.009999999994747748,0.01,0.009999999989495497,-1.2605402997321241e-12,1.2605402997318612e-12,-1.260540299731965e-12,1.2605404220433768e-12,-1.260540299731965e-12,1.2605404220433768e-12,-1.5913533268842427e-25,-1.2231151565903484e-19,1.262437485911731e-13,9.70310142540006e-08,5.252251248883188e-12,5.2522517585140704e-12,1.0504503007397257e-11,-5.096308835476331e-19,4.851546603049872e-08,0.0,1.3241350011890194e-23
literature_low_magnitude_proxy:literature_low_magnitude_proxy_transfer:001,literature_low_magnitude_proxy,transfer,literature_low_magnitude_proxy_transfer,-0.45,0.0,0.01,0.5,8.333333333333334,True,False,0.0,1.2374935033367709e-11,0.009999999987625066,0.01,0.009999999975250131,-2.9699844080081867e-12,2.9699844079874736e-12,-2.9699844080082497e-12,2.969984258527347e-12,-2.9699844080082497e-12,2.969984258527347e-12,6.300789822181265e-26,1.4946012660419898e-19,2.1214891920616992e-14,5.032353914122951e-08,1.2374935033367709e-11,1.2374934410530614e-11,2.474986944389832e-11,6.228370935034072e-19,2.516526783768379e-08,0.0,7.350672449880146e-23
literature_low_magnitude_proxy:literature_low_magnitude_proxy_transfer:002,literature_low_magnitude_proxy,transfer,literature_low_magnitude_proxy_transfer,-0.4,0.0,0.01,0.5,8.333333333333334,True,False,0.0,2.938366317836857e-11,0.009999999970616336,0.01,0.009999999941232672,-7.052079162809383e-12,7.0520791627460486e-12,-7.052079162808456e-12,7.052079337155347e-12,-7.052079162808456e-12,7.052079337155347e-12,-9.265392212874246e-25,-1.7440929863181122e-19,1.313852553121813e-13,2.473161322971787e-08,2.938366317836857e-11,2.938366390481395e-11,5.876732708318252e-11,-7.264453814088865e-19,1.236138188488251e-08,0.0,4.1443184790021095e-22
literature_low_magnitude_proxy:literature_low_magnitude_proxy_transfer:003,literature_low_magnitude_proxy,transfer,literature_low_magnitude_proxy_transfer,-0.35,0.0,0.01,0.5,8.333333333333334,True,False,0.0,7.035738102351118e-11,0.009999999929642619,0.01,0.009999999859285237,-1.6885771445643734e-11,1.6885771445667644e-11,-1.6885771445642683e-11,1.688577153102777e-11,-1.6885771445642683e-11,1.688577153102777e-11,-1.050131637030211e-24,-8.536012459941115e-20,6.219032635912696e-14,5.055150985701844e-09,7.035738102351118e-11,7.035738137928238e-11,1.4071476240279355e-10,-3.5577120863966976e-19,2.5283147387320975e-09,0.0,2.376077322968957e-21
literature_low_magnitude_proxy:literature_low_magnitude_proxy_transfer:004,literature_low_magnitude_proxy,transfer,literature_low_magnitude_proxy_transfer,-0.3,0.0,0.01,0.5,8.333333333333334,True,False,0.0,1.699509123482451e-10,0.009999999830049087,0.01,0.009999999660098175,-4.078821896358062e-11,4.078821896350108e-11,-4.0788218963578826e-11,4.078821905229013e-11,-4.0788218963578826e-11,4.078821905229013e-11,-1.796532892888607e-24,-8.878904996355914e-20,4.404538708818624e-14,2.1768307620818745e-09,1.699509123482451e-10,1.6995091271787555e-10,3.399018250661207e-10,-3.696304130078426e-19,1.0874622768912163e-09,0.0,1.3863990081993564e-20
literature_low_magnitude_proxy:literature_low_magnitude_proxy_transfer:005,literature_low_magnitude_proxy,transfer,literature_low_magnitude_proxy_transfer,-0.25,0.0,0.01,0.5,8.333333333333334,True,False,0.0,4.140301899223523e-10,0.00999999958596981,0.01,0.00999999917193962,-9.936724558136808e-11,9.936724558138239e-11,-9.936724558136454e-11,9.936724568171406e-11,-9.936724558136454e-11,9.936724568171406e-11,-3.54136699749265e-24,-1.0033167040279188e-19,3.5639178451341475e-14,1.0097056601947788e-09,4.140301899223523e-10,4.140301903404753e-10,8.280603802628275e-10,-4.181230492381513e-19,5.049427058619931e-10,0.0,8.228207920332223e-20
literature_low_magnitude_proxy:literature_low_magnitude_proxy_transfer:006,literature_low_magnitude_proxy,transfer,literature_low_magnitude_proxy_transfer,-0.2,0.0,0.01,0.5,8.333333333333334,True,False,0.0,1.0153429996693452e-09,0.009999998984657001,0.01,0.009999997969314002,-2.436823199206422e-10,2.436823199206975e-10,-2.436823199206428e-10,2.436823197393689e-10,-2.436823199206428e-10,2.436823197393689e-10,6.203854594147708e-25,1.81328588523222e-19,2.5458780087812874e-15,7.441187714489606e-10,1.0153429996693452e-09,1.0153429989140372e-09,2.030685998583382e-09,7.553077163089077e-19,3.719470744545511e-10,0.0,4.948422749811106e-19
literature_low_magnitude_proxy:literature_low_magnitude_proxy_transfer:007,literature_low_magnitude_proxy,transfer,literature_low_magnitude_proxy_transfer,-0.15,0.0,0.01,0.5,8.333333333333334,True,False,0.0,2.492093590396495e-09,0.00999999750790641,0.01,0.00999999501581282,-5.981024616951553e-10,5.981024616951378e-10,-5.981024616951587e-10,5.981024617240926e-10,-5.981024616951587e-10,5.981024617240926e-10,3.412120026781239e-24,-2.895473355938275e-20,5.7049088497487755e-15,4.8410992116497424e-11,2.492093590396495e-09,2.4920935905170527e-09,4.984187180913547e-09,-1.2055826555715357e-19,2.41881496778258e-11,0.0,2.9810546225259522e-18
literature_low_magnitude_proxy:literature_low_magnitude_proxy_transfer:008,literature_low_magnitude_proxy,transfer,literature_low_magnitude_proxy_transfer,-0.1,0.0,0.01,0.5,8.333333333333334,True,False,0.0,6.035494764609679e-09,0.009999993964505235,0.01,0.00999998792901047,-1.4485187435063248e-09,1.4485187435062847e-09,-1.448518743506323e-09,1.4485187437018874e-09,-1.448518743506323e-09,1.4485187437018874e-09,-1.8611563782443123e-24,-1.9560277906495504e-19,1.284868688505297e-15,1.3503641559036055e-10,6.035494764609679e-09,6.035494765424532e-09,1.2070989530034211e-08,-8.1485231270353735e-19,6.750501362138298e-11,0.0,1.7485054588103463e-17
literature_low_magnitude_proxy:literature_low_magnitude_proxy_transfer:009,literature_low_magnitude_proxy,transfer,literature_low_magnitude_proxy_transfer,-0.05,0.0,0.01,0.5,8.333333333333334,True,False,0.0,1.4008984131592203e-08,0.009999985991015868,0.01,0.009999971982031735,-3.3621561915821187e-09,3.362156191582126e-09,-3.3621561915821286e-09,3.3621561917884787e-09,-3.3621561915821286e-09,3.3621561917884787e-09,9.926167350636332e-24,-2.0635261151054105e-19,2.9523218985151846e-15,6.137508186399069e-11,1.4008984131592203e-08,1.4008984132451996e-08,2.80179682640442e-08,-8.597913810223182e-19,3.068714236853906e-11,0.0,9.420078547739854e-17
literature_low_magnitude_proxy:literature_low_magnitude_proxy_transfer:010,literature_low_magnitude_proxy,transfer,literature_low_magnitude_proxy_transfer,0.0,0.0,0.01,0.5,8.333333333333334,True,False,0.0,2.9827238542820134e-08,0.009999970172761457,0.01,0.009999940345522913,-7.1585372502768205e-09,7.158537250276833e-09,-7.158537250276832e-09,7.15853725047344e-09,-7.158537250276832e-09,7.15853725047344e-09,1.1580528575742387e-23,-1.9660676953344128e-19,1.61772275129176e-15,2.746465690605136e-11,2.9827238542820134e-08,2.9827238543639334e-08,5.965447708645947e-08,-8.191999740031161e-19,1.3732413961228245e-11,0.0,4.270387963750701e-16
literature_low_magnitude_proxy:literature_low_magnitude_proxy_transfer:011,literature_low_magnitude_proxy,transfer,literature_low_magnitude_proxy_transfer,0.05,0.0,0.01,0.5,8.333333333333334,True,False,0.0,5.608835641984472e-08,0.00999994391164358,0.01,0.009999887823287161,-1.3461205540762693e-08,1.3461205540762752e-08,-1.3461205540762731e-08,1.3461205540660213e-08,-1.3461205540762731e-08,1.3461205540660213e-08,3.8050308177439273e-23,1.0253896309329842e-19,2.8266642287138933e-15,7.617368502605024e-12,5.608835641984472e-08,5.608835641941756e-08,1.1217671283926228e-07,4.271560683223835e-19,3.807885411426294e-12,0.0,1.5100337884106771e-15
literature_low_magnitude_proxy:literature_low_magnitude_proxy_transfer:012,literature_low_magnitude_proxy,transfer,literature_low_magnitude_proxy_transfer,0.1,0.0,0.01,0.5,8.333333333333334,True,False,0.0,9.25090006917427e-08,0.009999907490999308,0.01,0.009999814981998615,-2.220216016601837e-08,2.2202160166018227e-08,-2.2202160166018247e-08,2.2202160166184814e-08,-2.2202160166018247e-08,2.2202160166184814e-08,-1.224227306578481e-22,-1.6658755792327935e-19,5.5140008784020414e-15,7.50321395199202e-12,9.25090006917427e-08,9.250900069243673e-08,1.8501800138417942e-07,-6.940376211564923e-19,3.751189700253864e-12,0.0,4.107799300343547e-15
literature_low_magnitude_proxy:literature_low_magnitude_proxy_transfer:013,literature_low_magnitude_proxy,transfer,literature_low_magnitude_proxy_transfer,0.15,0.0,0.01,0.5,8.333333333333334,True,False,0.0,1.3654731206530937e-07,0.009999863452687935,0.01,0.00999972690537587,-3.277135489567384e-08,3.277135489567432e-08,-3.277135489567425e-08,3.27713548955999e-08,-3.277135489567425e-08,3.27713548955999e-08,4.1028158382630173e-22,7.441978535017079e-20,1.2519518498164324e-14,2.2708791133928336e-12,1.3654731206530937e-07,1.365473120649996e-07,2.73094624130309e-07,3.0980230045826035e-19,1.1344137638917273e-12,0.0,8.949680847464968e-15
literature_low_magnitude_proxy:literature_low_magnitude_proxy_transfer:014,literature_low_magnitude_proxy,transfer,literature_low_magnitude_proxy_transfer,0.2,0.0,0.01,0.5,8.333333333333334,True,False,0.0,1.8531704534230316e-07,0.009999814682954657,0.01,0.009999629365909314,-4.447609088215288e-08,4.4476090882152716e-08,-4.4476090882152756e-08,4.4476090882289426e-08,-4.4476090882152756e-08,4.4476090882289426e-08,-1.257314531080602e-22,-1.36709794197864e-19,2.826944783461467e-15,3.0737816990184816e-12,1.8531704534230316e-07,1.8531704534287263e-07,3.706340906851758e-07,-5.694708383509068e-19,1.5364772228514512e-12,0.0,1.6484355501363254e-14
literature_low_magnitude_proxy:literature_low_magnitude_proxy_transfer:015,literature_low_magnitude_proxy,transfer,literature_low_magnitude_proxy_transfer,0.25,0.0,0.01,0.5,8.333333333333334,True,False,0.0,2.3655615402176612e-07,0.009999763443845979,0.01,0.009999526887691958,-5.677347696522333e-08,5.677347696522397e-08,-5.677347696522386e-08,5.6773476965060736e-08,-5.677347696522386e-08,5.6773476965060736e-08,5.293955920339377e-22,1.6323251335876427e-19,9.32469914354928e-15,2.875154422174121e-12,2.3655615402176612e-07,2.3655615402108643e-07,4.7311230804285255e-07,6.796910006123726e-19,1.4366377476504142e-12,0.0,2.6860230722596193e-14
literature_low_magnitude_proxy:literature_low_magnitude_proxy_transfer:016,literature_low_magnitude_proxy,transfer,literature_low_magnitude_proxy_transfer,0.3,0.0,0.01,0.5,8.333333333333334,True,True,0.0,2.8871946490932144e-07,0.009999711280535091,0.01,0.009999422561070182,-6.929267157823672e-08,6.929267157823729e-08,-6.929267157823715e-08,6.929267157812502e-08,-6.929267157823715e-08,6.929267157812502e-08,4.235164736271502e-22,1.1227157018059734e-19,6.111995164581944e-15,1.6202517181608914e-12,2.8871946490932144e-07,2.8871946490885425e-07,5.774389298181756e-07,4.6703279129233985e-19,8.088003201297831e-13,0.0,4.001228612034721e-14
literature_low_magnitude_proxy:literature_low_magnitude_proxy_transfer:017,literature_low_magnitude_proxy,transfer,literature_low_magnitude_proxy_transfer,0.35,0.0,0.01,0.5,8.333333333333334,True,True,0.0,3.40805645813719e-07,0.009999659194354187,0.01,0.009999318388708373,-8.179335499529252e-08,8.179335499529264e-08,-8.179335499529256e-08,8.179335499527984e-08,-8.179335499529256e-08,8.179335499527984e-08,3.970466940254533e-23,1.2798138437420444e-20,4.854265900308215e-16,1.5646917085326798e-13,3.40805645813719e-07,3.40805645813666e-07,6.81611291627385e-07,5.293955920339377e-20,7.766825440493748e-14,0.0,5.5751274344874255e-14
literature_low_magnitude_proxy:literature_low_magnitude_proxy_transfer:018,literature_low_magnitude_proxy,transfer,literature_low_magnitude_proxy_transfer,0.4,0.0,0.01,0.5,8.333333333333334,True,True,0.0,3.9218098196457345e-07,0.009999607819018036,0.01,0.009999215638036072,-9.412343567149809e-08,9.412343567149774e-08,-9.412343567149762e-08,9.412343567133385e-08,-9.412343567149762e-08,9.412343567133385e-08,-4.764560328305439e-22,1.6388764040390627e-19,5.062034013435631e-15,1.7411990885659349e-12,3.9218098196457345e-07,3.9218098196389106e-07,7.843619639284645e-07,6.823909181317457e-19,8.699949124432316e-13,0.0,7.382684285492613e-14
literature_low_magnitude_proxy:literature_low_magnitude_proxy_transfer:019,literature_low_magnitude_proxy,transfer,literature_low_magnitude_proxy_transfer,0.45,0.0,0.01,0.5,8.333333333333334,True,True,0.0,4.4245229305400666e-07,0.009999557547706947,0.01,0.009999115095413893,-1.0618855033295973e-07,1.0618855033296159e-07,-1.0618855033296159e-07,1.0618855033284191e-07,-1.0618855033296159e-07,1.0618855033284191e-07,1.8661194619196304e-21,1.1968310846907247e-19,1.7573641000543685e-14,1.127081103318557e-12,4.4245229305400666e-07,4.4245229305350797e-07,8.849045861075146e-07,4.986906476959693e-19,5.635530152347737e-13,0.0,9.396673518169341e-14
literature_low_magnitude_proxy:literature_low_magnitude_proxy_transfer:020,literature_low_magnitude_proxy,transfer,literature_low_magnitude_proxy_transfer,0.5,0.0,0.01,0.5,8.333333333333334,True,True,0.0,4.913831326126577e-07,0.009999508616867388,0.01,0.009999017233734775,-1.1793195182703246e-07,1.1793195182703791e-07,-1.1793195182703786e-07,1.1793195182699389e-07,-1.1793195182703786e-07,1.1793195182699389e-07,5.399835038746165e-21,4.401924347762192e-20,4.578771872329991e-14,3.7325968743552807e-13,4.913831326126577e-07,4.913831326124746e-07,9.827662652251323e-07,1.8317087484374245e-19,1.8638294915605555e-13,0.0,1.158995438477466e-13
literature_low_magnitude_proxy:literature_low_magnitude_proxy_transfer:021,literature_low_magnitude_proxy,transfer,literature_low_magnitude_proxy_transfer,0.55,0.0,0.01,0.5,8.333333333333334,True,True,0.0,5.388396915297779e-07,0.00999946116030847,0.01,0.009998922320616941,-1.293215259671444e-07,1.2932152596714703e-07,-1.293215259671467e-07,1.2932152596706326e-07,-1.293215259671467e-07,1.2932152596706326e-07,2.276401045745932e-21,8.377685243937064e-20,1.760264603067116e-14,6.478183103148149e-13,5.388396915297779e-07,5.388396915294302e-07,1.0776793830592082e-06,3.477070248478903e-19,3.2264422082647107e-13,0.0,1.3936714232050504e-13
literature_low_magnitude_proxy:literature_low_magnitude_proxy_transfer:022,literature_low_magnitude_proxy,transfer,literature_low_magnitude_proxy_transfer,0.6,0.0,0.01,0.5,8.333333333333334,True,True,0.0,5.847557917979936e-07,0.009999415244208202,0.01,0.009998830488416403,-1.403413900315147e-07,1.4034139003151864e-07,-1.4034139003151845e-07,1.403413900316619e-07,-1.4034139003151845e-07,1.403413900316619e-07,3.758708703440958e-21,-1.4325444720438354e-19,2.678260990999741e-14,1.0207569354419565e-12,5.847557917979936e-07,5.847557917985913e-07,1.169511583596585e-06,-5.975817442879089e-19,5.109669306992818e-13,0.0,1.64130881299991e-13
literature_low_magnitude_proxy:literature_low_magnitude_proxy_transfer:023,literature_low_magnitude_proxy,transfer,literature_low_magnitude_proxy_transfer,0.65,0.0,0.01,0.5,8.333333333333334,True,True,0.0,6.291099888004503e-07,0.009999370890011199,0.01,0.009998741780022398,-1.5098639731211384e-07,1.5098639731210796e-07,-1.5098639731210807e-07,1.5098639731231376e-07,-1.5098639731210807e-07,1.5098639731231376e-07,-5.770411953169921e-21,-2.0580253640319329e-19,3.8218091536031064e-14,1.363053494001138e-12,6.291099888004503e-07,6.291099888013074e-07,1.2582199776017576e-06,-8.571973426213519e-19,6.812778034685455e-13,0.0,1.899741014443401e-13
literature_low_magnitude_proxy:literature_low_magnitude_proxy_transfer:024,literature_low_magnitude_proxy,transfer,literature_low_magnitude_proxy_transfer,0.7,0.0,0.01,0.5,8.333333333333334,True,True,0.0,6.719103987866056e-07,0.009999328089601214,0.01,0.009998656179202427,-1.612584957087884e-07,1.6125849570878544e-07,-1.6125849570878533e-07,1.6125849570877702e-07,-1.6125849570878533e-07,1.6125849570877702e-07,-3.0704944337968387e-21,8.41738991333961e-21,1.90408227504599e-14,5.219811754005483e-14,6.719103987866056e-07,6.71910398786571e-07,1.3438207975731767e-06,3.4728350837426314e-20,2.5842992533039146e-14,0.0,2.16702520318825e-13
literature_low_magnitude_proxy:literature_low_magnitude_proxy_transfer:025,literature_low_magnitude_proxy,transfer,literature_low_magnitude_proxy_transfer,0.75,0.0,0.01,0.5,8.333333333333334,True,True,0.0,7.131845189503832e-07,0.00999928681548105,0.01,0.0099985736309621,-1.711642845480923e-07,1.7116428454809226e-07,-1.7116428454809195e-07,1.7116428454796995e-07,-1.7116428454809195e-07,1.7116428454796995e-07,-3.441071348220595e-22,1.223168515394413e-19,2.0103909862420813e-15,7.1461667287882e-13,7.131845189503832e-07,7.131845189498748e-07,1.426369037900258e-06,5.084315265893938e-19,3.564516005884776e-13,0.0,2.441434358736609e-13
literature_low_magnitude_proxy:literature_low_magnitude_proxy_transfer:026,literature_low_magnitude_proxy,transfer,literature_low_magnitude_proxy_transfer,0.8,0.0,0.01,0.5,8.333333333333334,True,True,0.0,7.529723230188899e-07,0.009999247027676982,0.01,0.009998494055353963,-1.807133575245461e-07,1.807133575245336e-07,-1.8071335752453355e-07,1.8071335752448125e-07,-1.8071335752453355e-07,1.8071335752448125e-07,-1.2546675531204324e-20,5.235722405215644e-20,6.942860064729926e-14,2.897252575535178e-13,7.529723230188899e-07,7.529723230186719e-07,1.505944646037562e-06,2.1811098391798234e-19,1.4483333400857427e-13,0.0,2.7214431323150363e-13
literature_low_magnitude_proxy:literature_low_magnitude_proxy_transfer:027,literature_low_magnitude_proxy,transfer,literature_low_magnitude_proxy_transfer,0.85,0.0,0.01,0.5,8.333333333333334,True,True,0.0,7.91321538369239e-07,0.009999208678461631,0.01,0.009998417356923263,-1.8991716920863255e-07,1.899171692086173e-07,-1.8991716920861733e-07,1.8991716920851997e-07,-1.8991716920861733e-07,1.8991716920851997e-07,-1.522012327097571e-20,9.732937959543945e-20,8.014084947873101e-14,5.124833104927262e-13,7.91321538369239e-07,7.913215383688332e-07,1.5826430767380722e-06,4.0572878173480986e-19,2.563615180821709e-13,0.0,3.0057109300163417e-13
literature_low_magnitude_proxy:literature_low_magnitude_proxy_transfer:028,literature_low_magnitude_proxy,transfer,literature_low_magnitude_proxy_transfer,0.9,0.0,0.01,0.5,8.333333333333334,True,True,0.0,8.282843966237238e-07,0.009999171715603376,0.01,0.009998343431206752,-1.9878825518968654e-07,1.9878825518969376e-07,-1.987882551896937e-07,1.9878825518973574e-07,-1.987882551896937e-07,1.9878825518973574e-07,7.173310272059856e-21,-4.198107044829126e-20,3.6085181517463014e-14,2.1118486305049533e-13,8.282843966237238e-07,8.28284396623899e-07,1.6565687932476228e-06,-1.751240618448266e-19,1.0571493472449511e-13,0.0,3.293064200114262e-13
literature_low_magnitude_proxy:literature_low_magnitude_proxy_transfer:029,literature_low_magnitude_proxy,transfer,literature_low_magnitude_proxy_transfer,0.95,0.0,0.01,0.5,8.333333333333334,True,True,0.0,8.639153921222071e-07,0.009999136084607878,0.01,0.009998272169215757,-2.073396941093329e-07,2.0733969410933007e-07,-2.073396941093297e-07,2.0733969410921537e-07,-2.073396941093297e-07,2.0733969410921537e-07,-3.202843331805323e-21,1.146935550141526e-19,1.5447323512093262e-14,5.531673783297605e-13,8.639153921222071e-07,8.639153921217307e-07,1.727830784243938e-06,4.764560328305439e-19,2.757538742655468e-13,0.0,3.582479062777226e-13
literature_low_magnitude_proxy:literature_low_magnitude_proxy_transfer:030,literature_low_magnitude_proxy,transfer,literature_low_magnitude_proxy_transfer,1.0,0.0,0.01,0.5,8.333333333333334,True,True,0.0,8.982697374158901e-07,0.009999101730262585,0.01,0.009998203460525169,-2.155847369798257e-07,2.155847369798136e-07,-2.155847369798136e-07,2.155847369797459e-07,-2.155847369798136e-07,2.155847369797459e-07,-1.2096689277975477e-20,6.770969622114063e-20,5.611106540954928e-14,3.1407462870379675e-13,8.982697374158901e-07,8.982697374156079e-07,1.7965394748314978e-06,2.82061971435682e-19,1.5700293558099375e-13,0.0,3.873064901553401e-13
literature_high_magnitude_proxy:literature_high_magnitude_proxy_transfer:000,literature_high_magnitude_proxy,transfer,literature_high_magnitude_proxy_transfer,-0.5,0.0,0.01,4.5,75.0,True,False,0.0,4.727026083772926e-11,0.00999999995272974,0.01,0.009999999905459479,-1.260540289005978e-12,1.2605402889638e-12,-1.2605402890061137e-12,1.2605402832654988e-12,-1.2605402890061137e-12,1.2605402832654988e-12,1.357093192469811e-25,5.698301231190582e-21,1.0765964438469677e-13,4.520522890922231e-09,4.727026083772926e-11,4.7270260622456206e-11,9.454052146018547e-11,2.152730564832836e-19,2.2770453680429837e-09,0.0,1.1917213597285051e-22
literature_high_magnitude_proxy:literature_high_magnitude_proxy_transfer:001,literature_high_magnitude_proxy,transfer,literature_high_magnitude_proxy_transfer,-0.45,0.0,0.01,4.5,75.0,True,False,0.0,1.1137441306768447e-10,0.009999999888625587,0.01,0.009999999777251174,-2.9699843484713936e-12,2.969984348537967e-12,-2.969984348471586e-12,2.9699843510459326e-12,-2.969984348471586e-12,2.9699843510459326e-12,1.9225486893322323e-25,-2.507965573027464e-21,6.473262023490511e-14,8.444373022181883e-10,1.1137441306768447e-10,1.1137441316422247e-10,2.2274882623190695e-10,-9.653800039377348e-20,4.333939800492031e-10,0.0,6.61560527835897e-22
literature_high_magnitude_proxy:literature_high_magnitude_proxy_transfer:002,literature_high_magnitude_proxy,transfer,literature_high_magnitude_proxy_transfer,-0.4,0.0,0.01,4.5,75.0,True,False,0.0,2.644529560180392e-10,0.009999999735547044,0.01,0.009999999471094088,-7.052078827148026e-12,7.052078827146249e-12,-7.052078827147711e-12,7.052078828303128e-12,-7.052078827147711e-12,7.052078828303128e-12,-3.1503949110906327e-25,-1.1568791335214657e-21,4.467327986979838e-14,1.6404795829541715e-10,2.644529560180392e-10,2.644529560613673e-10,5.289059120794065e-10,-4.3328134075833866e-20,8.192030582894941e-11,0.0,3.729886184433984e-21
literature_high_magnitude_proxy:literature_high_magnitude_proxy_transfer:003,literature_high_magnitude_proxy,transfer,literature_high_magnitude_proxy_transfer,-0.35,0.0,0.01,4.5,75.0,True,False,0.0,6.332163570460886e-10,0.009999999366783642,0.01,0.009999998733567285,-1.6885769521228537e-11,1.688576952131157e-11,-1.688576952122903e-11,1.6885769541878187e-11,-1.688576952122903e-11,1.6885769541878187e-11,4.9436966297114545e-25,-2.0566618084909275e-20,2.927729543800872e-14,1.2179852409984787e-09,6.332163570460886e-10,6.33216357820432e-10,1.2664327148665207e-09,-7.743432101552842e-19,6.1143651817573e-10,0.0,2.1384690950455813e-20
literature_high_magnitude_proxy:literature_high_magnitude_proxy_transfer:004,literature_high_magnitude_proxy,transfer,literature_high_magnitude_proxy_transfer,-0.3,0.0,0.01,4.5,75.0,True,False,0.0,1.5295577900824448e-09,0.00999999847044221,0.01,0.009999996940884421,-4.0788207735530113e-11,4.078820773553869e-11,-4.0788207735531865e-11,4.078820771876342e-11,-4.0788207735531865e-11,4.078820771876342e-11,1.7512964531396133e-24,1.677526805901515e-20,4.2936342398148695e-14,4.1127740075715295e-10,1.5295577900824448e-09,1.5295577894536283e-09,3.059115579536073e-09,6.288164978082175e-19,2.0555499831869052e-10,0.0,1.2477584171947102e-19
literature_high_magnitude_proxy:literature_high_magnitude_proxy_transfer:005,literature_high_magnitude_proxy,transfer,literature_high_magnitude_proxy_transfer,-0.25,0.0,0.01,4.5,75.0,True,False,0.0,3.7262692106699594e-09,0.00999999627373079,0.01,0.00999999254746158,-9.936717895119763e-11,9.936717895115645e-11,-9.936717895119892e-11,9.936717892955471e-11,-9.936717895119892e-11,9.936717892955471e-11,1.2924697071141057e-24,2.160174414863989e-20,1.3007008156575137e-14,2.1739315110533773e-10,3.7262692106699594e-09,3.726269209858302e-09,7.452538420528261e-09,8.116577411778576e-19,1.0891023908607029e-10,0.0,7.40537718792665e-19
literature_high_magnitude_proxy:literature_high_magnitude_proxy_transfer:006,literature_high_magnitude_proxy,transfer,literature_high_magnitude_proxy_transfer,-0.2,0.0,0.01,4.5,75.0,True,False,0.0,9.138071974374362e-09,0.009999990861928026,0.01,0.009999981723856051,-2.4368191931664366e-10,2.4368191931663043e-10,-2.4368191931664966e-10,2.436819193189314e-10,-2.4368191931664966e-10,2.436819193189314e-10,5.997059441009451e-24,-2.3009579701811e-21,2.4610194543061855e-14,9.442464901015498e-12,9.138071974374362e-09,9.138071974459927e-09,1.827614394883429e-08,-8.556356256248518e-20,4.681707629444564e-12,0.0,4.453565835180162e-18
literature_high_magnitude_proxy:literature_high_magnitude_proxy_transfer:007,literature_high_magnitude_proxy,transfer,literature_high_magnitude_proxy_transfer,-0.15,0.0,0.01,4.5,75.0,True,False,0.0,2.2428751869172015e-08,0.00999997757124813,0.01,0.009999955142496261,-5.981000498445827e-10,5.981000498445968e-10,-5.981000498445871e-10,5.981000498570902e-10,-5.981000498445871e-10,5.981000498570902e-10,4.342698215903395e-24,-1.2493425779271223e-20,7.260822360793685e-15,2.0888521547952382e-11,2.2428751869172015e-08,2.2428751869640884e-08,4.4857503738812895e-08,-4.688724409746578e-19,1.045248624845046e-11,0.0,2.6829275222368177e-17
literature_high_magnitude_proxy:literature_high_magnitude_proxy_transfer:008,literature_high_magnitude_proxy,transfer,literature_high_magnitude_proxy_transfer,-0.1,0.0,0.01,4.5,75.0,True,False,0.0,5.4318923081914945e-08,0.009999945681076918,0.01,0.009999891362153837,-1.4485046155177393e-09,1.4485046155176543e-09,-1.4485046155177318e-09,1.4485046155125284e-09,-1.4485046155177318e-09,1.4485046155125284e-09,-7.444625512977249e-24,5.125831460837974e-21,5.1395248818840076e-15,3.5387056457573994e-12,5.4318923081914945e-08,5.4318923081719817e-08,1.0863784616363477e-07,1.9513521522370944e-19,1.796199226278739e-12,0.0,1.5736242158764762e-16
literature_high_magnitude_proxy:literature_high_magnitude_proxy_transfer:009,literature_high_magnitude_proxy,transfer,literature_high_magnitude_proxy_transfer,-0.05,0.0,0.01,4.5,75.0,True,False,0.0,1.2607800941310425e-07,0.009999873921990587,0.01,0.009999747843981175,-3.362080251016095e-09,3.3620802510160724e-09,-3.3620802510161133e-09,3.362080251007038e-09,-3.3620802510161133e-09,3.362080251007038e-09,1.819797347616661e-23,9.034466650304168e-21,5.412712403478971e-15,2.6871656759453653e-12,1.2607800941310425e-07,1.2607800941276393e-07,2.5215601882586815e-07,3.4029548655941516e-19,1.3495433824818342e-12,0.0,8.477687710681544e-16
literature_high_magnitude_proxy:literature_high_magnitude_proxy_transfer:010,literature_high_magnitude_proxy,transfer,literature_high_magnitude_proxy_transfer,0.0,0.0,0.01,4.5,75.0,True,False,0.0,2.6843227414476007e-07,0.009999731567725855,0.01,0.00999946313545171,-7.158193977193581e-09,7.158193977193618e-09,-7.158193977193602e-09,7.158193977193268e-09,-7.158193977193602e-09,7.158193977193268e-09,2.0679515313825692e-23,3.498973991099307e-22,2.8889291600244085e-15,4.888068138761288e-14,2.6843227414476007e-07,2.6843227414474757e-07,5.368645482895076e-07,1.249373597200093e-20,2.3271672550938497e-14,0.0,3.842980576134628e-15
literature_high_magnitude_proxy:literature_high_magnitude_proxy_transfer:011,literature_high_magnitude_proxy,transfer,literature_high_magnitude_proxy_transfer,0.05,0.0,0.01,4.5,75.0,True,False,0.0,5.047497966078884e-07,0.009999495250203392,0.01,0.009998990500406783,-1.3459994576210389e-08,1.345999457621034e-08,-1.3459994576210356e-08,1.3459994576229631e-08,-1.3459994576210356e-08,1.3459994576229631e-08,-3.3087224502121107e-23,-1.929150624596171e-20,2.4581900323051015e-15,1.4332476983334405e-12,5.047497966078884e-07,5.047497966086112e-07,1.0094995932164994e-06,-7.229426204815453e-19,7.161395857303568e-13,0.0,1.3587859049390372e-14
literature_high_magnitude_proxy:literature_high_magnitude_proxy_transfer:012,literature_high_magnitude_proxy,transfer,literature_high_magnitude_proxy_transfer,0.1,0.0,0.01,4.5,75.0,True,False,0.0,8.324576432930465e-07,0.009999167542356708,0.01,0.009998335084713416,-2.2198870487814587e-08,2.2198870487814553e-08,-2.2198870487814573e-08,2.219887048779401e-08,-2.2198870487814573e-08,2.219887048779401e-08,-1.3234889800848443e-23,2.0543857693366995e-20,5.961965410858784e-16,9.254460809005562e-13,8.324576432930465e-07,8.324576432922753e-07,1.664915286585322e-06,7.712234984750405e-19,4.632208645622989e-13,0.0,3.6959238820073127e-14
literature_high_magnitude_proxy:literature_high_magnitude_proxy_transfer:013,literature_high_magnitude_proxy,transfer,literature_high_magnitude_proxy_transfer,0.15,0.0,0.01,4.5,75.0,True,False,0.0,1.2286572248523735e-06,0.009998771342775149,0.01,0.009997542685550297,-3.2764192662729917e-08,3.2764192662730036e-08,-3.276419266272996e-08,3.27641926627098e-08,-3.276419266272996e-08,3.27641926627098e-08,4.632211430296955e-23,2.023614650549727e-20,1.4138030129355832e-15,6.176299447938576e-13,1.2286572248523735e-06,1.2286572248516175e-06,2.457314449703991e-06,7.559769054244631e-19,3.0764353561487756e-13,0.0,8.051192406298706e-14
literature_high_magnitude_proxy:literature_high_magnitude_proxy_transfer:014,literature_high_magnitude_proxy,transfer,literature_high_magnitude_proxy_transfer,0.2,0.0,0.01,4.5,75.0,True,False,0.0,1.6673588877571148e-06,0.009998332641112244,0.01,0.009996665282224487,-4.4462903673523044e-08,4.446290367352293e-08,-4.4462903673523064e-08,4.446290367351076e-08,-4.4462903673523064e-08,4.446290367351076e-08,1.9852334701272664e-23,1.2169481171880143e-20,4.464920880346015e-16,2.736996499652115e-13,1.6673588877571148e-06,1.6673588877566536e-06,3.3347177755137685e-06,4.612094397799665e-19,1.3830538918961728e-13,0.0,1.4827123523103327e-13
literature_high_magnitude_proxy:literature_high_magnitude_proxy_transfer:015,literature_high_magnitude_proxy,transfer,literature_high_magnitude_proxy_transfer,0.25,0.0,0.01,4.5,75.0,True,False,0.0,2.1281997778625567e-06,0.009997871800222137,0.01,0.009995743600444274,-5.675199407633598e-08,5.675199407633475e-08,-5.675199407633484e-08,5.675199407635204e-08,-5.675199407633484e-08,5.675199407635204e-08,-1.138200522872966e-21,-1.729138352480849e-20,2.0055692163732522e-14,3.0468327688266423e-13,2.1281997778625567e-06,2.1281997778632017e-06,4.256399555725758e-06,-6.454391058077769e-19,1.5163968921560167e-13,0.0,2.415591623730991e-13
literature_high_magnitude_proxy:literature_high_magnitude_proxy_transfer:016,literature_high_magnitude_proxy,transfer,literature_high_magnitude_proxy_transfer,0.3,0.0,0.01,4.5,75.0,True,True,0.0,2.597275306871644e-06,0.00999740272469313,0.01,0.009994805449386258,-6.92606748499113e-08,6.926067484991059e-08,-6.926067484991051e-08,6.926067484989511e-08,-6.926067484991051e-08,6.926067484989511e-08,-7.808584982500581e-22,1.5484821066992678e-20,1.1274197081420124e-14,2.2357306076714712e-13,2.597275306871644e-06,2.5972753068710663e-06,5.19455061374271e-06,5.776764700274328e-19,1.1120817044291207e-13,0.0,3.5977808104979696e-13
literature_high_magnitude_proxy:literature_high_magnitude_proxy_transfer:017,literature_high_magnitude_proxy,transfer,literature_high_magnitude_proxy_transfer,0.35,0.0,0.01,4.5,75.0,True,True,0.0,3.065579181778906e-06,0.009996934420818221,0.01,0.009993868841636442,-8.174877818077095e-08,8.174877818077082e-08,-8.174877818077084e-08,8.174877818077168e-08,-8.174877818077084e-08,8.174877818077168e-08,-1.1911400820763599e-22,-8.602678370551488e-22,1.457073865302786e-15,1.0523311249408917e-14,3.065579181778906e-06,3.065579181778938e-06,6.131158363557844e-06,-3.218725199566341e-20,5.249783170987177e-15,0.0,5.012147050536708e-13
literature_high_magnitude_proxy:literature_high_magnitude_proxy_transfer:018,literature_high_magnitude_proxy,transfer,literature_high_magnitude_proxy_transfer,0.4,0.0,0.01,4.5,75.0,True,True,0.0,3.527415496661494e-06,0.009996472584503339,0.01,0.009992945169006678,-9.406441324430735e-08,9.406441324430666e-08,-9.40644132443065e-08,9.406441324429545e-08,-9.40644132443065e-08,9.406441324429545e-08,-8.470329472543003e-22,1.1209951661318631e-20,9.004818273350167e-15,1.1917314183636949e-13,3.527415496661494e-06,3.5274154966610793e-06,7.054830993322574e-06,4.1504614415460717e-19,5.883147938589174e-14,0.0,6.636085379245969e-13
literature_high_magnitude_proxy:literature_high_magnitude_proxy_transfer:019,literature_high_magnitude_proxy,transfer,literature_high_magnitude_proxy_transfer,0.45,0.0,0.01,4.5,75.0,True,True,0.0,3.9792538092748705e-06,0.009996020746190725,0.01,0.00999204149238145,-1.0611343491399637e-07,1.0611343491399644e-07,-1.0611343491399654e-07,1.0611343491400323e-07,-1.0611343491399654e-07,1.0611343491400323e-07,1.7205356741102976e-22,-6.789498467835251e-21,1.621411723694335e-15,6.398340109654934e-14,3.9792538092748705e-06,3.979253809275121e-06,7.958507618549992e-06,-2.507217523872729e-19,3.150361404478312e-14,0.0,8.445045801935768e-13
literature_high_magnitude_proxy:literature_high_magnitude_proxy_transfer:020,literature_high_magnitude_proxy,transfer,literature_high_magnitude_proxy_transfer,0.5,0.0,0.01,4.5,75.0,True,True,0.0,4.4189742529194515e-06,0.009995581025747081,0.01,0.009991162051494163,-1.1783931341118599e-07,1.1783931341118515e-07,-1.1783931341118537e-07,1.178393134111666e-07,-1.1783931341118537e-07,1.178393134111666e-07,-6.220398206398768e-22,1.8555315500789517e-20,5.278712194031073e-15,1.5746286161769397e-13,4.4189742529194515e-06,4.4189742529187476e-06,8.8379485058382e-06,7.047314121155779e-19,7.973925302348663e-14,0.0,1.041457783891302e-12
literature_high_magnitude_proxy:literature_high_magnitude_proxy_transfer:021,literature_high_magnitude_proxy,transfer,literature_high_magnitude_proxy_transfer,0.55,0.0,0.01,4.5,75.0,True,True,0.0,4.845380295548943e-06,0.009995154619704452,0.01,0.009990309239408903,-1.2921014121463763e-07,1.2921014121463843e-07,-1.2921014121463848e-07,1.292101412146233e-07,-1.2921014121463848e-07,1.292101412146233e-07,8.470329472543003e-22,1.5114244152568922e-20,6.555468009645192e-15,1.1697413229710644e-13,4.845380295548943e-06,4.845380295548374e-06,9.690760591097317e-06,5.692061405548898e-19,5.873699336642438e-14,0.0,1.2521445444528644e-12
literature_high_magnitude_proxy:literature_high_magnitude_proxy_transfer:022,literature_high_magnitude_proxy,transfer,literature_high_magnitude_proxy_transfer,0.6,0.0,0.01,4.5,75.0,True,True,0.0,5.257883498051341e-06,0.00999474211650195,0.01,0.009989484233003899,-1.4021022661470394e-07,1.4021022661470264e-07,-1.4021022661470243e-07,1.4021022661468245e-07,-1.4021022661470243e-07,1.4021022661468245e-07,-1.5087774372967225e-21,2.0196441836094724e-20,1.0760823042122492e-14,1.440439996691147e-13,5.257883498051341e-06,5.257883498050592e-06,1.0515766996101932e-05,7.487771253728015e-19,7.120518414399674e-14,0.0,1.4744180735507555e-12
literature_high_magnitude_proxy:literature_high_magnitude_proxy_transfer:023,literature_high_magnitude_proxy,transfer,literature_high_magnitude_proxy_transfer,0.65,0.0,0.01,4.5,75.0,True,True,0.0,5.656297359902586e-06,0.009994343702640098,0.01,0.009988687405280196,-1.5083459626406822e-07,1.508345962640694e-07,-1.5083459626406896e-07,1.5083459626405448e-07,-1.5083459626406896e-07,1.5083459626405448e-07,7.411538288475128e-22,1.4928955695357043e-20,4.913685899685513e-15,9.897567312223647e-14,5.656297359902586e-06,5.656297359902043e-06,1.1312594719804629e-05,5.421010862427522e-19,4.792013677407816e-14,0.0,1.7063306572606875e-12
literature_high_magnitude_proxy:literature_high_magnitude_proxy_transfer:024,literature_high_magnitude_proxy,transfer,literature_high_magnitude_proxy_transfer,0.7,0.0,0.01,4.5,75.0,True,True,0.0,6.040700755241296e-06,0.00999395929924476,0.01,0.009987918598489519,-1.6108535347309985e-07,1.6108535347310162e-07,-1.6108535347310123e-07,1.610853534730894e-07,-1.6108535347310123e-07,1.610853534730894e-07,1.376428539288238e-21,1.2229038175983961e-20,8.544715640569274e-15,7.591651203736529e-14,6.040700755241296e-06,6.040700755240852e-06,1.2081401510482148e-05,4.438452643612534e-19,3.673789534899253e-14,0.0,1.9461368327664046e-12
literature_high_magnitude_proxy:literature_high_magnitude_proxy_transfer:025,literature_high_magnitude_proxy,transfer,literature_high_magnitude_proxy_transfer,0.75,0.0,0.01,4.5,75.0,True,True,0.0,6.4113463378123535e-06,0.009993588653662188,0.01,0.009987177307324376,-1.7096923567499077e-07,1.709692356749963e-07,-1.709692356749961e-07,1.7096923567499109e-07,-1.709692356749961e-07,1.7096923567499109e-07,5.320425699941074e-21,5.2145465815342865e-21,3.111919918771197e-14,3.049991164168781e-14,6.4113463378123535e-06,6.4113463378121655e-06,1.2822692675624519e-05,1.8804131429045468e-19,1.4664729089851347e-14,0.0,2.1922859660468627e-12
literature_high_magnitude_proxy:literature_high_magnitude_proxy_transfer:026,literature_high_magnitude_proxy,transfer,literature_high_magnitude_proxy_transfer,0.8,0.0,0.01,4.5,75.0,True,True,0.0,6.768598443953101e-06,0.009993231401556047,0.01,0.009986462803112094,-1.804959585054168e-07,1.8049595850541591e-07,-1.8049595850541602e-07,1.8049595850541666e-07,-1.8049595850541602e-07,1.8049595850541666e-07,-7.676236084492097e-22,-7.411538288475128e-22,4.252857597507774e-15,4.10620733552475e-15,6.768598443953101e-06,6.768598443953125e-06,1.3537196887906226e-05,-2.371692252312041e-20,1.75198179649056e-15,0.0,2.4434093277591732e-12
literature_high_magnitude_proxy:literature_high_magnitude_proxy_transfer:027,literature_high_magnitude_proxy,transfer,literature_high_magnitude_proxy_transfer,0.85,0.0,0.01,4.5,75.0,True,True,0.0,7.112890637639945e-06,0.00999288710936236,0.01,0.00998577421872472,-1.8967708367040174e-07,1.8967708367039854e-07,-1.8967708367039854e-07,1.8967708367040315e-07,-1.8967708367039854e-07,1.8967708367040315e-07,-3.202843331805323e-21,-4.605741650695258e-21,1.688576853791596e-14,2.428201426113517e-14,7.112890637639945e-06,7.112890637640118e-06,1.4225781275280063e-05,-1.7279472123987727e-19,1.2146589202811525e-14,0.0,2.698304705228118e-12
literature_high_magnitude_proxy:literature_high_magnitude_proxy_transfer:028,literature_high_magnitude_proxy,transfer,literature_high_magnitude_proxy_transfer,0.9,0.0,0.01,4.5,75.0,True,True,0.0,7.444696519188021e-06,0.009992555303480812,0.01,0.009985110606961623,-1.9852524051169195e-07,1.9852524051168044e-07,-1.9852524051168054e-07,1.985252405116896e-07,-1.9852524051168054e-07,1.985252405116896e-07,-1.1408475008331358e-20,-9.158543742187122e-21,5.746611855966731e-14,4.6132893321682424e-14,7.444696519188021e-06,7.44469651918836e-06,1.488939303837638e-05,-3.3881317890172014e-19,2.2755338517053373e-14,0.0,2.9559203340166802e-12
literature_high_magnitude_proxy:literature_high_magnitude_proxy_transfer:029,literature_high_magnitude_proxy,transfer,literature_high_magnitude_proxy_transfer,0.95,0.0,0.01,4.5,75.0,True,True,0.0,7.764509603785635e-06,0.009992235490396215,0.01,0.00998447098079243,-2.0705358943429347e-07,2.0705358943428384e-07,-2.070535894342836e-07,2.0705358943426399e-07,-2.070535894342836e-07,2.0705358943426399e-07,-9.873227791432938e-21,1.9852334701272664e-20,4.768440778258575e-14,9.588017650654417e-14,7.764509603785635e-06,7.7645096037849e-06,1.5529019207570535e-05,7.352245982167327e-19,4.7345205024816e-14,0.0,3.2153391673212612e-12
literature_high_magnitude_proxy:literature_high_magnitude_proxy_transfer:030,literature_high_magnitude_proxy,transfer,literature_high_magnitude_proxy_transfer,1.0,0.0,0.01,4.5,75.0,True,True,0.0,8.072829470307271e-06,0.009991927170529692,0.01,0.009983854341059384,-2.152754525415217e-07,2.152754525415269e-07,-2.1527545254152722e-07,2.1527545254154678e-07,-2.1527545254152722e-07,2.1527545254154678e-07,5.532183936754649e-21,-1.987880448087436e-20,2.5698164242332626e-14,9.234125045928253e-14,8.072829470307271e-06,8.072829470308004e-06,1.6145658940615277e-05,-7.318364664277155e-19,4.532713524541932e-14,0.0,3.475764035022266e-12
ideal_control:ideal_control_output_vtg_0p3:000,ideal_control,output,ideal_control_output_vtg_0p3,0.3,0.0,0.0,0.0,0.0,False,False,0.0,0.0,0.0,0.0,0.0,1.6938906450914556e-22,-1.3035017854805336e-22,1.6938906450914556e-22,-1.3035017854805336e-22,0.0,0.0,0.0,0.0,0.0,0.0,0.0,0.0,0.0,0.0,0.0,0.0,0.0
ideal_control:ideal_control_output_vtg_0p3:001,ideal_control,output,ideal_control_output_vtg_0p3,0.3,0.0,0.001,0.0,0.0,False,False,0.0,0.0,0.001,0.001,0.001,-7.145745068011906e-09,7.145745068011705e-09,-7.145745068011906e-09,7.145745068011705e-09,0.0,0.0,0.0,0.0,0.0,0.0,0.0,0.0,0.0,0.0,0.0,0.0,0.0
ideal_control:ideal_control_output_vtg_0p3:002,ideal_control,output,ideal_control_output_vtg_0p3,0.3,0.0,0.005,0.0,0.0,False,False,0.0,0.0,0.005,0.005,0.005,-3.524828171760767e-08,3.524828171760773e-08,-3.524828171760767e-08,3.524828171760773e-08,0.0,0.0,0.0,0.0,0.0,0.0,0.0,0.0,0.0,0.0,0.0,0.0,0.0
ideal_control:ideal_control_output_vtg_0p3:003,ideal_control,output,ideal_control_output_vtg_0p3,0.3,0.0,0.01,0.0,0.0,False,False,0.0,0.0,0.01,0.01,0.01,-6.929667324823945e-08,6.929667324823877e-08,-6.929667324823945e-08,6.929667324823877e-08,0.0,0.0,0.0,0.0,0.0,0.0,0.0,0.0,0.0,0.0,0.0,0.0,0.0
ideal_control:ideal_control_output_vtg_0p3:004,ideal_control,output,ideal_control_output_vtg_0p3,0.3,0.0,0.05,0.0,0.0,False,False,0.0,0.0,0.05,0.05,0.05,-2.989761851043792e-07,2.9897618510437926e-07,-2.989761851043792e-07,2.9897618510437926e-07,0.0,0.0,0.0,0.0,0.0,0.0,0.0,0.0,0.0,0.0,0.0,0.0,0.0
ideal_control:ideal_control_output_vtg_0p3:005,ideal_control,output,ideal_control_output_vtg_0p3,0.3,0.0,0.1,0.0,0.0,False,False,0.0,0.0,0.1,0.1,0.1,-4.845234032356847e-07,4.845234032356854e-07,-4.845234032356847e-07,4.845234032356854e-07,0.0,0.0,0.0,0.0,0.0,0.0,0.0,0.0,0.0,0.0,0.0,0.0,0.0
ideal_control:ideal_control_output_vtg_0p3:006,ideal_control,output,ideal_control_output_vtg_0p3,0.3,0.0,0.2,0.0,0.0,False,False,0.0,0.0,0.2,0.2,0.2,-6.06815511322791e-07,6.068155113227908e-07,-6.06815511322791e-07,6.068155113227908e-07,0.0,0.0,0.0,0.0,0.0,0.0,0.0,0.0,0.0,0.0,0.0,0.0,0.0
ideal_control:ideal_control_output_vtg_0p5:000,ideal_control,output,ideal_control_output_vtg_0p5,0.5,0.0,0.0,0.0,0.0,False,False,0.0,0.0,0.0,0.0,0.0,1.1274959606390074e-21,3.093335455391629e-23,1.1274959606390074e-21,3.093335455391629e-23,0.0,0.0,0.0,0.0,0.0,0.0,0.0,0.0,0.0,0.0,0.0,0.0,0.0
ideal_control:ideal_control_output_vtg_0p5:001,ideal_control,output,ideal_control_output_vtg_0p5,0.5,0.0,0.001,0.0,0.0,False,False,0.0,0.0,0.001,0.001,0.001,-1.1996710970816617e-08,1.1996710970820002e-08,-1.1996710970816617e-08,1.1996710970820002e-08,0.0,0.0,0.0,0.0,0.0,0.0,0.0,0.0,0.0,0.0,0.0,0.0,0.0
ideal_control:ideal_control_output_vtg_0p5:002,ideal_control,output,ideal_control_output_vtg_0p5,0.5,0.0,0.005,0.0,0.0,False,False,0.0,0.0,0.005,0.005,0.005,-5.953474352132968e-08,5.95347435213286e-08,-5.953474352132968e-08,5.95347435213286e-08,0.0,0.0,0.0,0.0,0.0,0.0,0.0,0.0,0.0,0.0,0.0,0.0,0.0
ideal_control:ideal_control_output_vtg_0p5:003,ideal_control,output,ideal_control_output_vtg_0p5,0.5,0.0,0.01,0.0,0.0,False,False,0.0,0.0,0.01,0.01,0.01,-1.1794354186992015e-07,1.179435418699207e-07,-1.1794354186992015e-07,1.179435418699207e-07,0.0,0.0,0.0,0.0,0.0,0.0,0.0,0.0,0.0,0.0,0.0,0.0,0.0
ideal_control:ideal_control_output_vtg_0p5:004,ideal_control,output,ideal_control_output_vtg_0p5,0.5,0.0,0.05,0.0,0.0,False,False,0.0,0.0,0.05,0.05,0.05,-5.440783017041827e-07,5.440783017041831e-07,-5.440783017041827e-07,5.440783017041831e-07,0.0,0.0,0.0,0.0,0.0,0.0,0.0,0.0,0.0,0.0,0.0,0.0,0.0
ideal_control:ideal_control_output_vtg_0p5:005,ideal_control,output,ideal_control_output_vtg_0p5,0.5,0.0,0.1,0.0,0.0,False,False,0.0,0.0,0.1,0.1,0.1,-9.726893392359228e-07,9.72689339235923e-07,-9.726893392359228e-07,9.72689339235923e-07,0.0,0.0,0.0,0.0,0.0,0.0,0.0,0.0,0.0,0.0,0.0,0.0,0.0
ideal_control:ideal_control_output_vtg_0p5:006,ideal_control,output,ideal_control_output_vtg_0p5,0.5,0.0,0.2,0.0,0.0,False,False,0.0,0.0,0.2,0.2,0.2,-1.4952543737150776e-06,1.4952543737150782e-06,-1.4952543737150776e-06,1.4952543737150782e-06,0.0,0.0,0.0,0.0,0.0,0.0,0.0,0.0,0.0,0.0,0.0,0.0,0.0
ideal_control:ideal_control_output_vtg_1:000,ideal_control,output,ideal_control_output_vtg_1,1.0,0.0,0.0,0.0,0.0,False,False,0.0,0.0,0.0,0.0,0.0,-7.7813101508887325e-22,8.891271696646991e-23,-7.7813101508887325e-22,8.891271696646991e-23,0.0,0.0,0.0,0.0,0.0,0.0,0.0,0.0,0.0,0.0,0.0,0.0,0.0
ideal_control:ideal_control_output_vtg_1:001,ideal_control,output,ideal_control_output_vtg_1,1.0,0.0,0.001,0.0,0.0,False,False,0.0,0.0,0.001,0.001,0.001,-2.172467045896583e-08,2.172467045895991e-08,-2.172467045896583e-08,2.172467045895991e-08,0.0,0.0,0.0,0.0,0.0,0.0,0.0,0.0,0.0,0.0,0.0,0.0,0.0
ideal_control:ideal_control_output_vtg_1:002,ideal_control,output,ideal_control_output_vtg_1,1.0,0.0,0.005,0.0,0.0,False,False,0.0,0.0,0.005,0.005,0.005,-1.0826693101026772e-07,1.0826693101025721e-07,-1.0826693101026772e-07,1.0826693101025721e-07,0.0,0.0,0.0,0.0,0.0,0.0,0.0,0.0,0.0,0.0,0.0,0.0,0.0
ideal_control:ideal_control_output_vtg_1:003,ideal_control,output,ideal_control_output_vtg_1,1.0,0.0,0.01,0.0,0.0,False,False,0.0,0.0,0.01,0.01,0.01,-2.1562345999671833e-07,2.1562345999672106e-07,-2.1562345999671833e-07,2.1562345999672106e-07,0.0,0.0,0.0,0.0,0.0,0.0,0.0,0.0,0.0,0.0,0.0,0.0,0.0
ideal_control:ideal_control_output_vtg_1:004,ideal_control,output,ideal_control_output_vtg_1,1.0,0.0,0.05,0.0,0.0,False,False,0.0,0.0,0.05,0.05,0.05,-1.038288423828532e-06,1.0382884238285144e-06,-1.038288423828532e-06,1.0382884238285144e-06,0.0,0.0,0.0,0.0,0.0,0.0,0.0,0.0,0.0,0.0,0.0,0.0,0.0
ideal_control:ideal_control_output_vtg_1:005,ideal_control,output,ideal_control_output_vtg_1,1.0,0.0,0.1,0.0,0.0,False,False,0.0,0.0,0.1,0.1,0.1,-1.96434571970975e-06,1.964345719709752e-06,-1.96434571970975e-06,1.964345719709752e-06,0.0,0.0,0.0,0.0,0.0,0.0,0.0,0.0,0.0,0.0,0.0,0.0,0.0
ideal_control:ideal_control_output_vtg_1:006,ideal_control,output,ideal_control_output_vtg_1,1.0,0.0,0.2,0.0,0.0,False,False,0.0,0.0,0.2,0.2,0.2,-3.4492140288007443e-06,3.449214028800741e-06,-3.4492140288007443e-06,3.449214028800741e-06,0.0,0.0,0.0,0.0,0.0,0.0,0.0,0.0,0.0,0.0,0.0,0.0,0.0
literature_low_magnitude_proxy:literature_low_magnitude_proxy_output_vtg_0p3:000,literature_low_magnitude_proxy,output,literature_low_magnitude_proxy_output_vtg_0p3,0.3,0.0,0.0,0.5,8.333333333333334,True,False,0.0,-3.317318353882031e-22,3.317318329410713e-22,0.0,6.634636683292743e-22,-7.1461011589796155e-22,-4.6317322326719306e-23,7.961564049316873e-23,-7.961563990585711e-23,7.961564049316873e-23,-7.961563990585711e-23,-7.942257563911303e-22,3.3298317579137805e-23,0.0007942257563911303,3.3298317579137804e-05,-3.317318353882031e-22,-3.317318329410713e-22,-6.634636683292743e-22,-1.326927334211417e-21,1.9999999963115813,4.70197740328915e-38,5.282208470315248e-44
literature_low_magnitude_proxy:literature_low_magnitude_proxy_output_vtg_0p3:001,literature_low_magnitude_proxy,output,literature_low_magnitude_proxy_output_vtg_0p3,0.3,0.0,0.001,0.5,8.333333333333334,True,True,0.0,2.97721649134595e-08,0.0009999702278350865,0.001,0.000999940455670173,-7.145319579230724e-09,7.1453195792302754e-09,-7.1453195792302796e-09,7.1453195792450795e-09,-7.1453195792302796e-09,7.1453195792450795e-09,-4.441959889409759e-22,-1.4804051422861536e-20,6.21660072744848e-14,2.071852946348639e-12,2.97721649134595e-08,2.9772164913521165e-08,5.954432982698067e-08,-6.16613515821529e-20,1.0355537086614267e-12,0.0,4.254632657453111e-16
literature_low_magnitude_proxy:literature_low_magnitude_proxy_output_vtg_0p3:002,literature_low_magnitude_proxy,output,literature_low_magnitude_proxy_output_vtg_0p3,0.3,0.0,0.005,0.5,8.333333333333334,True,True,0.0,1.4685921283092697e-07,0.0049998531407871695,0.005,0.004999706281574339,-3.524621107942292e-08,3.524621107942259e-08,-3.524621107942247e-08,3.524621107933723e-08,-3.524621107942247e-08,3.524621107933723e-08,-4.499862532288471e-22,8.535842177057203e-20,1.2766939748923917e-14,2.421775820902517e-12,1.4685921283092697e-07,1.468592128305718e-07,2.9371842566149876e-07,3.551715026955688e-19,1.2092244533030856e-12,0.0,1.0352461628768325e-14
literature_low_magnitude_proxy:literature_low_magnitude_proxy_output_vtg_0p3:003,literature_low_magnitude_proxy,output,literature_low_magnitude_proxy_output_vtg_0p3,0.3,0.0,0.01,0.5,8.333333333333334,True,True,0.0,2.887194649093214e-07,0.009999711280535091,0.01,0.009999422561070182,-6.92926715782376e-08,6.929267157823716e-08,-6.929267157823713e-08,6.929267157812502e-08,-6.929267157823713e-08,6.929267157812502e-08,-4.632211430296955e-22,1.1213922128258886e-19,6.6849947112614585e-15,1.6183417196719626e-12,2.887194649093214e-07,2.8871946490885425e-07,5.774389298181756e-07,4.6703279129233985e-19,8.088003201297831e-13,0.0,4.00122861203472e-14
literature_low_magnitude_proxy:literature_low_magnitude_proxy_output_vtg_0p3:004,literature_low_magnitude_proxy,output,literature_low_magnitude_proxy_output_vtg_0p3,0.3,0.0,0.05,0.5,8.333333333333334,True,True,0.0,1.245671863375562e-06,0.04999875432813663,0.05,0.049997508656273254,-2.989612472101336e-07,2.9896124721013484e-07,-2.9896124721013484e-07,2.9896124720985013e-07,-2.9896124721013484e-07,2.9896124720985013e-07,1.2176098616780567e-21,2.847089493958517e-19,4.072801652523945e-15,9.523272733597294e-13,1.245671863375562e-06,1.2456718633743757e-06,2.4913437267499378e-06,1.1862696426296476e-18,4.761565535467826e-13,0.0,7.44815227777952e-13
literature_low_magnitude_proxy:literature_low_magnitude_proxy_output_vtg_0p3:005,literature_low_magnitude_proxy,output,literature_low_magnitude_proxy_output_vtg_0p3,0.3,0.0,0.1,0.5,8.333333333333334,True,True,0.0,2.0187641642063784e-06,0.0999979812358358,0.1,0.09999596247167158,-4.845033994095307e-07,4.845033994095303e-07,-4.845033994095308e-07,4.845033994105297e-07,-4.845033994095308e-07,4.845033994105297e-07,1.0587911840678754e-22,-9.993929986416676e-19,2.1853121884350758e-16,2.0627161746596157e-12,2.0187641642063784e-06,2.0187641642105403e-06,4.037528328416918e-06,-4.163166935754886e-18,1.0311177029890802e-12,0.0,1.9561962003322943e-12
literature_low_magnitude_proxy:literature_low_magnitude_proxy_output_vtg_0p3:006,literature_low_magnitude_proxy,output,literature_low_magnitude_proxy_output_vtg_0p3,0.3,0.0,0.2,0.5,8.333333333333334,True,True,0.0,2.5283168213719465e-06,0.19999747168317863,0.2,0.19999494336635726,-6.067960371292674e-07,6.06796037129267e-07,-6.067960371292672e-07,6.067960371303194e-07,-6.067960371292672e-07,6.067960371303194e-07,-2.117582368135751e-22,-1.0523325578450614e-18,3.489776199188718e-16,1.7342442821838267e-12,2.5283168213719465e-06,2.5283168213763307e-06,5.056633642748277e-06,-4.385089567935513e-18,8.671954263920961e-13,0.0,3.0683452556368457e-12
literature_low_magnitude_proxy:literature_low_magnitude_proxy_output_vtg_0p5:000,literature_low_magnitude_proxy,output,literature_low_magnitude_proxy_output_vtg_0p5,0.5,0.0,0.0,0.5,8.333333333333334,True,False,0.0,4.1124880684047023e-22,-4.1124880738533307e-22,0.0,-8.2249761422580335e-22,6.881430745683801e-23,1.0239436614371192e-22,-9.869971364171285e-23,9.869971377247993e-23,-9.869971364171285e-23,9.869971377247993e-23,1.6751402109855086e-22,3.694652371231992e-24,0.00016751402109855084,3.6946523712319914e-06,4.1124880684047023e-22,4.1124880738533307e-22,8.2249761422580335e-22,-5.448627905044451e-31,6.624490827932274e-10,4.70197740328915e-38,8.11802790488566e-44
literature_low_magnitude_proxy:literature_low_magnitude_proxy_output_vtg_0p5:001,literature_low_magnitude_proxy,output,literature_low_magnitude_proxy_output_vtg_0p5,0.5,0.0,0.001,0.5,8.333333333333334,True,True,0.0,4.998129895652349e-08,0.0009999500187010434,0.001,0.0009999000374020868,-1.1995511749565683e-08,1.1995511749565696e-08,-1.1995511749565637e-08,1.1995511749584435e-08,-1.1995511749565637e-08,1.1995511749584435e-08,-4.632211430296955e-23,-1.873894959677629e-20,3.861620518578269e-15,1.5621634147809883e-12,4.998129895652349e-08,4.998129895660182e-08,9.996259791312531e-08,-7.832407784142108e-20,7.835338364197874e-13,0.0,1.1991025177849398e-15
literature_low_magnitude_proxy:literature_low_magnitude_proxy_output_vtg_0p5:002,literature_low_magnitude_proxy,output,literature_low_magnitude_proxy_output_vtg_0p5,0.5,0.0,0.005,0.5,8.333333333333334,True,True,0.0,2.480368205646179e-07,0.004999751963179436,0.005,0.004999503926358871,-5.9528836935509e-08,5.952883693550834e-08,-5.9528836935508295e-08,5.952883693545463e-08,-5.9528836935508295e-08,5.952883693545463e-08,-7.014491594449675e-22,5.3713800256743405e-20,1.1783350650792784e-14,9.023156342687366e-13,2.480368205646179e-07,2.480368205643943e-07,4.960736411290122e-07,2.236166980751353e-19,4.5077319078314026e-13,0.0,2.9530686890759524e-14
literature_low_magnitude_proxy:literature_low_magnitude_proxy_output_vtg_0p5:003,literature_low_magnitude_proxy,output,literature_low_magnitude_proxy_output_vtg_0p5,0.5,0.0,0.01,0.5,8.333333333333334,True,True,0.0,4.913831326126569e-07,0.009999508616867388,0.01,0.009999017233734775,-1.1793195182703432e-07,1.1793195182703762e-07,-1.1793195182703764e-07,1.1793195182699389e-07,-1.1793195182703764e-07,1.1793195182699389e-07,3.321957340012959e-21,4.3728075902003255e-20,2.8168424998892888e-14,3.707907418180961e-13,4.913831326126569e-07,4.913831326124746e-07,9.827662652251315e-07,1.8232384189648815e-19,1.8552106268596992e-13,0.0,1.1589954384774638e-13
literature_low_magnitude_proxy:literature_low_magnitude_proxy_output_vtg_0p5:004,literature_low_magnitude_proxy,output,literature_low_magnitude_proxy_output_vtg_0p5,0.5,0.0,0.05,0.5,8.333333333333334,True,True,0.0,2.266787730875661e-06,0.04999773321226913,0.05,0.049995466424538254,-5.440290554101548e-07,5.44029055410159e-07,-5.440290554101586e-07,5.440290554098448e-07,-5.440290554101586e-07,5.440290554098448e-07,3.8116482626443515e-21,3.1424922343134543e-19,7.006332152187431e-15,5.776331618803411e-13,2.266787730875661e-06,2.2667877308743534e-06,4.5335754617500146e-06,1.3078188705606397e-18,2.88474049146147e-13,0.0,2.4663967760858226e-12
literature_low_magnitude_proxy:literature_low_magnitude_proxy_output_vtg_0p5:005,literature_low_magnitude_proxy,output,literature_low_magnitude_proxy_output_vtg_0p5,0.5,0.0,0.1,0.5,8.333333333333334,True,True,0.0,4.0525451245002555e-06,0.0999959474548755,0.1,0.099991894909751,-9.72610829880062e-07,9.726108298800607e-07,-9.726108298800613e-07,9.726108298813151e-07,-9.726108298800613e-07,9.726108298813151e-07,-6.352747104407253e-22,-1.2544557948836188e-18,6.531643396558359e-16,1.2897818493720621e-12,4.0525451245002555e-06,4.05254512450548e-06,8.105090249005735e-06,-5.2244992186645245e-18,6.445948235187208e-13,0.0,7.883098553343343e-12
literature_low_magnitude_proxy:literature_low_magnitude_proxy_output_vtg_0p5:006,literature_low_magnitude_proxy,output,literature_low_magnitude_proxy_output_vtg_0p5,0.5,0.0,0.2,0.5,8.333333333333334,True,True,0.0,6.229833136992608e-06,0.199993770166863,0.2,0.199987540333726,-1.4951599528782286e-06,1.4951599528782257e-06,-1.4951599528782259e-06,1.4951599528800762e-06,-1.4951599528782259e-06,1.4951599528800762e-06,-2.752857078576476e-21,-1.8505552315138327e-18,1.8411789810696455e-15,1.2376971627344421e-12,6.229833136992608e-06,6.229833137000318e-06,1.2459666273992926e-05,-7.709693885908642e-18,6.187721016249306e-13,0.0,1.8629194039113214e-11
literature_low_magnitude_proxy:literature_low_magnitude_proxy_output_vtg_1:000,literature_low_magnitude_proxy,output,literature_low_magnitude_proxy_output_vtg_1,1.0,0.0,0.0,0.5,8.333333333333334,True,False,0.0,-3.1310214917198547e-22,3.131020745503703e-22,0.0,6.262042237223557e-22,-1.2439509424890236e-21,-7.361145869782558e-24,7.514451580127651e-23,-7.514449789208886e-23,7.514451580127651e-23,-7.514449789208886e-23,-1.3190954582903001e-21,6.77833520223063e-23,0.0013190954582903,6.77833520223063e-05,-3.1310214917198547e-22,-3.131020745503703e-22,-6.262042237223557e-22,-1.2524083728230963e-21,1.9999998808350177,0.0,4.705580757692685e-44
literature_low_magnitude_proxy:literature_low_magnitude_proxy_output_vtg_1:001,literature_low_magnitude_proxy,output,literature_low_magnitude_proxy_output_vtg_1,1.0,0.0,0.001,0.5,8.333333333333334,True,True,0.0,9.050307572918261e-08,0.0009999094969242708,0.001,0.0009998189938485416,-2.1720738175007293e-08,2.172073817500387e-08,-2.1720738175003825e-08,2.1720738175006608e-08,-2.1720738175003825e-08,2.1720738175006608e-08,-3.467541127822292e-21,-2.7363134663254155e-21,1.5964195599080407e-13,1.259770015309152e-13,9.050307572918261e-08,9.050307572919421e-08,1.8100615145837682e-07,-1.1593763465543236e-20,6.40517649379918e-14,0.0,3.9315872238927416e-15
literature_low_magnitude_proxy:literature_low_magnitude_proxy_output_vtg_1:002,literature_low_magnitude_proxy,output,literature_low_magnitude_proxy_output_vtg_1,1.0,0.0,0.005,0.5,8.333333333333334,True,True,0.0,4.510308340634137e-07,0.004999548969165937,0.005,0.004999097938331874,-1.0824740017521886e-07,1.0824740017521936e-07,-1.0824740017521929e-07,1.0824740017512102e-07,-1.0824740017521929e-07,1.0824740017512102e-07,4.235164736271502e-22,9.834846611010478e-20,3.912486331695793e-15,9.085526853384816e-13,4.510308340634137e-07,4.5103083406300426e-07,9.02061668126418e-07,4.0943455087904743e-19,4.5388753934023487e-13,0.0,9.764583037236191e-14
literature_low_magnitude_proxy:literature_low_magnitude_proxy_output_vtg_1:003,literature_low_magnitude_proxy,output,literature_low_magnitude_proxy_output_vtg_1,1.0,0.0,0.01,0.5,8.333333333333334,True,True,0.0,8.982697374158887e-07,0.009999101730262585,0.01,0.009998203460525169,-2.155847369798225e-07,2.1558473697981328e-07,-2.1558473697981328e-07,2.155847369797459e-07,-2.1558473697981328e-07,2.155847369797459e-07,-9.211483301390516e-21,6.739205886592027e-20,4.27279010120863e-14,3.1260125280682866e-13,8.982697374158887e-07,8.982697374156079e-07,1.7965394748314966e-06,2.8079142201480056e-19,1.5629571515044885e-13,0.0,3.873064901553395e-13
literature_low_magnitude_proxy:literature_low_magnitude_proxy_output_vtg_1:004,literature_low_magnitude_proxy,output,literature_low_magnitude_proxy_output_vtg_1,1.0,0.0,0.05,0.5,8.333333333333334,True,True,0.0,4.325459793654285e-06,0.04999567454020635,0.05,0.049991349080412695,-1.0381103504770273e-06,1.0381103504770283e-06,-1.0381103504770283e-06,1.0381103504769616e-06,-1.0381103504770283e-06,1.0381103504769616e-06,1.0587911840678754e-21,6.670384459627615e-20,1.0199216139029382e-15,6.42550616758851e-14,4.325459793654285e-06,4.325459793654007e-06,8.650919587308293e-06,2.778268066994105e-19,3.211529177857674e-14,0.0,8.980609164728912e-12
literature_low_magnitude_proxy:literature_low_magnitude_proxy_output_vtg_1:005,literature_low_magnitude_proxy,output,literature_low_magnitude_proxy_output_vtg_1,1.0,0.0,0.1,0.5,8.333333333333334,True,True,0.0,8.183475995368649e-06,0.09999181652400464,0.1,0.09998363304800928,-1.964034238888471e-06,1.9640342388884775e-06,-1.964034238888476e-06,1.9640342388871354e-06,-1.964034238888476e-06,1.9640342388871354e-06,4.658681209898652e-21,1.3421237049244389e-18,2.371995924335404e-15,6.833504622017172e-13,8.183475995368649e-06,8.183475995363065e-06,1.6366951990731714e-05,5.583641188300348e-18,3.4115339199762146e-13,0.0,3.2145254096030015e-11
literature_low_magnitude_proxy:literature_low_magnitude_proxy_output_vtg_1:006,literature_low_magnitude_proxy,output,literature_low_magnitude_proxy_output_vtg_1,1.0,0.0,0.2,0.5,8.333333333333334,True,True,0.0,1.4369846635225835e-05,0.1999856301533648,0.2,0.19997126030672957,-3.4487631924542043e-06,3.4487631924542005e-06,-3.4487631924542e-06,3.448763192452908e-06,-3.4487631924542e-06,3.448763192452908e-06,-4.235164736271502e-21,1.2925722775100623e-18,1.2280242219987507e-15,3.747929925540191e-13,1.4369846635225835e-05,1.4369846635220451e-05,2.8739693270446286e-05,5.383741412748333e-18,1.873277269206127e-13,0.0,9.911639631352025e-11
literature_high_magnitude_proxy:literature_high_magnitude_proxy_output_vtg_0p3:000,literature_high_magnitude_proxy,output,literature_high_magnitude_proxy_output_vtg_0p3,0.3,0.0,0.0,4.5,75.0,True,False,0.0,-3.929290366251873e-22,3.9292904101768505e-22,0.0,7.858580776428723e-22,-5.822749092502024e-23,8.270950415485638e-23,1.0478107643338327e-23,-1.04781077604716e-23,1.0478107643338327e-23,-1.04781077604716e-23,-6.870559856835857e-23,9.318761191532799e-23,6.870559856835856e-05,9.318761191532798e-05,-3.929290366251873e-22,-3.9292904101768505e-22,-7.858580776428723e-22,-1.5717161596782424e-21,1.9999999944105715,0.0,8.23430557595401e-45
literature_high_magnitude_proxy:literature_high_magnitude_proxy_output_vtg_0p3:001,literature_high_magnitude_proxy,output,literature_high_magnitude_proxy_output_vtg_0p3,0.3,0.0,0.001,4.5,75.0,True,True,0.0,2.678219059599213e-07,0.00099973217809404,0.001,0.0009994643561880802,-7.141917492264513e-09,7.141917492264633e-09,-7.141917492264568e-09,7.141917492264893e-09,-7.141917492264568e-09,7.141917492264893e-09,5.542110104105285e-23,-2.605618929542037e-22,7.759974978859614e-15,3.648346445284578e-14,2.678219059599213e-07,2.678219059599335e-07,5.356438119198548e-07,-1.2176098616780567e-20,2.2731707798767828e-14,0.0,3.82552390997377e-15
literature_high_magnitude_proxy:literature_high_magnitude_proxy_output_vtg_0p3:002,literature_high_magnitude_proxy,output,literature_high_magnitude_proxy_output_vtg_0p3,0.3,0.0,0.005,4.5,75.0,True,True,0.0,1.3211120522977762e-06,0.004998678887947703,0.005,0.004997357775895405,-3.522965472794082e-08,3.5229654727940665e-08,-3.52296547279407e-08,3.522965472793164e-08,-3.52296547279407e-08,3.522965472793164e-08,-1.1911400820763599e-22,9.026194844178638e-21,3.3810722565261496e-15,2.562101421056493e-13,1.3211120522977762e-06,1.3211120522974365e-06,2.6422241045952127e-06,3.3966021184897444e-19,1.2855087169110897e-13,0.0,9.308464291871964e-14
literature_high_magnitude_proxy:literature_high_magnitude_proxy_output_vtg_0p3:003,literature_high_magnitude_proxy,output,literature_high_magnitude_proxy_output_vtg_0p3,0.3,0.0,0.01,4.5,75.0,True,True,0.0,2.597275306871642e-06,0.00999740272469313,0.01,0.009994805449386258,-6.926067484991139e-08,6.926067484991057e-08,-6.926067484991045e-08,6.926067484989511e-08,-6.926067484991045e-08,6.926067484989511e-08,-9.396771758602394e-22,1.545835128739098e-20,1.3567254114929284e-14,2.2319088459489566e-13,2.597275306871642e-06,2.5972753068710663e-06,5.194550613742709e-06,5.759824041329242e-19,1.1088204677592409e-13,0.0,3.5977808104979666e-13
literature_high_magnitude_proxy:literature_high_magnitude_proxy_output_vtg_0p3:004,literature_high_magnitude_proxy,output,literature_high_magnitude_proxy_output_vtg_0p3,0.3,0.0,0.05,4.5,75.0,True,True,0.0,1.1206567424711161e-05,0.04998879343257529,0.05,0.04997758686515058,-2.9884179799229783e-07,2.988417979922976e-07,-2.988417979922976e-07,2.9884179799229603e-07,-2.988417979922976e-07,2.9884179799229603e-07,-2.117582368135751e-22,1.5881867761018131e-21,7.085964488107946e-16,5.3144733660809634e-15,1.1206567424711161e-05,1.12065674247111e-05,2.241313484942226e-05,6.098637220230962e-20,2.7210103634334602e-15,0.0,6.697981517045156e-12
literature_high_magnitude_proxy:literature_high_magnitude_proxy_output_vtg_0p3:005,literature_high_magnitude_proxy,output,literature_high_magnitude_proxy_output_vtg_0p3,0.3,0.0,0.1,4.5,75.0,True,True,0.0,1.8162878632117905e-05,0.09998183712136789,0.1,0.09996367424273578,-4.843434301898107e-07,4.843434301898113e-07,-4.843434301898108e-07,4.843434301896969e-07,-4.843434301898108e-07,4.843434301896969e-07,1.0587911840678754e-22,1.1434944787933055e-19,2.1860339545700918e-16,2.360916670935697e-13,1.8162878632117905e-05,1.8162878632113633e-05,3.6325757264231534e-05,4.269046054161674e-18,1.1752118539770199e-13,0.0,1.7594141877598273e-11
literature_high_magnitude_proxy:literature_high_magnitude_proxy_output_vtg_0p3:006,literature_high_magnitude_proxy,output,literature_high_magnitude_proxy_output_vtg_0p3,0.3,0.0,0.2,4.5,75.0,True,True,0.0,2.2749011200188836e-05,0.19997725098879982,0.2,0.19995450197759962,-6.066402986717017e-07,6.06640298671702e-07,-6.066402986717023e-07,6.066402986718936e-07,-6.066402986717023e-07,6.066402986718936e-07,6.352747104407253e-22,-1.9164120431628545e-19,1.0472016313979152e-15,3.159058254716048e-13,2.2749011200188836e-05,2.2749011200196012e-05,4.549802240038485e-05,-7.176063129138432e-18,1.5772252837689493e-13,0.0,2.760093389794562e-11
literature_high_magnitude_proxy:literature_high_magnitude_proxy_output_vtg_0p5:000,literature_high_magnitude_proxy,output,literature_high_magnitude_proxy_output_vtg_0p5,0.5,0.0,0.0,4.5,75.0,True,False,0.0,-6.800428848620485e-22,6.800428962633092e-22,0.0,1.3600857811253577e-21,3.8641880341149375e-22,-3.0602516537296727e-23,1.8134476929654626e-23,-1.8134477233688246e-23,1.8134476929654626e-23,-1.8134477233688246e-23,3.682843264818391e-22,-1.246803930360848e-23,0.0003682843264818391,1.2468039303608479e-05,-6.800428848620485e-22,-6.800428962633092e-22,-1.3600857811253577e-21,-2.7201715736519762e-21,1.9999999916172488,0.0,2.4664444426925e-44
literature_high_magnitude_proxy:literature_high_magnitude_proxy_output_vtg_0p5:001,literature_high_magnitude_proxy,output,literature_high_magnitude_proxy_output_vtg_0p5,0.5,0.0,0.001,4.5,75.0,True,True,0.0,4.4947224764187846e-07,0.0009995505277523582,0.001,0.0009991010555047163,-1.1985926603782188e-08,1.1985926603783725e-08,-1.1985926603783425e-08,1.1985926603782365e-08,-1.1985926603783425e-08,1.1985926603782365e-08,1.2374621963793294e-21,1.3598849270371775e-21,1.0324293125478655e-13,1.1345680413293105e-13,4.4947224764187846e-07,4.494722476418387e-07,8.989444952837172e-07,3.9810548520952116e-20,4.428588052968437e-14,0.0,1.0774682741345292e-14
literature_high_magnitude_proxy:literature_high_magnitude_proxy_output_vtg_0p5:002,literature_high_magnitude_proxy,output,literature_high_magnitude_proxy_output_vtg_0p5,0.5,0.0,0.005,4.5,75.0,True,True,0.0,2.2305609902434263e-06,0.0049977694390097565,0.005,0.004995538878019513,-5.948162640648974e-08,5.9481626406491326e-08,-5.9481626406491366e-08,5.9481626406496236e-08,-5.9481626406491366e-08,5.9481626406496236e-08,1.6278914455043585e-21,-4.910144116114772e-21,2.7367971319067746e-14,8.254892162092116e-14,2.2305609902434263e-06,2.230560990243609e-06,4.461121980487035e-06,-1.8295911660692887e-19,4.1011906288863046e-14,0.0,2.6535479099712754e-13
literature_high_magnitude_proxy:literature_high_magnitude_proxy_output_vtg_0p5:003,literature_high_magnitude_proxy,output,literature_high_magnitude_proxy_output_vtg_0p5,0.5,0.0,0.01,4.5,75.0,True,True,0.0,4.418974252919458e-06,0.009995581025747081,0.01,0.009991162051494163,-1.178393134111854e-07,1.1783931341118551e-07,-1.1783931341118555e-07,1.178393134111666e-07,-1.1783931341118555e-07,1.178393134111666e-07,1.4558378780933287e-22,1.8912657525412425e-20,1.2354432794540854e-15,1.6049531330362625e-13,4.418974252919458e-06,4.4189742529187476e-06,8.837948505838207e-06,7.115076756936123e-19,8.050597661025086e-14,0.0,1.0414577838913036e-12
literature_high_magnitude_proxy:literature_high_magnitude_proxy_output_vtg_0p5:004,literature_high_magnitude_proxy,output,literature_high_magnitude_proxy_output_vtg_0p5,0.5,0.0,0.05,4.5,75.0,True,True,0.0,2.0386327684565698e-05,0.04997961367231544,0.05,0.049959227344630874,-5.436354049217506e-07,5.43635404921752e-07,-5.436354049217519e-07,5.436354049217125e-07,-5.436354049217519e-07,5.436354049217125e-07,1.2705494208814505e-21,3.9492911165731753e-20,2.3371351633441293e-15,7.264595132728e-14,2.0386327684565698e-05,2.038632768456422e-05,4.077265536912992e-05,1.4772254600114998e-18,3.623078866553163e-14,0.0,2.216545901133118e-11
literature_high_magnitude_proxy:literature_high_magnitude_proxy_output_vtg_0p5:005,literature_high_magnitude_proxy,output,literature_high_magnitude_proxy_output_vtg_0p5,0.5,0.0,0.1,4.5,75.0,True,True,0.0,3.6449370305409305e-05,0.0999635506296946,0.1,0.0999271012593892,-9.719832081442457e-07,9.719832081442487e-07,-9.71983208144248e-07,9.719832081441411e-07,-9.71983208144248e-07,9.719832081441411e-07,2.329340604949326e-21,1.0757318430129614e-19,2.3964823521968066e-15,1.1067391226508882e-13,3.6449370305409305e-05,3.644937030540529e-05,7.28987406108146e-05,4.0115480381963664e-18,5.502904446062885e-14,0.0,7.085635176857106e-11
literature_high_magnitude_proxy:literature_high_magnitude_proxy_output_vtg_0p5:006,literature_high_magnitude_proxy,output,literature_high_magnitude_proxy_output_vtg_0p5,0.5,0.0,0.2,4.5,75.0,True,True,0.0,5.604018840896827e-05,0.19994395981159105,0.2,0.1998879196231821,-1.4944050242391539e-06,1.4944050242391543e-06,-1.4944050242391539e-06,1.4944050242389946e-06,-1.4944050242391539e-06,1.4944050242389946e-06,0.0,1.5966571055743561e-19,0.0,1.0684232719220556e-13,5.604018840896827e-05,5.60401884089623e-05,0.00011208037681793056,5.9631119486702744e-18,5.320388919067498e-14,0.0,1.674934782353241e-10
literature_high_magnitude_proxy:literature_high_magnitude_proxy_output_vtg_1:000,literature_high_magnitude_proxy,output,literature_high_magnitude_proxy_output_vtg_1,1.0,0.0,0.0,4.5,75.0,True,False,0.0,-2.4402122918217884e-20,2.4402122900495783e-20,0.0,4.8804245818713667e-20,-3.5995176208192233e-22,-5.856659989205383e-22,6.507232778191436e-22,-6.507232773465542e-22,6.507232778191436e-22,-6.507232773465542e-22,-1.010675039901066e-21,6.505727842601591e-23,0.001010675039901066,6.505727842601591e-05,-2.4402122918217884e-20,-2.4402122900495783e-20,-4.8804245818713667e-20,-9.760849161970523e-20,1.9999999996368736,0.0,3.1758058799112407e-41
literature_high_magnitude_proxy:literature_high_magnitude_proxy_output_vtg_1:001,literature_high_magnitude_proxy,output,literature_high_magnitude_proxy_output_vtg_1,1.0,0.0,0.001,4.5,75.0,True,True,0.0,8.133499153508112e-07,0.0009991866500846493,0.001,0.0009983733001692986,-2.1689331076024495e-08,2.1689331076021537e-08,-2.1689331076021633e-08,2.1689331076019115e-08,-2.1689331076021633e-08,2.1689331076019115e-08,-2.8620449194334758e-21,2.421984833555265e-21,1.3195634800361344e-13,1.1166710605625227e-13,8.133499153508112e-07,8.133499153507168e-07,1.626699830701528e-06,9.423241538204091e-20,5.792858252244509e-14,0.0,3.528203118939173e-14
literature_high_magnitude_proxy:literature_high_magnitude_proxy_output_vtg_1:002,literature_high_magnitude_proxy,output,literature_high_magnitude_proxy_output_vtg_1,1.0,0.0,0.005,4.5,75.0,True,True,0.0,4.0534277538301e-06,0.00499594657224617,0.005,0.00499189314449234,-1.0809140676880807e-07,1.080914067688026e-07,-1.0809140676880267e-07,1.080914067688038e-07,-1.0809140676880267e-07,1.080914067688038e-07,-5.399835038746165e-21,-1.2043749718772083e-21,4.9956191709999977e-14,1.1142189817672003e-14,4.0534277538301e-06,4.0534277538301425e-06,8.106855507660243e-06,-4.2351647362715017e-20,5.224176910849877e-15,0.0,8.762814162944162e-13
literature_high_magnitude_proxy:literature_high_magnitude_proxy_output_vtg_1:003,literature_high_magnitude_proxy,output,literature_high_magnitude_proxy_output_vtg_1,1.0,0.0,0.01,4.5,75.0,True,True,0.0,8.07282947030727e-06,0.009991927170529692,0.01,0.009983854341059384,-2.1527545254152365e-07,2.1527545254152696e-07,-2.1527545254152717e-07,2.1527545254154678e-07,-2.1527545254152717e-07,2.1527545254154678e-07,3.520480687025686e-21,-1.9825864921670967e-20,1.6353377245120766e-14,9.20953350119875e-14,8.07282947030727e-06,8.072829470308004e-06,1.6145658940615274e-05,-7.352245982167327e-19,4.553698309377775e-14,0.0,3.4757640350222653e-12
literature_high_magnitude_proxy:literature_high_magnitude_proxy_output_vtg_1:004,literature_high_magnitude_proxy,output,literature_high_magnitude_proxy_output_vtg_1,1.0,0.0,0.05,4.5,75.0,True,True,0.0,3.887579739855398e-05,0.04996112420260145,0.05,0.0499222484052029,-1.0366879306281133e-06,1.0366879306281067e-06,-1.0366879306281063e-06,1.0366879306280182e-06,-1.0366879306281063e-06,1.0366879306280182e-06,-6.988021814847978e-21,8.851494298807439e-20,6.740718791443865e-15,8.538243802495618e-14,3.887579739855398e-05,3.887579739855068e-05,7.775159479710467e-05,3.3068166260807885e-18,4.253053117058286e-14,0.0,8.060413991324205e-11
literature_high_magnitude_proxy:literature_high_magnitude_proxy_output_vtg_1:005,literature_high_magnitude_proxy,output,literature_high_magnitude_proxy_output_vtg_1,1.0,0.0,0.1,4.5,75.0,True,True,0.0,7.355796651505396e-05,0.09992644203348496,0.1,0.0998528840669699,-1.961545773734775e-06,1.9615457737347745e-06,-1.9615457737347724e-06,1.961545773734678e-06,-1.9615457737347724e-06,1.961545773734678e-06,-2.541098841762901e-21,9.656175598699024e-20,1.2954573254360818e-15,4.922737836657112e-14,7.355796651505396e-05,7.355796651505042e-05,0.00014711593303010437,3.5236570605778894e-18,2.39515665502855e-14,0.0,2.8857463668424213e-10
literature_high_magnitude_proxy:literature_high_magnitude_proxy_output_vtg_1:006,literature_high_magnitude_proxy,output,literature_high_magnitude_proxy_output_vtg_1,1.0,0.0,0.2,4.5,75.0,True,True,0.0,0.00012919350597605155,0.19987080649402397,0.2,0.19974161298804793,-3.445160159361374e-06,3.4451601593613778e-06,-3.445160159361375e-06,3.445160159361027e-06,-3.445160159361375e-06,3.445160159361027e-06,8.470329472543003e-22,3.5067164016328034e-19,2.458617039770116e-16,1.017867454464827e-13,0.00012919350597605155,0.00012919350597603851,0.00025838701195209004,1.3010426069826053e-17,5.0352476974494515e-14,0.0,8.901846392737272e-10
