mesh_role,mesh_level,stage_id,vgs_v,vds_v,source_current_a_per_cm,drain_current_a_per_cm,source_current_terminal_a,drain_current_terminal_a,current_imbalance_a_per_cm,relative_current_imbalance,center_channel_potential_v,center_channel_electron_density_cm3,solve_seconds,converged
production,interface_4x,T01_DC_EXTRACTION,-1.0,0.01,-1.4396342722160945e-22,1.4396342722143404e-22,-8.637805633296568e-25,8.637805633286043e-25,-1.7540726702970174e-34,1.2184154713105666e-12,-0.9769319048287611,0.1937336546825473,0.04210547999900882,True
production,interface_4x,T01_DC_EXTRACTION,-0.75,0.01,-7.286213030833286e-19,7.28621303081562e-19,-4.371727818499972e-21,4.3717278184893724e-21,-1.766559241489192e-30,2.424523183735626e-12,-0.7269319048287728,5154.264462323369,0.04522718400039594,True
production,interface_4x,T01_DC_EXTRACTION,-0.5,0.01,-1.1489829793281339e-14,1.1489829793277076e-14,-6.893897875968803e-17,6.893897875966245e-17,-4.263004331814348e-27,3.710241499231898e-13,-0.4769319050150289,81651433.19362915,0.04333048199987388,True
production,interface_4x,T01_DC_EXTRACTION,-0.475,0.01,-3.020301716981413e-14,3.020301716978869e-14,-1.8121810301888478e-16,1.8121810301873214e-16,-2.543918647156719e-26,8.422730195641491e-13,-0.4519319053186741,214755833.18025357,0.019004027999471873,True
production,interface_4x,T01_DC_EXTRACTION,-0.45,0.01,-7.939207664877305e-14,7.939207664878849e-14,-4.763524598926383e-16,4.763524598927309e-16,1.543643019336476e-26,1.9443288102478822e-13,-0.4269319061173077,564840809.1753012,0.018893693999416428,True
production,interface_4x,T01_DC_EXTRACTION,-0.425,0.01,-2.0868565567664868e-13,2.0868566979241513e-13,-1.2521139340598922e-15,1.2521140187544908e-15,1.411576644603676e-20,6.764128298832434e-08,-0.4019319082178357,1485617747.6392365,0.01758265699754702,True
production,interface_4x,T01_DC_EXTRACTION,-0.4,0.01,-5.485228773869241e-13,5.485228773872765e-13,-3.2911372643215447e-15,3.291137264323659e-15,3.523999435803304e-25,6.424525905991039e-13,-0.3769319137425431,3907400729.1786547,0.018285975998878712,True
production,interface_4x,T01_DC_EXTRACTION,-0.375,0.01,-1.4417207234944251e-12,1.4417207234939495e-12,-8.650324340966552e-15,8.650324340963697e-15,-4.755884625396436e-25,3.298755818581272e-13,-0.35193192827335035,10277052400.6554,0.01947952900081873,True
production,interface_4x,T01_DC_EXTRACTION,-0.35,0.01,-3.7892081783197076e-12,3.789208143029197e-12,-2.2735249069918247e-14,2.273524885817518e-14,-3.5290510536535594e-20,9.313426150205576e-09,-0.3269319664914862,27030162058.144394,0.019526551997842034,True
production,interface_4x,T01_DC_EXTRACTION,-0.325,0.01,-9.958456145134937e-12,9.958456145131035e-12,-5.975073687080962e-14,5.975073687078621e-14,-3.901642928350707e-24,3.917919476159765e-13,-0.3019320670103556,71093105202.41245,0.01845136300107697,True
production,interface_4x,T01_DC_EXTRACTION,-0.3,0.01,-2.6170053830098415e-11,2.617005383010425e-11,-1.5702032298059048e-13,1.570203229806255e-13,5.8355007276201874e-24,2.229839023451845e-13,-0.2769323313860821,186983494308.06485,0.01841165999940131,True
production,interface_4x,T01_DC_EXTRACTION,-0.275,0.01,-6.876607652833876e-11,6.876607652832139e-11,-4.125964591700326e-13,4.1259645916992833e-13,-1.737079286361358e-23,2.526070082892545e-13,-0.2519330267066748,491780548827.2234,0.021541353002248798,True
production,interface_4x,T01_DC_EXTRACTION,-0.25,0.01,-1.8066684629017629e-10,1.8066684629015165e-10,-1.0840010777410577e-12,1.0840010777409099e-12,-2.4634472617594855e-23,1.3635303390434146e-13,-0.22693485531858404,1293360366846.5461,0.022882793000462698,True
production,interface_4x,T01_DC_EXTRACTION,-0.225,0.01,-4.745378161997697e-10,4.745378162136911e-10,-2.8472268971986184e-12,2.8472268972821466e-12,1.3921346311690887e-20,2.933664259419508e-11,-0.20193966357372461,3401073819818.911,0.023150037002778845,True
production,interface_4x,T01_DC_EXTRACTION,-0.2,0.01,-1.2457960457275356e-09,1.2457960457274115e-09,-7.474776274365213e-12,7.47477627436447e-12,-1.2407709188295415e-22,9.959663325989613e-14,-0.1769523013068324,8940823912742.299,0.019361196998943342,True
production,interface_4x,T01_DC_EXTRACTION,-0.175,0.01,-3.2670704575494526e-09,3.267070457543217e-09,-1.9602422745296716e-11,1.9602422745259302e-11,-6.235701047730999e-21,1.908652148386246e-12,-0.15198548072267168,23484750251616.92,0.019487723002384882,True
production,interface_4x,T01_DC_EXTRACTION,-0.15,0.01,-8.546642137508821e-09,8.546642137537902e-09,-5.127985282505293e-11,5.127985282522741e-11,2.908036161491424e-20,3.4025481758724542e-12,-0.1270723388534576,61556449366225.92,0.018631936000019778,True
production,interface_4x,T01_DC_EXTRACTION,-0.125,0.01,-2.22252786425114e-08,2.222527864249598e-08,-1.333516718550684e-10,1.3335167185497587e-10,-1.5421955340438648e-20,6.93892553092239e-13,-0.102298023500041,160466074627247.2,0.024202021999371937,True
production,interface_4x,T01_DC_EXTRACTION,-0.1,0.01,-5.6971550661818954e-08,5.697155066181209e-08,-3.4182930397091375e-10,3.4182930397087255e-10,-6.862290361739918e-21,1.2045117750917863e-13,-0.07787347266326412,412582299889360.5,0.022678739002003567,True
production,interface_4x,T01_DC_EXTRACTION,-0.075,0.01,-1.412789611105033e-07,1.412789611105068e-07,-8.476737666630199e-10,8.476737666630408e-10,3.494010907423989e-21,2.4731289641144893e-14,-0.05427670345056357,1026858476467785.8,0.02372822499819449,True
production,interface_4x,T01_DC_EXTRACTION,-0.05,0.01,-3.2745654284402286e-07,3.274565428440231e-07,-1.964739257064137e-09,1.9647392570641387e-09,2.6469779601696886e-22,8.083448072773796e-16,-0.03239592909324507,2389635475745962.0,0.023524421001638984,True
production,interface_4x,T01_DC_EXTRACTION,-0.025,0.01,-6.79688157729117e-07,6.796881577291168e-07,-4.078128946374702e-09,4.0781289463747006e-09,-2.117582368135751e-22,3.1155204692851103e-16,-0.013349814482711797,4979744253358527.0,0.022423624999646563,True
production,interface_4x,T01_DC_EXTRACTION,0.0,0.01,-1.2325117540658343e-06,1.2325117540658298e-06,-7.395070524395006e-09,7.395070524394979e-09,-4.446922973085077e-21,3.6080166849650554e-15,0.0021923299541789674,9060534649066730.0,0.024198468003305607,True
production,interface_4x,T01_DC_EXTRACTION,0.025,0.01,-1.9684998969819004e-06,1.9684998969818886e-06,-1.1810999381891402e-08,1.1810999381891331e-08,-1.1858461261560205e-20,6.02411068435491e-15,0.014408333858874255,1.450116198059748e+16,0.02463631200225791,True
production,interface_4x,T01_DC_EXTRACTION,0.05,0.01,-2.8429456554713413e-06,2.8429456554713332e-06,-1.705767393282805e-08,1.7057673932828e-08,-8.046812998915853e-21,2.830449109510588e-15,0.023956637659065434,2.0944813548698664e+16,0.023762362001434667,True
production,interface_4x,T01_DC_EXTRACTION,0.075,0.01,-3.812387614255623e-06,3.8123876142556255e-06,-2.287432568553374e-08,2.2874325685533752e-08,2.541098841762901e-21,6.665373773277916e-16,0.03151494902877354,2.8023255972933036e+16,0.026497156999539584,True
production,interface_4x,T01_DC_EXTRACTION,0.1,0.01,-4.844135552338155e-06,4.844135552338161e-06,-2.906481331402893e-08,2.9064813314028968e-08,5.929230630780102e-21,1.2240017990244284e-15,0.03760935514542215,3.5441331036626316e+16,0.026132228998903884,True
production,interface_4x,T01_DC_EXTRACTION,0.125,0.01,-5.915463943365433e-06,5.915463943365446e-06,-3.54927836601926e-08,3.549278366019268e-08,1.3552527156068805e-20,2.2910336849012143e-15,0.04261394688933297,4.298240259247138e+16,0.02576446999955806,True
production,interface_4x,T01_DC_EXTRACTION,0.15,0.01,-7.010740648763814e-06,7.010740648763861e-06,-4.206444389258289e-08,4.206444389258317e-08,4.658681209898652e-20,6.6450628304444184e-15,0.04679061162274626,5.049282687776769e+16,0.02379817200198886,True
production,interface_4x,T01_DC_EXTRACTION,0.175,0.01,-8.119053455514664e-06,8.119053455514625e-06,-4.871432073308799e-08,4.871432073308775e-08,-3.8963515573697816e-20,4.799021928748704e-15,0.05032486190733331,5.7865991665084504e+16,0.024083612999675097,True
production,interface_4x,T01_DC_EXTRACTION,0.2,0.01,-9.232616560278914e-06,9.232616560278914e-06,-5.539569936167348e-08,5.539569936167348e-08,0.0,0.0,0.05335089065871351,6.502986521729127e+16,0.020294623001973378,True
production,interface_4x,T01_DC_EXTRACTION,0.225,0.01,-1.0345754808769395e-05,1.0345754808769341e-05,-6.207452885261638e-08,6.207452885261605e-08,-5.421010862427522e-20,5.239840845476542e-15,0.05596798928708962,7.193778958340112e+16,0.0197821389992896,True
production,interface_4x,T01_DC_EXTRACTION,0.25,0.01,-1.1454257140732219e-05,1.1454257140732251e-05,-6.872554284439331e-08,6.872554284439351e-08,3.218725199566341e-20,2.810068920244769e-15,0.05825121266351336,7.856168455637507e+16,0.019647308999992674,True
production,interface_4x,T01_DC_EXTRACTION,0.275,0.01,-1.2554957358367006e-05,1.2554957358367043e-05,-7.532974415020203e-08,7.532974415020226e-08,3.7269449679189215e-20,2.9685046802928094e-15,0.06025839298388962,8.488698931912098e+16,0.019377684002392925,True
production,interface_4x,T01_DC_EXTRACTION,0.3,0.01,-1.364545498197366e-05,1.3645454981973562e-05,-8.187272989184196e-08,8.187272989184138e-08,-9.825582188149884e-20,7.200626289947808e-15,0.062034847234010225,9.090887421217733e+16,0.020406946998264175,True
production,interface_4x,T01_DC_EXTRACTION,0.325,0.01,-1.472392389911127e-05,1.4723923899111031e-05,-8.834354339466763e-08,8.834354339466618e-08,-2.388632911257127e-19,1.622280125613325e-14,0.06361660925564036,9.66293991200861e+16,0.017960957000468625,True
production,interface_4x,T01_DC_EXTRACTION,0.35,0.01,-1.5788977373151537e-05,1.5788977373151794e-05,-9.473386423890922e-08,9.473386423891077e-08,2.574980159653073e-19,1.6308720310358238e-14,0.06503269936849954,1.0205538705889301e+17,0.020259480999811785,True
production,interface_4x,T01_DC_EXTRACTION,0.375,0.01,-1.68395702265674e-05,1.6839570226567458e-05,-1.010374213594044e-07,1.0103742135940475e-07,5.759824041329242e-20,3.4204103571729413e-15,0.06630675223068896,1.07196841615847e+17,0.02287256400086335,True
production,interface_4x,T01_DC_EXTRACTION,0.4,0.01,-1.78749262387773e-05,1.7874926238777034e-05,-1.072495574326638e-07,1.0724955743266221e-07,-2.642742795433417e-19,1.478463608817772e-14,0.0674582071956294,1.1206577834801971e+17,0.023366281999187777,True
production,interface_4x,T01_DC_EXTRACTION,0.425,0.01,-1.88944831189757e-05,1.8894483118975373e-05,-1.1336689871385421e-07,1.1336689871385224e-07,-3.2864878353466853e-19,1.7393901778906405e-14,0.06850319402342209,1.1667537048559936e+17,0.020471345997066237,True
production,interface_4x,T01_DC_EXTRACTION,0.45,0.01,-1.989785004736987e-05,1.989785004737032e-05,-1.1938710028421923e-07,1.193871002842219e-07,4.472333961502706e-19,2.247646831620266e-14,0.06945520223127116,1.2103933220400758e+17,0.01862319100109744,True
production,interface_4x,T01_DC_EXTRACTION,0.475,0.01,-2.088477441771168e-05,2.0884774417710973e-05,-1.253086465062701e-07,1.2530864650626584e-07,-7.081195439045951e-19,3.3906018314665755e-14,0.0703255939823775,1.2517148045164952e+17,0.019164255001669517,True
production,interface_4x,T01_DC_EXTRACTION,0.5,0.01,-2.1855115458543052e-05,2.185511545854263e-05,-1.3113069275125833e-07,1.311306927512558e-07,-4.2351647362715017e-19,1.9378368164218496e-14,0.07112400196252018,1.2908543012205066e+17,0.021306582999386592,True
production,interface_4x,T01_DC_EXTRACTION,0.525,0.01,-2.2808823092093593e-05,2.2808823092092458e-05,-1.3685293855256157e-07,1.3685293855255474e-07,-1.1350241493207625e-18,4.9762503954629957e-14,0.07185864145672768,1.3279438810255326e+17,0.021552019999944605,True
production,interface_4x,T01_DC_EXTRACTION,0.55,0.01,-2.374592084498753e-05,2.3745920844987868e-05,-1.4247552506992517e-07,1.424755250699272e-07,3.3881317890172014e-19,1.42682686897457e-14,0.07253655756393429,1.3631102005972277e+17,0.019274475998827256,True
production,interface_4x,T01_DC_EXTRACTION,0.575,0.01,-2.4666491936367785e-05,2.4666491936367426e-05,-1.4799895161820671e-07,1.4799895161820457e-07,-3.5914196963582334e-19,1.455991271731314e-14,0.07316382278923408,1.3964737024137232e+17,0.019211388000258012,True
production,interface_4x,T01_DC_EXTRACTION,0.6,0.01,-2.557066788670105e-05,2.557066788670198e-05,-1.534240073202063e-07,1.5342400732021187e-07,9.283481101907132e-19,3.630519602788711e-14,0.07374569626186998,1.4281481949529317e+17,0.01904434400057653,True
production,interface_4x,T01_DC_EXTRACTION,0.7,0.01,-2.9027259741928844e-05,2.902725974192924e-05,-1.7416355845157307e-07,1.7416355845157545e-07,3.9641141931501256e-19,1.3656522277313175e-14,0.07570260185647976,1.539996596740896e+17,0.02461029799815151,True
production,interface_4x,T01_DC_EXTRACTION,0.8,0.01,-3.22394452568662e-05,3.223944525686692e-05,-1.934366715411972e-07,1.9343667154120152e-07,7.182839392716467e-19,2.2279661872241864e-14,0.07721316953278672,1.6322246637631798e+17,0.024025329999858513,True
production,interface_4x,T01_DC_EXTRACTION,0.9,0.01,-3.522508862350046e-05,3.522508862349955e-05,-2.1135053174100278e-07,2.1135053174099733e-07,-9.0801931945661e-19,2.5777630516756847e-14,0.0784111471086392,1.7092170674729043e+17,0.01946696099912515,True
production,interface_4x,T01_DC_EXTRACTION,1.0,0.01,-3.800270837723875e-05,3.8002708377239875e-05,-2.2801625026343252e-07,2.2801625026343927e-07,1.1248597539537109e-18,2.959946282742833e-14,0.07938253506837781,1.7742484231065875e+17,0.020119777000218164,True
reference,interface_8x,T01_DC_EXTRACTION,-1.0,0.01,-1.4396473314760647e-22,1.4396473314773006e-22,-8.637883988856387e-25,8.637883988863804e-25,1.235914760454553e-34,8.584843894971928e-13,-0.9769319048287611,0.1937336546686635,0.07333165999807534,True
reference,interface_8x,T01_DC_EXTRACTION,-0.75,0.01,-7.286438476107588e-19,7.286438476105342e-19,-4.3718630856645524e-21,4.371863085663206e-21,-2.245634315155517e-31,3.081936837206555e-13,-0.7269319048287728,5154.242925609602,0.08033621199865593,True
reference,interface_8x,T01_DC_EXTRACTION,-0.5,0.01,-1.1489933827913314e-14,1.1489933827912953e-14,-6.893960296747989e-17,6.893960296747772e-17,-3.612982945912234e-28,3.144476721993783e-14,-0.4769319050150291,81651433.20130734,0.07670049199805362,True
reference,interface_8x,T01_DC_EXTRACTION,-0.475,0.01,-3.020329075128754e-14,3.020329075128019e-14,-1.8121974450772522e-16,1.8121974450768114e-16,-7.345872749418062e-27,2.432143176022935e-13,-0.4519319053186745,214755832.99595568,0.037555408001935575,True
reference,interface_8x,T01_DC_EXTRACTION,-0.45,0.01,-7.939279527758889e-14,7.939279527753549e-14,-4.763567716655334e-16,4.76356771665213e-16,-5.340272783984162e-26,6.726394712911212e-13,-0.4269319061173086,564840809.2269832,0.03558165399954305,True
reference,interface_8x,T01_DC_EXTRACTION,-0.425,0.01,-2.086875443111279e-13,2.0868754431104594e-13,-1.2521252658667674e-15,1.2521252658662757e-15,-8.196580349608401e-26,3.927680675272258e-13,-0.40193190821783814,1485617747.7614996,0.03677313099979074,True
reference,interface_8x,T01_DC_EXTRACTION,-0.4,0.01,-5.485278413483554e-13,5.485278413481356e-13,-3.291167048090132e-15,3.291167048088814e-15,-2.1971985020939798e-25,4.005628040124581e-13,-0.3769319137425494,3907400728.6146784,0.044698767000227235,True
reference,interface_8x,T01_DC_EXTRACTION,-0.375,0.01,-1.4417337674613428e-12,1.4417337674604352e-12,-8.650402604768057e-15,8.650402604762612e-15,-9.075560724641861e-25,6.294893640885195e-13,-0.351931928273367,10277052400.063911,0.03800353499900666,True
reference,interface_8x,T01_DC_EXTRACTION,-0.35,0.01,-3.789242454360955e-12,3.789242454358762e-12,-2.2735454726165728e-14,2.2735454726152573e-14,-2.192351740692302e-24,5.785725688175939e-13,-0.32693196649152995,27030162056.3267,0.036113818001467735,True
reference,interface_8x,T01_DC_EXTRACTION,-0.325,0.01,-9.95854620712269e-12,9.958546207118978e-12,-5.975127724273614e-14,5.975127724271387e-14,-3.712619233685269e-24,3.728073512406738e-13,-0.3019320670104707,71093105196.67247,0.035104498001601314,True
reference,interface_8x,T01_DC_EXTRACTION,-0.3,0.01,-2.617029045009432e-11,2.6170290450075748e-11,-1.5702174270056594e-13,1.5702174270045449e-13,-1.85727896912297e-23,7.096898571549006e-13,-0.27693233138638484,186983494290.10895,0.034659617998840986,True
reference,interface_8x,T01_DC_EXTRACTION,-0.275,0.01,-6.876669811800542e-11,6.876669811802802e-11,-4.1260018870803255e-13,4.126001887081681e-13,2.2592370480354568e-23,3.2853650238634486e-13,-0.25193302670747114,491780548765.01355,0.035291133001010166,True
reference,interface_8x,T01_DC_EXTRACTION,-0.25,0.01,-1.8066847882870435e-10,1.806684788287329e-10,-1.0840108729722261e-12,1.0840108729723974e-12,2.8537731133079455e-23,1.5795633703282675e-13,-0.22693485532067842,1293360366593.2515,0.036286849001044175,True
reference,interface_8x,T01_DC_EXTRACTION,-0.225,0.01,-4.745421022080027e-10,4.745421022044481e-10,-2.847252613248016e-12,2.8472526132266886e-12,-3.554601887293498e-21,7.490593291415552e-12,-0.20193966357923288,3401073818566.301,0.03374731499934569,True
reference,interface_8x,T01_DC_EXTRACTION,-0.2,0.01,-1.245807288911396e-09,1.2458072889112522e-09,-7.474843733468376e-12,7.474843733467513e-12,-1.4372263143108856e-22,1.1536505903467255e-13,-0.17695230132131812,8940823905525.695,0.036405464001290966,True
reference,interface_8x,T01_DC_EXTRACTION,-0.175,0.01,-3.267099896494537e-09,3.2670998964898835e-09,-1.9602599378967224e-11,1.96025993789393e-11,-4.653718126223334e-21,1.4244186812948636e-12,-0.15198548076075993,23484750206047.527,0.039317753002251266,True
reference,interface_8x,T01_DC_EXTRACTION,-0.15,0.01,-8.54671887717492e-09,8.546718877222035e-09,-5.1280313263049525e-11,5.1280313263332214e-11,4.711455332979535e-20,5.512589568771347e-12,-0.1270723389535553,61556449065402.99,0.03552737599966349,True
reference,interface_8x,T01_DC_EXTRACTION,-0.125,0.01,-2.222547648289771e-08,2.22254764828976e-08,-1.3335285889738627e-10,1.3335285889738562e-10,-1.0918784085699965e-22,4.912733409383535e-15,-0.10229802376266323,160466072612863.34,0.04307076999975834,True
reference,interface_8x,T01_DC_EXTRACTION,-0.1,0.01,-5.69720468263511e-08,5.6972046826347314e-08,-3.418322809581066e-10,3.418322809580839e-10,-3.785178483042655e-21,6.643922228351304e-14,-0.0778734733477579,412582286559450.8,0.0436510180006735,True
reference,interface_8x,T01_DC_EXTRACTION,-0.075,0.01,-1.4128012441472888e-07,1.412801244147221e-07,-8.476807464883733e-10,8.476807464883327e-10,-6.776263578034403e-21,4.796331830896913e-14,-0.05427670518482945,1026858393241748.5,0.048011005001171725,True
reference,interface_8x,T01_DC_EXTRACTION,-0.05,0.01,-3.2745887728368706e-07,3.2745887728368663e-07,-1.9647532637021224e-09,1.96475326370212e-09,-4.235164736271502e-22,1.293342471397548e-15,-0.032395933033650584,2389635037783509.5,0.04326686200147378,True
reference,interface_8x,T01_DC_EXTRACTION,-0.025,0.01,-6.796914597676796e-07,6.796914597676817e-07,-4.078148758606078e-09,4.07814875860609e-09,2.117582368135751e-21,3.115505333639972e-15,-0.013349820841558195,4979742738359785.0,0.0424897470002179,True
reference,interface_8x,T01_DC_EXTRACTION,0.0,0.01,-1.2325129239684204e-06,1.2325129239684312e-06,-7.395077543810523e-09,7.395077543810587e-09,1.079967007749233e-20,8.76231791770562e-15,0.0021923282250442644,9060533222238284.0,0.042738001997349784,True
reference,interface_8x,T01_DC_EXTRACTION,0.025,0.01,-1.9684906354940988e-06,1.968490635494099e-06,-1.1810943812964593e-08,1.1810943812964595e-08,4.235164736271502e-22,2.1514782239278767e-16,0.014408360146396446,1.4501174996312878e+16,0.0429853740024555,True
reference,interface_8x,T01_DC_EXTRACTION,0.05,0.01,-2.8429118668663893e-06,2.842911866866385e-06,-1.7057471201198336e-08,1.705747120119831e-08,-4.235164736271502e-21,1.489727763154237e-15,0.023956735542754324,2.0944889922557924e+16,0.04142212599981576,True
reference,interface_8x,T01_DC_EXTRACTION,0.075,0.01,-3.8123103836385608e-06,3.812310383638585e-06,-2.2873862301831366e-08,2.287386230183151e-08,2.414043899674756e-20,6.332233361782886e-15,0.03151517927582245,2.802350130520421e+16,0.0435491779971926,True
reference,interface_8x,T01_DC_EXTRACTION,0.1,0.01,-4.84399265910544e-06,4.843992659105429e-06,-2.9063955954632638e-08,2.9063955954632572e-08,-1.1011428314305904e-20,2.2732132538655477e-15,0.03760978991547347,3.5441921558876404e+16,0.04638881600112654,True
reference,interface_8x,T01_DC_EXTRACTION,0.125,0.01,-5.915231317216006e-06,5.915231317216001e-06,-3.5491387903296036e-08,3.5491387903296e-08,-5.082197683525802e-21,8.591714188309597e-16,0.04261466414601205,4.298358856740903e+16,0.04504858100335696,True
reference,interface_8x,T01_DC_EXTRACTION,0.15,0.01,-7.010393594376381e-06,7.01039359437638e-06,-4.206236156625828e-08,4.206236156625828e-08,-8.470329472543003e-22,1.208253054341736e-16,0.04679169073993118,5.0494927316591176e+16,0.04266534900307306,True
reference,interface_8x,T01_DC_EXTRACTION,0.175,0.01,-8.118567628960944e-06,8.118567628960985e-06,-4.871140577376567e-08,4.8711405773765906e-08,4.0657581468206416e-20,5.007974722433861e-15,0.050326380548381636,5.7869383488251016e+16,0.04371572899981402,True
reference,interface_8x,T01_DC_EXTRACTION,0.2,0.01,-9.231968722219075e-06,9.231968722219097e-06,-5.539181233331445e-08,5.539181233331458e-08,2.202285662861181e-20,2.3854994845907748e-15,0.053352922731434695,6.5034969770881256e+16,0.03514294900014647,True
reference,interface_8x,T01_DC_EXTRACTION,0.225,0.01,-1.0344923387926102e-05,1.034492338792612e-05,-6.206954032755661e-08,6.206954032755672e-08,1.8634724839594607e-20,1.8013400525849976e-15,0.055970603726082244,7.194505869757181e+16,0.03609265399791184,True
reference,interface_8x,T01_DC_EXTRACTION,0.25,0.01,-1.1453222640563489e-05,1.145322264056355e-05,-6.871933584338093e-08,6.87193358433813e-08,6.098637220230962e-20,5.324822027497828e-15,0.0582544728118496,7.857158754935318e+16,0.03511073800109443,True
reference,interface_8x,T01_DC_EXTRACTION,0.275,0.01,-1.2553702636583402e-05,1.2553702636583522e-05,-7.532221581950041e-08,7.532221581950114e-08,1.2027867851011065e-19,9.581131718031866e-15,0.06026235638741442,8.490000169861584e+16,0.03851640300126746,True
reference,interface_8x,T01_DC_EXTRACTION,0.3,0.01,-1.3643965428454728e-05,1.3643965428454695e-05,-8.186379257072836e-08,8.186379257072818e-08,-3.218725199566341e-20,2.3590833738508555e-15,0.062039565705192354,9.092546835838566e+16,0.04040492299827747,True
reference,interface_8x,T01_DC_EXTRACTION,0.325,0.01,-1.472218753361826e-05,1.4722187533618572e-05,-8.833312520170956e-08,8.833312520171144e-08,3.1170812458958252e-19,2.1172677217824278e-14,0.06362212910263748,9.665003693715461e+16,0.03792760600117617,True
reference,interface_8x,T01_DC_EXTRACTION,0.35,0.01,-1.5786984880400678e-05,1.5786984880400732e-05,-9.472190928240407e-08,9.472190928240439e-08,5.421010862427522e-20,3.4338481372447584e-15,0.06503906171643502,1.0208051441658614e+17,0.03542360899882624,True
reference,interface_8x,T01_DC_EXTRACTION,0.375,0.01,-1.6837314942869864e-05,1.6837314942869633e-05,-1.0102388965721919e-07,1.010238896572178e-07,-2.303929616531697e-19,1.3683474023911083e-14,0.06631399338600893,1.0722688432924965e+17,0.03733263199683279,True
reference,interface_8x,T01_DC_EXTRACTION,0.4,0.01,-1.787240410165281e-05,1.787240410165298e-05,-1.0723442460991686e-07,1.0723442460991787e-07,1.6940658945086007e-19,9.478668257908964e-15,0.0674663590217969,1.1210113942613984e+17,0.0350910559973272,True
reference,interface_8x,T01_DC_EXTRACTION,0.425,0.01,-1.8891692588823612e-05,1.8891692588823968e-05,-1.1335015553294168e-07,1.1335015553294381e-07,3.5575383784680614e-19,1.8831231567745528e-14,0.06851228430842295,1.1671642839469918e+17,0.03592863299854798,True
reference,interface_8x,T01_DC_EXTRACTION,0.45,0.01,-1.9894792008415644e-05,1.9894792008415922e-05,-1.1936875205049387e-07,1.1936875205049554e-07,2.778268066994105e-19,1.3964800767049177e-14,0.06946525503572443,1.2108643992174458e+17,0.035859079001966165,True
reference,interface_8x,T01_DC_EXTRACTION,0.475,0.01,-2.0881452063956e-05,2.088145206395536e-05,-1.2528871238373601e-07,1.2528871238373218e-07,-6.403569081242511e-19,3.066630166153949e-14,0.07033662996254125,1.252249651234577e+17,0.03665872700003092,True
reference,interface_8x,T01_DC_EXTRACTION,0.5,0.01,-2.18515341692568e-05,2.1851534169256098e-05,-1.311092050155408e-07,1.3110920501553658e-07,-7.013432803265607e-19,3.2095837065449134e-14,0.07113603866599989,1.2914559316592474e+17,0.03642718599803629,True
reference,interface_8x,T01_DC_EXTRACTION,0.525,0.01,-2.280499030043352e-05,2.280499030043348e-05,-1.368299418026011e-07,1.368299418026009e-07,-3.7269449679189215e-20,1.634267289229267e-15,0.07187169359085716,1.3286150563968571e+17,0.0355878139998822,True
reference,interface_8x,T01_DC_EXTRACTION,0.55,0.01,-2.374184590258799e-05,2.3741845902588205e-05,-1.4245107541552794e-07,1.4245107541552923e-07,2.168404344971009e-19,9.133259283494135e-15,0.07255063723805795,1.363853435751982e+17,0.03592815400043037,True
reference,interface_8x,T01_DC_EXTRACTION,0.575,0.01,-2.466218597612062e-05,2.4662185976120194e-05,-1.4797311585672374e-07,1.4797311585672117e-07,-4.2690460541616737e-19,1.7310087833638166e-14,0.07317893973278812,1.3972912740121654e+17,0.035143779998179525,True
reference,interface_8x,T01_DC_EXTRACTION,0.6,0.01,-2.5566143685510513e-05,2.55661436855105e-05,-1.5339686211306308e-07,1.53396862113063e-07,-1.3552527156068805e-20,5.300966513674737e-16,0.07376185802045371,1.4290421506398078e+17,0.0364100269980554,True
reference,interface_8x,T01_DC_EXTRACTION,0.7,0.01,-2.902201852552878e-05,2.9022018525529314e-05,-1.7413211115317267e-07,1.741321111531759e-07,5.353248226647178e-19,1.844547174393875e-14,0.07572298047039938,1.5412123309154822e+17,0.04226025100069819,True
reference,interface_8x,T01_DC_EXTRACTION,0.8,0.01,-3.223378896357247e-05,3.2233788963573856e-05,-1.934027337814348e-07,1.9340273378144315e-07,1.3891340334970526e-18,4.309558628266936e-14,0.07723775033397227,1.6337791909475488e+17,0.04265611700247973,True
reference,interface_8x,T01_DC_EXTRACTION,0.9,0.01,-3.521936534790269e-05,3.52193653479035e-05,-2.1131619208741615e-07,2.11316192087421e-07,8.063753657860939e-19,2.2895794907732347e-14,0.07843983715602373,1.7111173573161162e+17,0.04641059599816799,True
reference,interface_8x,T01_DC_EXTRACTION,1.0,0.01,-3.799728751822615e-05,3.7997287518224915e-05,-2.279837251093569e-07,2.2798372510934949e-07,-1.2332799712022613e-18,3.245705290438677e-14,0.07941518305215879,1.7764934595921645e+17,0.03498553800091031,True
