parameter_group_id,changed_parameter,temperature_k,thermal_voltage_v,family_id,primary_gate,secondary_gate,sweep_direction,sweep_index,mesh_level,stage_id,mode_id,primary_gate_v,fixed_secondary_gate_v,vbg_v,vtg_v,vds_v,source_current_a_per_cm,drain_current_a_per_cm,source_current_terminal_a,drain_current_terminal_a,current_imbalance_a_per_cm,relative_current_imbalance,center_channel_potential_v,center_channel_electron_density_cm3,solve_seconds,converged
P5,lattice_temperature_k,250.0,0.021543333155,top_primary,top_gate,bottom_gate,forward,0,interface_4x,T03_P5_TEMPERATURE,enabled_symmetric_teaching_top_stack,-0.5,0.0,0.0,-0.5,0.01,-4.03292816211371e-11,4.032928160350107e-11,-2.419756897268226e-13,2.4197568962100643e-13,-1.7636027034559002e-20,4.3730079797195624e-10,-0.239117677002652,123134552156.26819,0.0438777450035559,True
P5,lattice_temperature_k,250.0,0.021543333155,top_primary,top_gate,bottom_gate,forward,1,interface_4x,T03_P5_TEMPERATURE,enabled_symmetric_teaching_top_stack,-0.45,0.0,0.0,-0.45,0.01,-1.1109331304089346e-10,1.110933130408934e-10,-6.665598782453608e-13,6.665598782453604e-13,-6.462348535570529e-26,5.817045471667352e-16,-0.21411820827993994,392956049465.7419,0.04018018399801804,True
P5,lattice_temperature_k,250.0,0.021543333155,top_primary,top_gate,bottom_gate,forward,2,interface_4x,T03_P5_TEMPERATURE,enabled_symmetric_teaching_top_stack,-0.4,0.0,0.0,-0.4,0.01,-3.088983045717052e-10,3.0889830456577985e-10,-1.853389827430231e-12,1.853389827394679e-12,-5.92535322165876e-21,1.9182213479204434e-11,-0.189119702759397,1253969784839.9429,0.03830951300187735,True
P5,lattice_temperature_k,250.0,0.021543333155,top_primary,top_gate,bottom_gate,forward,3,interface_4x,T03_P5_TEMPERATURE,enabled_symmetric_teaching_top_stack,-0.35,0.0,0.0,-0.35,0.01,-8.679905861587261e-10,8.679905861525192e-10,-5.207943516952357e-12,5.207943516915115e-12,-6.2069565214447814e-21,7.150949123669112e-12,-0.16412395444197136,4001027507969.3105,0.03966903400578303,True
P5,lattice_temperature_k,250.0,0.021543333155,top_primary,top_gate,bottom_gate,forward,4,interface_4x,T03_P5_TEMPERATURE,enabled_symmetric_teaching_top_stack,-0.3,0.0,0.0,-0.3,0.01,-2.4675599205344267e-09,2.4675599205208746e-09,-1.480535952320656e-11,1.4805359523125248e-11,-1.3552113565762529e-20,5.492111236280495e-12,-0.13913619956555429,12761099617329.162,0.040037006001512054,True
P5,lattice_temperature_k,250.0,0.021543333155,top_primary,top_gate,bottom_gate,forward,5,interface_4x,T03_P5_TEMPERATURE,enabled_symmetric_teaching_top_stack,-0.25,0.0,0.0,-0.25,0.01,-7.101703290509384e-09,7.1017032905058445e-09,-4.2610219743056305e-11,4.261021974303507e-11,-3.5395058411144054e-21,4.984023826853694e-13,-0.114171915597499,40655095984390.79,0.03968940900085727,True
P5,lattice_temperature_k,250.0,0.021543333155,top_primary,top_gate,bottom_gate,forward,6,interface_4x,T03_P5_TEMPERATURE,enabled_symmetric_teaching_top_stack,-0.2,0.0,0.0,-0.2,0.01,-2.0675063926091606e-08,2.067506392609403e-08,-1.2405038355654965e-10,1.2405038355656418e-10,2.425293556005477e-21,1.1730525064759343e-13,-0.08927725676103401,129090764014782.89,0.038930800001253374,True
P5,lattice_temperature_k,250.0,0.021543333155,top_primary,top_gate,bottom_gate,forward,7,interface_4x,T03_P5_TEMPERATURE,enabled_symmetric_teaching_top_stack,-0.15,0.0,0.0,-0.15,0.01,-6.057264360871461e-08,6.057264360870606e-08,-3.634358616522877e-10,3.634358616522364e-10,-8.549738811348094e-21,1.411485169208966e-13,-0.0645891949117427,405877454054820.8,0.038853460995596834,True
P5,lattice_temperature_k,250.0,0.021543333155,top_primary,top_gate,bottom_gate,forward,8,interface_4x,T03_P5_TEMPERATURE,enabled_symmetric_teaching_top_stack,-0.1,0.0,0.0,-0.1,0.01,-1.755864982269745e-07,1.7558649822696674e-07,-1.053518989361847e-09,1.0535189893618005e-09,-7.755645423297187e-21,4.416994188967615e-14,-0.040496010686000714,1240530579458296.5,0.0402783020035713,True
P5,lattice_temperature_k,250.0,0.021543333155,top_primary,top_gate,bottom_gate,forward,9,interface_4x,T03_P5_TEMPERATURE,enabled_symmetric_teaching_top_stack,-0.05,0.0,0.0,-0.05,0.01,-4.82627345335881e-07,4.826273453358853e-07,-2.895764072015286e-09,2.895764072015312e-09,4.341043854678289e-21,8.994608151879857e-15,-0.017942365055987345,3525139608810057.5,0.039181469997856766,True
P5,lattice_temperature_k,250.0,0.021543333155,top_primary,top_gate,bottom_gate,forward,10,interface_4x,T03_P5_TEMPERATURE,enabled_symmetric_teaching_top_stack,0.0,0.0,0.0,0.0,0.01,-1.1709434196418396e-06,1.1709434196418402e-06,-7.025660517851038e-09,7.025660517851041e-09,6.352747104407253e-22,5.425323715769619e-16,0.001491156865566014,8651982105818172.0,0.04610084700107109,True
P5,lattice_temperature_k,250.0,0.021543333155,top_primary,top_gate,bottom_gate,forward,11,interface_4x,T03_P5_TEMPERATURE,enabled_symmetric_teaching_top_stack,0.05,0.0,0.0,0.05,0.01,-2.369607718640676e-06,2.36960771864067e-06,-1.4217646311844055e-08,1.4217646311844019e-08,-5.929230630780102e-21,2.5021992391978713e-15,0.016573621800585886,1.7343502927534756e+16,0.037574253998172935,True
P5,lattice_temperature_k,250.0,0.021543333155,top_primary,top_gate,bottom_gate,forward,12,interface_4x,T03_P5_TEMPERATURE,enabled_symmetric_teaching_top_stack,0.1,0.0,0.0,0.1,0.01,-4.020039734283579e-06,4.020039734283599e-06,-2.4120238405701475e-08,2.4120238405701597e-08,2.0328790734103208e-20,5.05686313514161e-15,0.027476888096402207,2.8661630910631496e+16,0.04334003000258235,True
P5,lattice_temperature_k,250.0,0.021543333155,top_primary,top_gate,bottom_gate,forward,13,interface_4x,T03_P5_TEMPERATURE,enabled_symmetric_teaching_top_stack,0.15,0.0,0.0,0.15,0.01,-5.964101929448814e-06,5.964101929448868e-06,-3.5784611576692884e-08,3.578461157669321e-08,5.421010862427522e-20,9.089400091672255e-15,0.035226634271965984,4.096265798912835e+16,0.039392531994963065,True
P5,lattice_temperature_k,250.0,0.021543333155,top_primary,top_gate,bottom_gate,forward,14,interface_4x,T03_P5_TEMPERATURE,enabled_symmetric_teaching_top_stack,0.2,0.0,0.0,0.2,0.01,-8.06191148469404e-06,8.06191148469406e-06,-4.837146890816424e-08,4.837146890816436e-08,2.0328790734103208e-20,2.5215844620346464e-15,0.04082055168068166,5.301271992240715e+16,0.03829826300352579,True
P5,lattice_temperature_k,250.0,0.021543333155,top_primary,top_gate,bottom_gate,forward,15,interface_4x,T03_P5_TEMPERATURE,enabled_symmetric_teaching_top_stack,0.25,0.0,0.0,0.25,0.01,-1.02202005984812e-05,1.0220200598481116e-05,-6.13212035908872e-08,6.13212035908867e-08,-8.300922883092143e-20,8.122074320464634e-15,0.044965633121447454,6.417973981924897e+16,0.03925828799401643,True
P5,lattice_temperature_k,250.0,0.021543333155,top_primary,top_gate,bottom_gate,forward,16,interface_4x,T03_P5_TEMPERATURE,enabled_symmetric_teaching_top_stack,0.3,0.0,0.0,0.3,0.01,-1.2381986615361441e-05,1.2381986615361455e-05,-7.429191969216865e-08,7.429191969216873e-08,1.3552527156068805e-20,1.094535762076753e-15,0.048121818485549694,7.42381092798743e+16,0.038926922003156506,True
P5,lattice_temperature_k,250.0,0.021543333155,top_primary,top_gate,bottom_gate,forward,17,interface_4x,T03_P5_TEMPERATURE,enabled_symmetric_teaching_top_stack,0.35,0.0,0.0,0.35,0.01,-1.4513403613713172e-05,1.4513403613713243e-05,-8.708042168227903e-08,8.708042168227947e-08,7.115076756936123e-20,4.902417755552059e-15,0.05058571065263176,8.317513113752371e+16,0.040071468996757176,True
P5,lattice_temperature_k,250.0,0.021543333155,top_primary,top_gate,bottom_gate,forward,18,interface_4x,T03_P5_TEMPERATURE,enabled_symmetric_teaching_top_stack,0.4,0.0,0.0,0.4,0.01,-1.6594691532792087e-05,1.65946915327921e-05,-9.956814919675253e-08,9.95681491967526e-08,1.3552527156068805e-20,8.166784618616262e-16,0.05255184628517776,9.107255858517722e+16,0.03798043900314951,True
P5,lattice_temperature_k,250.0,0.021543333155,top_primary,top_gate,bottom_gate,forward,19,interface_4x,T03_P5_TEMPERATURE,enabled_symmetric_teaching_top_stack,0.45,0.0,0.0,0.45,0.01,-1.8614704712022246e-05,1.8614704712021795e-05,-1.1168822827213348e-07,1.1168822827213077e-07,-4.506215279392878e-19,2.4207825743711924e-14,0.054150992399777595,9.80450063967328e+16,0.03999251700588502,True
P5,lattice_temperature_k,250.0,0.021543333155,top_primary,top_gate,bottom_gate,forward,20,interface_4x,T03_P5_TEMPERATURE,enabled_symmetric_teaching_top_stack,0.5,0.0,0.0,0.5,0.01,-2.0567620797134396e-05,2.0567620797134362e-05,-1.2340572478280637e-07,1.234057247828062e-07,-3.3881317890172014e-20,1.6473134264947436e-15,0.05547333926019776,1.0421085310584005e+17,0.032601585997326765,True
P5,lattice_temperature_k,250.0,0.021543333155,top_primary,top_gate,bottom_gate,forward,21,interface_4x,T03_P5_TEMPERATURE,enabled_symmetric_teaching_top_stack,0.55,0.0,0.0,0.55,0.01,-2.2450945064147704e-05,2.2450945064147355e-05,-1.3470567038488622e-07,1.3470567038488413e-07,-3.4897757426877174e-19,1.554400375002743e-14,0.05658263530617066,1.0967985736555157e+17,0.031208180997055024,True
P5,lattice_temperature_k,250.0,0.021543333155,top_primary,top_gate,bottom_gate,forward,22,interface_4x,T03_P5_TEMPERATURE,enabled_symmetric_teaching_top_stack,0.6,0.0,0.0,0.6,0.01,-2.4264276612973067e-05,2.4264276612973805e-05,-1.455856596778384e-07,1.4558565967784283e-07,7.386127300057499e-19,3.0440335880890135e-14,0.0575249681606511,1.1454887921396558e+17,0.03430270799435675,True
P5,lattice_temperature_k,250.0,0.021543333155,top_primary,top_gate,bottom_gate,forward,23,interface_4x,T03_P5_TEMPERATURE,enabled_symmetric_teaching_top_stack,0.65,0.0,0.0,0.65,0.01,-2.60085303477445e-05,2.6008530347744073e-05,-1.56051182086467e-07,1.5605118208646443e-07,-4.2690460541616737e-19,1.641402261905157e-14,0.05833434713807352,1.189013182391247e+17,0.03183230900322087,True
P5,lattice_temperature_k,250.0,0.021543333155,top_primary,top_gate,bottom_gate,forward,24,interface_4x,T03_P5_TEMPERATURE,enabled_symmetric_teaching_top_stack,0.7,0.0,0.0,0.7,0.01,-2.7685437703287094e-05,2.768543770328766e-05,-1.6611262621972256e-07,1.6611262621972595e-07,5.658180087658726e-19,2.043738715023752e-14,0.059036337136373455,1.2280811389086485e+17,0.03368397099984577,True
P5,lattice_temperature_k,250.0,0.021543333155,top_primary,top_gate,bottom_gate,forward,25,interface_4x,T03_P5_TEMPERATURE,enabled_symmetric_teaching_top_stack,0.75,0.0,0.0,0.75,0.01,-2.929722167180282e-05,2.9297221671801037e-05,-1.7578333003081692e-07,1.7578333003080623e-07,-1.782157321023048e-18,6.083025008266532e-14,0.05965047851169042,1.2632928306783085e+17,0.03376971800025785,True
P5,lattice_temperature_k,250.0,0.021543333155,top_primary,top_gate,bottom_gate,forward,26,interface_4x,T03_P5_TEMPERATURE,enabled_symmetric_teaching_top_stack,0.8,0.0,0.0,0.8,0.01,-3.084638308249005e-05,3.084638308249049e-05,-1.8507829849494028e-07,1.8507829849494293e-07,4.404571325722362e-19,1.427905279508298e-14,0.060191933278164085,1.2951552864757734e+17,0.034601497995026875,True
P5,lattice_temperature_k,250.0,0.021543333155,top_primary,top_gate,bottom_gate,forward,27,interface_4x,T03_P5_TEMPERATURE,enabled_symmetric_teaching_top_stack,0.85,0.0,0.0,0.85,0.01,-3.233555919831496e-05,3.2335559198316085e-05,-1.9401335518988977e-07,1.9401335518989652e-07,1.1248597539537109e-18,3.478708214244488e-14,0.060672627367066856,1.3240972375978445e+17,0.0332802039993112,True
P5,lattice_temperature_k,250.0,0.021543333155,top_primary,top_gate,bottom_gate,forward,28,interface_4x,T03_P5_TEMPERATURE,enabled_symmetric_teaching_top_stack,0.9,0.0,0.0,0.9,0.01,-3.376743006386105e-05,3.376743006385992e-05,-2.0260458038316633e-07,2.0260458038315953e-07,-1.1316360175317453e-18,3.351264859041959e-14,0.06110205780328889,1.3504820512863654e+17,0.032173955005418975,True
P5,lattice_temperature_k,250.0,0.021543333155,top_primary,top_gate,bottom_gate,forward,29,interface_4x,T03_P5_TEMPERATURE,enabled_symmetric_teaching_top_stack,0.95,0.0,0.0,0.95,0.01,-3.514465679915647e-05,3.514465679915615e-05,-2.1086794079493883e-07,2.1086794079493687e-07,-3.2526065174565133e-19,9.254910457781398e-15,0.06148787274898827,1.3746186724969862e+17,0.03362478799681412,True
P5,lattice_temperature_k,250.0,0.021543333155,top_primary,top_gate,bottom_gate,forward,30,interface_4x,T03_P5_TEMPERATURE,enabled_symmetric_teaching_top_stack,1.0,0.0,0.0,1.0,0.01,-3.646984149128711e-05,3.6469841491285194e-05,-2.1881904894772268e-07,2.1881904894771116e-07,-1.917682592583736e-18,5.258269611733528e-14,0.06183629481209764,1.3967707357988066e+17,0.032560110004851595,True
P5,lattice_temperature_k,300.0,0.025851999786,top_primary,top_gate,bottom_gate,forward,0,interface_4x,T03_P5_TEMPERATURE,enabled_symmetric_teaching_top_stack,-0.5,0.0,0.0,-0.5,0.01,-2.1009005017869447e-10,2.100900501789906e-10,-1.2605403010721668e-12,1.2605403010739435e-12,2.961306592939839e-22,1.4095415705869421e-12,-0.23911894665357208,807306959954.4667,0.04197264200047357,True
P5,lattice_temperature_k,300.0,0.025851999786,top_primary,top_gate,bottom_gate,forward,1,interface_4x,T03_P5_TEMPERATURE,enabled_symmetric_teaching_top_stack,-0.45,0.0,0.0,-0.45,0.01,-4.949974025749092e-10,4.949974025786057e-10,-2.969984415449455e-12,2.9699844154716346e-12,3.6965667599229116e-21,7.46785082238062e-12,-0.21412109486385084,2123150613684.0562,0.037631503997545224,True
P5,lattice_temperature_k,300.0,0.025851999786,top_primary,top_gate,bottom_gate,forward,2,interface_4x,T03_P5_TEMPERATURE,enabled_symmetric_teaching_top_stack,-0.4,0.0,0.0,-0.4,0.01,-1.175346534127531e-09,1.1753465341285547e-09,-7.052079204765187e-12,7.052079204771329e-12,1.0236360080343717e-21,8.709227264564431e-13,-0.1891262528706111,5583036541237.598,0.039338654998573475,True
P5,lattice_temperature_k,300.0,0.025851999786,top_primary,top_gate,bottom_gate,forward,3,interface_4x,T03_P5_TEMPERATURE,enabled_symmetric_teaching_top_stack,-0.35,0.0,0.0,-0.35,0.01,-2.81429528103251e-09,2.814295281036621e-09,-1.688577168619506e-11,1.6885771686219725e-11,4.110674054082271e-21,1.4606406377400955e-12,-0.164138747680266,14676861535814.092,0.03976871899794787,True
P5,lattice_temperature_k,300.0,0.025851999786,top_primary,top_gate,bottom_gate,forward,4,interface_4x,T03_P5_TEMPERATURE,enabled_symmetric_teaching_top_stack,-0.3,0.0,0.0,-0.3,0.01,-6.79803672784744e-09,6.798036727842041e-09,-4.078822036708464e-11,4.078822036705225e-11,-5.399007858133612e-21,7.942010427830062e-13,-0.13916929053575672,38555380994650.766,0.03931462900072802,True
P5,lattice_temperature_k,300.0,0.025851999786,top_primary,top_gate,bottom_gate,forward,5,interface_4x,T03_P5_TEMPERATURE,enabled_symmetric_teaching_top_stack,-0.25,0.0,0.0,-0.25,0.01,-1.6561208985024152e-08,1.656120898502756e-08,-9.936725391014491e-11,9.936725391016536e-11,3.407984123718474e-21,2.0578111940979185e-13,-0.11424457985285207,101103933681695.42,0.03851385800226126,True
P5,lattice_temperature_k,300.0,0.025851999786,top_primary,top_gate,bottom_gate,forward,6,interface_4x,T03_P5_TEMPERATURE,enabled_symmetric_teaching_top_stack,-0.2,0.0,0.0,-0.2,0.01,-4.061372833270638e-08,4.061372833270707e-08,-2.436823699962383e-10,2.436823699962424e-10,6.948317145445432e-22,1.710829670333371e-14,-0.08943120788227929,263962379689174.06,0.04339415000140434,True
P5,lattice_temperature_k,300.0,0.025851999786,top_primary,top_gate,bottom_gate,forward,7,interface_4x,T03_P5_TEMPERATURE,enabled_symmetric_teaching_top_stack,-0.15,0.0,0.0,-0.15,0.01,-9.968379386297732e-08,9.9683793862971e-08,-5.98102763177864e-10,5.98102763177826e-10,-6.326277324805556e-21,6.346344856719124e-14,-0.06489271154649566,681727707940020.2,0.038597687998844776,True
P5,lattice_temperature_k,300.0,0.025851999786,top_primary,top_gate,bottom_gate,forward,8,interface_4x,T03_P5_TEMPERATURE,enabled_symmetric_teaching_top_stack,-0.1,0.0,0.0,-0.1,0.01,-2.4142008492076154e-07,2.4142008492075143e-07,-1.4485205095245693e-09,1.4485205095245085e-09,-1.011145580784821e-20,4.188324186517859e-14,-0.04100932784576478,1715891505045579.0,0.039884887999505736,True
P5,lattice_temperature_k,300.0,0.025851999786,top_primary,top_gate,bottom_gate,forward,9,interface_4x,T03_P5_TEMPERATURE,enabled_symmetric_teaching_top_stack,-0.05,0.0,0.0,-0.05,0.01,-5.603609473994756e-07,5.603609473994763e-07,-3.3621656843968537e-09,3.362165684396858e-09,6.352747104407253e-22,1.1336884081392696e-15,-0.018549627861549674,4084411462863897.0,0.04049224399932427,True
P5,lattice_temperature_k,300.0,0.025851999786,top_primary,top_gate,bottom_gate,forward,10,interface_4x,T03_P5_TEMPERATURE,enabled_symmetric_teaching_top_stack,0.0,0.0,0.0,0.0,0.01,-1.1930966936239762e-06,1.1930966936239798e-06,-7.158580161743857e-09,7.1585801617438785e-09,3.5998900258307764e-21,3.017265947570658e-15,0.001332691319669748,8792236312879518.0,0.03823466500034556,True
P5,lattice_temperature_k,300.0,0.025851999786,top_primary,top_gate,bottom_gate,forward,11,interface_4x,T03_P5_TEMPERATURE,enabled_symmetric_teaching_top_stack,0.05,0.0,0.0,0.05,0.01,-2.243559487785063e-06,2.2435594877850616e-06,-1.3461356926710377e-08,1.346135692671037e-08,-1.2705494208814505e-21,5.663096645303534e-16,0.017648561760206974,1.6481049918011626e+16,0.04480140400119126,True
P5,lattice_temperature_k,300.0,0.025851999786,top_primary,top_gate,bottom_gate,forward,12,interface_4x,T03_P5_TEMPERATURE,enabled_symmetric_teaching_top_stack,0.1,0.0,0.0,0.1,0.01,-3.700428574078767e-06,3.7004285740787434e-06,-2.2202571444472604e-08,2.2202571444472462e-08,-2.371692252312041e-20,6.409236673085849e-15,0.030249531738275284,2.676615586916425e+16,0.04135793899331475,True
P5,lattice_temperature_k,300.0,0.025851999786,top_primary,top_gate,bottom_gate,forward,13,interface_4x,T03_P5_TEMPERATURE,enabled_symmetric_teaching_top_stack,0.15,0.0,0.0,0.15,0.01,-5.462041732526001e-06,5.462041732526014e-06,-3.277225039515601e-08,3.277225039515609e-08,1.2705494208814505e-20,2.326143744591756e-15,0.039725363314865605,3.854225028782632e+16,0.040209560000221245,True
P5,lattice_temperature_k,300.0,0.025851999786,top_primary,top_gate,bottom_gate,forward,14,interface_4x,T03_P5_TEMPERATURE,enabled_symmetric_teaching_top_stack,0.2,0.0,0.0,0.2,0.01,-7.412956638914972e-06,7.4129566389148655e-06,-4.447773983348983e-08,4.447773983348919e-08,-1.0672615135404184e-19,1.4397244790799592e-14,0.04685755866596013,5.071597384095385e+16,0.03859154599922476,True
P5,lattice_temperature_k,300.0,0.025851999786,top_primary,top_gate,bottom_gate,forward,15,interface_4x,T03_P5_TEMPERATURE,enabled_symmetric_teaching_top_stack,0.25,0.0,0.0,0.25,0.01,-9.462693911699197e-06,9.462693911699367e-06,-5.677616347019518e-08,5.67761634701962e-08,1.6940658945086007e-19,1.7902575210787624e-14,0.052304628007629216,6.254748623536028e+16,0.04063215899805073,True
P5,lattice_temperature_k,300.0,0.025851999786,top_primary,top_gate,bottom_gate,forward,16,interface_4x,T03_P5_TEMPERATURE,enabled_symmetric_teaching_top_stack,0.3,0.0,0.0,0.3,0.01,-1.1549445541373153e-05,1.1549445541373129e-05,-6.929667324823892e-08,6.929667324823877e-08,-2.371692252312041e-20,2.053511784454081e-15,0.056544883007083165,7.36401270624011e+16,0.03923808399849804,True
P5,lattice_temperature_k,300.0,0.025851999786,top_primary,top_gate,bottom_gate,forward,17,interface_4x,T03_P5_TEMPERATURE,enabled_symmetric_teaching_top_stack,0.35,0.0,0.0,0.35,0.01,-1.3633155085927868e-05,1.3633155085927829e-05,-8.179893051556721e-08,8.179893051556697e-08,-3.8963515573697816e-20,2.8579969440761315e-15,0.05991023918327385,8.382967866404534e+16,0.04256127499684226,True
P5,lattice_temperature_k,300.0,0.025851999786,top_primary,top_gate,bottom_gate,forward,18,interface_4x,T03_P5_TEMPERATURE,enabled_symmetric_teaching_top_stack,0.4,0.0,0.0,0.4,0.01,-1.5688469780507097e-05,1.5688469780507118e-05,-9.413081868304259e-08,9.413081868304271e-08,2.0328790734103208e-20,1.2957790669528316e-15,0.06262985128503153,9.30861550607405e+16,0.03925422499742126,True
P5,lattice_temperature_k,300.0,0.025851999786,top_primary,top_gate,bottom_gate,forward,19,interface_4x,T03_P5_TEMPERATURE,enabled_symmetric_teaching_top_stack,0.45,0.0,0.0,0.45,0.01,-1.7699657872945354e-05,1.7699657872945472e-05,-1.0619794723767213e-07,1.0619794723767284e-07,1.1858461261560205e-19,6.699825130341228e-15,0.06486366097371234,1.0144894339019608e+17,0.042469216998142656,True
P5,lattice_temperature_k,300.0,0.025851999786,top_primary,top_gate,bottom_gate,forward,20,interface_4x,T03_P5_TEMPERATURE,enabled_symmetric_teaching_top_stack,0.5,0.0,0.0,0.5,0.01,-1.965725697832039e-05,1.9657256978320098e-05,-1.1794354186992233e-07,1.1794354186992059e-07,-2.913793338554793e-19,1.4822990520846118e-14,0.066725187703265,1.0898877096719963e+17,0.03374597000220092,True
P5,lattice_temperature_k,300.0,0.025851999786,top_primary,top_gate,bottom_gate,forward,21,interface_4x,T03_P5_TEMPERATURE,enabled_symmetric_teaching_top_stack,0.55,0.0,0.0,0.55,0.01,-2.155591042715199e-05,2.155591042715182e-05,-1.2933546256291194e-07,1.293354625629109e-07,-1.6940658945086007e-19,7.858939200149684e-15,0.0682964942120616,1.1578688929258678e+17,0.03261002400540747,True
P5,lattice_temperature_k,300.0,0.025851999786,top_primary,top_gate,bottom_gate,forward,22,interface_4x,T03_P5_TEMPERATURE,enabled_symmetric_teaching_top_stack,0.6,0.0,0.0,0.6,0.01,-2.3392967118616967e-05,2.3392967118617238e-05,-1.403578027117018e-07,1.4035780271170343e-07,2.710505431213761e-19,1.1586838973738444e-14,0.06963798865793097,1.2192435109110224e+17,0.03476941099506803,True
P5,lattice_temperature_k,300.0,0.025851999786,top_primary,top_gate,bottom_gate,forward,23,interface_4x,T03_P5_TEMPERATURE,enabled_symmetric_teaching_top_stack,0.65,0.0,0.0,0.65,0.01,-2.5167565654035183e-05,2.5167565654034624e-05,-1.510053939242111e-07,1.5100539392420775e-07,-5.590417451878382e-19,2.2212785808237498e-14,0.07079490921126312,1.274769258296556e+17,0.03316109500156017,True
P5,lattice_temperature_k,300.0,0.025851999786,top_primary,top_gate,bottom_gate,forward,24,interface_4x,T03_P5_TEMPERATURE,enabled_symmetric_teaching_top_stack,0.7,0.0,0.0,0.7,0.01,-2.6880027442441277e-05,2.6880027442442047e-05,-1.6128016465464766e-07,1.612801646546523e-07,7.691059161069047e-19,2.861254207250287e-14,0.07180167864808575,1.3251305666177562e+17,0.03422937799768988,True
P5,lattice_temperature_k,300.0,0.025851999786,top_primary,top_gate,bottom_gate,forward,25,interface_4x,T03_P5_TEMPERATURE,enabled_symmetric_teaching_top_stack,0.75,0.0,0.0,0.75,0.01,-2.85314494905187e-05,2.8531449490519663e-05,-1.711886969431122e-07,1.7118869694311798e-07,9.622294280808852e-19,3.372522059913611e-14,0.07268487779972853,1.3709339733937157e+17,0.0326066399939009,True
P5,lattice_temperature_k,300.0,0.025851999786,top_primary,top_gate,bottom_gate,forward,26,interface_4x,T03_P5_TEMPERATURE,enabled_symmetric_teaching_top_stack,0.8,0.0,0.0,0.8,0.01,-3.012342820263897e-05,3.012342820263873e-05,-1.807405692158338e-07,1.807405692158324e-07,-2.371692252312041e-19,7.873248145455995e-15,0.07346531051699728,1.4127112492585208e+17,0.03327868000633316,True
P5,lattice_temperature_k,300.0,0.025851999786,top_primary,top_gate,bottom_gate,forward,27,interface_4x,T03_P5_TEMPERATURE,enabled_symmetric_teaching_top_stack,0.85,0.0,0.0,0.85,0.01,-3.165787043737222e-05,3.165787043737322e-05,-1.899472226242333e-07,1.899472226242393e-07,1.0028870095490916e-18,3.167891572280707e-14,0.07415946144285523,1.4509259459244374e+17,0.033998109996900894,True
P5,lattice_temperature_k,300.0,0.025851999786,top_primary,top_gate,bottom_gate,forward,28,interface_4x,T03_P5_TEMPERATURE,enabled_symmetric_teaching_top_stack,0.9,0.0,0.0,0.9,0.01,-3.3136863501807014e-05,3.313686350180507e-05,-1.988211810108421e-07,1.9882118101083043e-07,-1.9447876468958736e-18,5.868955119393907e-14,0.07478054131688958,1.4859810845960803e+17,0.03245141400111606,True
P5,lattice_temperature_k,300.0,0.025851999786,top_primary,top_gate,bottom_gate,forward,29,interface_4x,T03_P5_TEMPERATURE,enabled_symmetric_teaching_top_stack,0.95,0.0,0.0,0.95,0.01,-3.456258546147579e-05,3.456258546147611e-05,-2.073755127688547e-07,2.0737551276885667e-07,3.2526065174565133e-19,9.410773164183302e-15,0.07533924759837274,1.518226833779193e+17,0.032411139996838756,True
P5,lattice_temperature_k,300.0,0.025851999786,top_primary,top_gate,bottom_gate,forward,30,interface_4x,T03_P5_TEMPERATURE,enabled_symmetric_teaching_top_stack,1.0,0.0,0.0,1.0,0.01,-3.593724333278649e-05,3.593724333278673e-05,-2.1562345999671894e-07,2.156234599967204e-07,2.439454888092385e-19,6.7880968651448835e-15,0.07584432558886496,1.5479676378982486e+17,0.03252518500084989,True
P5,lattice_temperature_k,350.0,0.030160666417,top_primary,top_gate,bottom_gate,forward,0,interface_4x,T03_P5_TEMPERATURE,enabled_symmetric_teaching_top_stack,-0.5,0.0,0.0,-0.5,0.01,-6.945440894441575e-10,6.945440894357022e-10,-4.167264536664945e-12,4.167264536614213e-12,-8.45523342636391e-21,1.2173789331546426e-11,-0.2391225877037587,3095384606231.8687,0.04677188599453075,True
P5,lattice_temperature_k,350.0,0.030160666417,top_primary,top_gate,bottom_gate,forward,1,interface_4x,T03_P5_TEMPERATURE,enabled_symmetric_teaching_top_stack,-0.45,0.0,0.0,-0.45,0.01,-1.461055577916911e-09,1.4610555778669325e-09,-8.766333467501465e-12,8.766333467201595e-12,-4.997845940560707e-20,3.420708983354588e-11,-0.2141283897598129,7089434086226.301,0.03864518000045791,True
P5,lattice_temperature_k,350.0,0.030160666417,top_primary,top_gate,bottom_gate,forward,2,interface_4x,T03_P5_TEMPERATURE,enabled_symmetric_teaching_top_stack,-0.4,0.0,0.0,-0.4,0.01,-3.09299982304737e-09,3.0929998230537308e-09,-1.8557998938284223e-11,1.8557998938322386e-11,6.360605320226506e-21,2.056451886229549e-12,-0.1891408018453436,16233463512683.326,0.039771445000951644,True
P5,lattice_temperature_k,350.0,0.030160666417,top_primary,top_gate,bottom_gate,forward,3,interface_4x,T03_P5_TEMPERATURE,enabled_symmetric_teaching_top_stack,-0.35,0.0,0.0,-0.35,0.01,-6.5909537353099186e-09,6.590953735314563e-09,-3.954572241185951e-11,3.954572241188738e-11,4.6446191394852504e-21,7.04696061603227e-13,-0.16416753572223133,37153569538373.75,0.03957862099923659,True
P5,lattice_temperature_k,350.0,0.030160666417,top_primary,top_gate,bottom_gate,forward,4,interface_4x,T03_P5_TEMPERATURE,enabled_symmetric_teaching_top_stack,-0.3,0.0,0.0,-0.3,0.01,-1.413635824672127e-08,1.4136358246708206e-08,-8.481814948032762e-11,8.481814948024923e-11,-1.3064490594662519e-20,9.24176535897613e-13,-0.1392254911604856,84943947609195.61,0.043083085998659953,True
P5,lattice_temperature_k,350.0,0.030160666417,top_primary,top_gate,bottom_gate,forward,5,interface_4x,T03_P5_TEMPERATURE,enabled_symmetric_teaching_top_stack,-0.25,0.0,0.0,-0.25,0.01,-3.049300064681307e-08,3.0493000646830285e-08,-1.8295800388087844e-10,1.829580038809817e-10,1.72119741860034e-20,5.644565579279115e-13,-0.11435178411521293,193760163419139.5,0.040250138998089824,True
P5,lattice_temperature_k,350.0,0.030160666417,top_primary,top_gate,bottom_gate,forward,6,interface_4x,T03_P5_TEMPERATURE,enabled_symmetric_teaching_top_stack,-0.2,0.0,0.0,-0.2,0.01,-6.599673534804712e-08,6.599673534804717e-08,-3.9598041208828273e-10,3.9598041208828304e-10,5.293955920339377e-23,8.021542114804053e-16,-0.08962749098212668,439757280002285.0,0.04003653099789517,True
P5,lattice_temperature_k,350.0,0.030160666417,top_primary,top_gate,bottom_gate,forward,7,interface_4x,T03_P5_TEMPERATURE,enabled_symmetric_teaching_top_stack,-0.15,0.0,0.0,-0.15,0.01,-1.4253658438905647e-07,1.4253658438906415e-07,-8.552195063343388e-10,8.55219506334385e-10,7.676236084492097e-21,5.385449719728966e-14,-0.06522583748214746,987306853062370.4,0.03937579900230048,True
P5,lattice_temperature_k,350.0,0.030160666417,top_primary,top_gate,bottom_gate,forward,8,interface_4x,T03_P5_TEMPERATURE,enabled_symmetric_teaching_top_stack,-0.1,0.0,0.0,-0.1,0.01,-3.037190139101733e-07,3.037190139101766e-07,-1.82231408346104e-09,1.8223140834610596e-09,3.282252670610414e-21,1.0806872537723713e-14,-0.04149636979898616,2167177970333873.0,0.04001815799711039,True
P5,lattice_temperature_k,350.0,0.030160666417,top_primary,top_gate,bottom_gate,forward,9,interface_4x,T03_P5_TEMPERATURE,enabled_symmetric_teaching_top_stack,-0.05,0.0,0.0,-0.05,0.01,-6.256127228206218e-07,6.25612722820622e-07,-3.753676336923731e-09,3.753676336923732e-09,2.117582368135751e-22,3.384813465091425e-16,-0.019061788211929283,4555196872660041.0,0.03967496499535628,True
P5,lattice_temperature_k,350.0,0.030160666417,top_primary,top_gate,bottom_gate,forward,10,interface_4x,T03_P5_TEMPERATURE,enabled_symmetric_teaching_top_stack,0.0,0.0,0.0,0.0,0.01,-1.2106316297648203e-06,1.210631629764818e-06,-7.263789778588922e-09,7.263789778588908e-09,-2.329340604949326e-21,1.9240704997950765e-15,0.001204749039084776,8906201152604728.0,0.0399215439974796,True
P5,lattice_temperature_k,350.0,0.030160666417,top_primary,top_gate,bottom_gate,forward,11,interface_4x,T03_P5_TEMPERATURE,enabled_symmetric_teaching_top_stack,0.05,0.0,0.0,0.05,0.01,-2.1434633626545055e-06,2.143463362654514e-06,-1.2860780175927034e-08,1.2860780175927083e-08,8.470329472543003e-21,3.9517024737260514e-15,0.018499885771613288,1.5774891852006992e+16,0.03896502700081328,True
P5,lattice_temperature_k,350.0,0.030160666417,top_primary,top_gate,bottom_gate,forward,12,interface_4x,T03_P5_TEMPERATURE,enabled_symmetric_teaching_top_stack,0.1,0.0,0.0,0.1,0.01,-3.4368491572157823e-06,3.4368491572158026e-06,-2.0621094943294695e-08,2.0621094943294817e-08,2.0328790734103208e-20,5.91494994519096e-15,0.03252828753303917,2.507406347809102e+16,0.04071260499767959,True
P5,lattice_temperature_k,350.0,0.030160666417,top_primary,top_gate,bottom_gate,forward,13,interface_4x,T03_P5_TEMPERATURE,enabled_symmetric_teaching_top_stack,0.15,0.0,0.0,0.15,0.01,-5.0304462982515884e-06,5.030446298251617e-06,-3.018267778950953e-08,3.01826777895097e-08,2.879912020664621e-20,5.724963253589575e-15,0.04357135358119371,3.610918909979079e+16,0.039498421996540856,True
P5,lattice_temperature_k,350.0,0.030160666417,top_primary,top_gate,bottom_gate,forward,14,interface_4x,T03_P5_TEMPERATURE,enabled_symmetric_teaching_top_stack,0.2,0.0,0.0,0.2,0.01,-6.8350257732787255e-06,6.8350257732787806e-06,-4.101015463967235e-08,4.101015463967268e-08,5.505714157152952e-20,8.055147617258868e-15,0.052191905281121755,4.800290227162052e+16,0.038110959001642186,True
P5,lattice_temperature_k,350.0,0.030160666417,top_primary,top_gate,bottom_gate,forward,15,interface_4x,T03_P5_TEMPERATURE,enabled_symmetric_teaching_top_stack,0.25,0.0,0.0,0.25,0.01,-8.768630181501466e-06,8.768630181501364e-06,-5.26117810890088e-08,5.261178108900819e-08,-1.0164395367051604e-19,1.1591771071033058e-14,0.058958934797204425,6.002668033596016e+16,0.03958768200391205,True
P5,lattice_temperature_k,350.0,0.030160666417,top_primary,top_gate,bottom_gate,forward,16,interface_4x,T03_P5_TEMPERATURE,enabled_symmetric_teaching_top_stack,0.3,0.0,0.0,0.3,0.01,-1.076874907568772e-05,1.0768749075687657e-05,-6.461249445412631e-08,6.461249445412594e-08,-6.268043809681823e-20,5.82058674190208e-15,0.06433610180502938,7.169596680955716e+16,0.039202234998811036,True
P5,lattice_temperature_k,350.0,0.030160666417,top_primary,top_gate,bottom_gate,forward,17,interface_4x,T03_P5_TEMPERATURE,enabled_symmetric_teaching_top_stack,0.35,0.0,0.0,0.35,0.01,-1.2791428548814585e-05,1.2791428548814608e-05,-7.674857129288752e-08,7.674857129288765e-08,2.202285662861181e-20,1.721688593620975e-15,0.06867090388958824,8.273659638410475e+16,0.03842148499825271,True
P5,lattice_temperature_k,350.0,0.030160666417,top_primary,top_gate,bottom_gate,forward,18,interface_4x,T03_P5_TEMPERATURE,enabled_symmetric_teaching_top_stack,0.4,0.0,0.0,0.4,0.01,-1.480690075671373e-05,1.4806900756713814e-05,-8.884140454028238e-08,8.88414045402829e-08,8.470329472543003e-20,5.720528294013416e-15,0.0722164654131732,9.30207742156818e+16,0.0392960410026717,True
P5,lattice_temperature_k,350.0,0.030160666417,top_primary,top_gate,bottom_gate,forward,19,interface_4x,T03_P5_TEMPERATURE,enabled_symmetric_teaching_top_stack,0.45,0.0,0.0,0.45,0.01,-1.679543426655639e-05,1.679543426655623e-05,-1.0077260559933835e-07,1.0077260559933737e-07,-1.6263032587282567e-19,9.683008089684254e-15,0.07515646118519567,1.0251181762863117e+17,0.03840489199501462,True
P5,lattice_temperature_k,350.0,0.030160666417,top_primary,top_gate,bottom_gate,forward,20,interface_4x,T03_P5_TEMPERATURE,enabled_symmetric_teaching_top_stack,0.5,0.0,0.0,0.5,0.01,-1.8744210065952547e-05,1.8744210065952154e-05,-1.1246526039571528e-07,1.1246526039571292e-07,-3.9302328752599536e-19,2.096771675856817e-14,0.0776251285842719,1.1122539070531456e+17,0.031617170003301,True
P5,lattice_temperature_k,350.0,0.030160666417,top_primary,top_gate,bottom_gate,forward,21,interface_4x,T03_P5_TEMPERATURE,enabled_symmetric_teaching_top_stack,0.55,0.0,0.0,0.55,0.01,-2.0645137886322372e-05,2.064513788632189e-05,-1.2387082731793423e-07,1.2387082731793135e-07,-4.811147140404426e-19,2.3304020379499926e-14,0.07972174173293034,1.1920473317663504e+17,0.034445767996658105,True
P5,lattice_temperature_k,350.0,0.030160666417,top_primary,top_gate,bottom_gate,forward,22,interface_4x,T03_P5_TEMPERATURE,enabled_symmetric_teaching_top_stack,0.6,0.0,0.0,0.6,0.01,-2.2493365121724704e-05,2.249336512172541e-05,-1.3496019073034822e-07,1.3496019073035245e-07,7.047314121155779e-19,3.133063498066401e-14,0.08152071779038206,1.2650567331128829e+17,0.033329005003906786,True
P5,lattice_temperature_k,350.0,0.030160666417,top_primary,top_gate,bottom_gate,forward,23,interface_4x,T03_P5_TEMPERATURE,enabled_symmetric_teaching_top_stack,0.65,0.0,0.0,0.65,0.01,-2.428626202154205e-05,2.4286262021543356e-05,-1.4571757212925232e-07,1.4571757212926013e-07,1.3044307387716225e-18,5.3710642568811744e-14,0.08307861604548128,1.331879392036583e+17,0.032828362003783695,True
P5,lattice_temperature_k,350.0,0.030160666417,top_primary,top_gate,bottom_gate,forward,24,interface_4x,T03_P5_TEMPERATURE,enabled_symmetric_teaching_top_stack,0.7,0.0,0.0,0.7,0.01,-2.6022727567769608e-05,2.602272756776998e-05,-1.5613636540661765e-07,1.5613636540661988e-07,3.7269449679189215e-19,1.4321884430496316e-14,0.08443900351448813,1.3931035102084395e+17,0.030852261996187735,True
P5,lattice_temperature_k,350.0,0.030160666417,top_primary,top_gate,bottom_gate,forward,25,interface_4x,T03_P5_TEMPERATURE,enabled_symmetric_teaching_top_stack,0.75,0.0,0.0,0.75,0.01,-2.7702710844542798e-05,2.7702710844543015e-05,-1.662162650672568e-07,1.662162650672581e-07,2.168404344971009e-19,7.827408505756936e-15,0.08563586887392152,1.4492833777056525e+17,0.03249429199786391,True
P5,lattice_temperature_k,350.0,0.030160666417,top_primary,top_gate,bottom_gate,forward,26,interface_4x,T03_P5_TEMPERATURE,enabled_symmetric_teaching_top_stack,0.8,0.0,0.0,0.8,0.01,-2.9326878114705004e-05,2.9326878114705397e-05,-1.7596126868823003e-07,1.759612686882324e-07,3.9302328752599536e-19,1.340147035046739e-14,0.0866960460017896,1.500928134252705e+17,0.03220982199854916,True
P5,lattice_temperature_k,350.0,0.030160666417,top_primary,top_gate,bottom_gate,forward,27,interface_4x,T03_P5_TEMPERATURE,enabled_symmetric_teaching_top_stack,0.85,0.0,0.0,0.85,0.01,-3.089637936820822e-05,3.089637936820709e-05,-1.853782762092493e-07,1.8537827620924255e-07,-1.1248597539537109e-18,3.640749424222729e-14,0.08764095623591114,1.5484982673380342e+17,0.03282946200488368,True
P5,lattice_temperature_k,350.0,0.030160666417,top_primary,top_gate,bottom_gate,forward,28,interface_4x,T03_P5_TEMPERATURE,enabled_symmetric_teaching_top_stack,0.9,0.0,0.0,0.9,0.01,-3.24126835089603e-05,3.2412683508960274e-05,-1.944761010537618e-07,1.9447610105376165e-07,-2.710505431213761e-20,8.362483872908756e-16,0.08848787687595144,1.59240634636275e+17,0.03125360199919669,True
P5,lattice_temperature_k,350.0,0.030160666417,top_primary,top_gate,bottom_gate,forward,29,interface_4x,T03_P5_TEMPERATURE,enabled_symmetric_teaching_top_stack,0.95,0.0,0.0,0.95,0.01,-3.387746141134071e-05,3.387746141134076e-05,-2.0326476846804425e-07,2.0326476846804454e-07,4.743384504624082e-20,1.4001593705708406e-15,0.08925087628863204,1.6330199284886013e+17,0.03199863000190817,True
P5,lattice_temperature_k,350.0,0.030160666417,top_primary,top_gate,bottom_gate,forward,30,interface_4x,T03_P5_TEMPERATURE,enabled_symmetric_teaching_top_stack,1.0,0.0,0.0,1.0,0.01,-3.529250269768779e-05,3.529250269768652e-05,-2.1175501618612674e-07,2.1175501618611912e-07,-1.2739375526704677e-18,3.6096548991804153e-14,0.08994151150791836,1.6706654385331526e+17,0.03369123800075613,True
