bulk_family_id,bulk_value_cm3_ev,nta_cm3_ev,nga_cm3_ev,is_zero_control,inactive_family_id,family_id,primary_gate,secondary_gate,sweep_direction,sweep_index,mesh_level,stage_id,mode_id,primary_gate_v,fixed_secondary_gate_v,vbg_v,vtg_v,vds_v,source_current_a_per_cm,drain_current_a_per_cm,source_current_terminal_a,drain_current_terminal_a,current_imbalance_a_per_cm,relative_current_imbalance,center_channel_potential_v,center_channel_electron_density_cm3,solve_seconds,converged
NTA,0.0,0.0,0.0,True,NGA,top_primary,top_gate,bottom_gate,forward,0,interface_4x,T03_P2_BULK_TRAPS_FORMAL,enabled_symmetric_teaching_top_stack,-0.5,0.0,0.0,-0.5,0.01,-2.1009005017869447e-10,2.100900501789906e-10,-1.2605403010721668e-12,1.2605403010739435e-12,2.961306592939839e-22,1.4095415705869421e-12,-0.23911894665357208,807306959954.4667,0.04075746799935587,True
NTA,0.0,0.0,0.0,True,NGA,top_primary,top_gate,bottom_gate,forward,1,interface_4x,T03_P2_BULK_TRAPS_FORMAL,enabled_symmetric_teaching_top_stack,-0.45,0.0,0.0,-0.45,0.01,-4.949974025749092e-10,4.949974025786057e-10,-2.969984415449455e-12,2.9699844154716346e-12,3.6965667599229116e-21,7.46785082238062e-12,-0.21412109486385084,2123150613684.0562,0.04118065900183865,True
NTA,0.0,0.0,0.0,True,NGA,top_primary,top_gate,bottom_gate,forward,2,interface_4x,T03_P2_BULK_TRAPS_FORMAL,enabled_symmetric_teaching_top_stack,-0.4,0.0,0.0,-0.4,0.01,-1.175346534127531e-09,1.1753465341285547e-09,-7.052079204765187e-12,7.052079204771329e-12,1.0236360080343717e-21,8.709227264564431e-13,-0.1891262528706111,5583036541237.598,0.042399571000714786,True
NTA,0.0,0.0,0.0,True,NGA,top_primary,top_gate,bottom_gate,forward,3,interface_4x,T03_P2_BULK_TRAPS_FORMAL,enabled_symmetric_teaching_top_stack,-0.35,0.0,0.0,-0.35,0.01,-2.81429528103251e-09,2.814295281036621e-09,-1.688577168619506e-11,1.6885771686219725e-11,4.110674054082271e-21,1.4606406377400955e-12,-0.164138747680266,14676861535814.092,0.04215071600265219,True
NTA,0.0,0.0,0.0,True,NGA,top_primary,top_gate,bottom_gate,forward,4,interface_4x,T03_P2_BULK_TRAPS_FORMAL,enabled_symmetric_teaching_top_stack,-0.3,0.0,0.0,-0.3,0.01,-6.79803672784744e-09,6.798036727842041e-09,-4.078822036708464e-11,4.078822036705225e-11,-5.399007858133612e-21,7.942010427830062e-13,-0.13916929053575672,38555380994650.766,0.0412899369985098,True
NTA,0.0,0.0,0.0,True,NGA,top_primary,top_gate,bottom_gate,forward,5,interface_4x,T03_P2_BULK_TRAPS_FORMAL,enabled_symmetric_teaching_top_stack,-0.25,0.0,0.0,-0.25,0.01,-1.6561208985024152e-08,1.656120898502756e-08,-9.936725391014491e-11,9.936725391016536e-11,3.407984123718474e-21,2.0578111940979185e-13,-0.11424457985285207,101103933681695.42,0.04368772100133356,True
NTA,0.0,0.0,0.0,True,NGA,top_primary,top_gate,bottom_gate,forward,6,interface_4x,T03_P2_BULK_TRAPS_FORMAL,enabled_symmetric_teaching_top_stack,-0.2,0.0,0.0,-0.2,0.01,-4.061372833270638e-08,4.061372833270707e-08,-2.436823699962383e-10,2.436823699962424e-10,6.948317145445432e-22,1.710829670333371e-14,-0.08943120788227929,263962379689174.06,0.042736513998534065,True
NTA,0.0,0.0,0.0,True,NGA,top_primary,top_gate,bottom_gate,forward,7,interface_4x,T03_P2_BULK_TRAPS_FORMAL,enabled_symmetric_teaching_top_stack,-0.15,0.0,0.0,-0.15,0.01,-9.968379386297732e-08,9.9683793862971e-08,-5.98102763177864e-10,5.98102763177826e-10,-6.326277324805556e-21,6.346344856719124e-14,-0.06489271154649566,681727707940020.2,0.043639554001856595,True
NTA,0.0,0.0,0.0,True,NGA,top_primary,top_gate,bottom_gate,forward,8,interface_4x,T03_P2_BULK_TRAPS_FORMAL,enabled_symmetric_teaching_top_stack,-0.1,0.0,0.0,-0.1,0.01,-2.4142008492076154e-07,2.4142008492075143e-07,-1.4485205095245693e-09,1.4485205095245085e-09,-1.011145580784821e-20,4.188324186517859e-14,-0.04100932784576478,1715891505045579.0,0.04227569999784464,True
NTA,0.0,0.0,0.0,True,NGA,top_primary,top_gate,bottom_gate,forward,9,interface_4x,T03_P2_BULK_TRAPS_FORMAL,enabled_symmetric_teaching_top_stack,-0.05,0.0,0.0,-0.05,0.01,-5.603609473994756e-07,5.603609473994763e-07,-3.3621656843968537e-09,3.362165684396858e-09,6.352747104407253e-22,1.1336884081392696e-15,-0.018549627861549674,4084411462863897.0,0.04229693800152745,True
NTA,0.0,0.0,0.0,True,NGA,top_primary,top_gate,bottom_gate,forward,10,interface_4x,T03_P2_BULK_TRAPS_FORMAL,enabled_symmetric_teaching_top_stack,0.0,0.0,0.0,0.0,0.01,-1.1930966936239762e-06,1.1930966936239798e-06,-7.158580161743857e-09,7.1585801617438785e-09,3.5998900258307764e-21,3.017265947570658e-15,0.001332691319669748,8792236312879518.0,0.04295948499930091,True
NTA,0.0,0.0,0.0,True,NGA,top_primary,top_gate,bottom_gate,forward,11,interface_4x,T03_P2_BULK_TRAPS_FORMAL,enabled_symmetric_teaching_top_stack,0.05,0.0,0.0,0.05,0.01,-2.243559487785063e-06,2.2435594877850616e-06,-1.3461356926710377e-08,1.346135692671037e-08,-1.2705494208814505e-21,5.663096645303534e-16,0.017648561760206974,1.6481049918011626e+16,0.04392136200112873,True
NTA,0.0,0.0,0.0,True,NGA,top_primary,top_gate,bottom_gate,forward,12,interface_4x,T03_P2_BULK_TRAPS_FORMAL,enabled_symmetric_teaching_top_stack,0.1,0.0,0.0,0.1,0.01,-3.700428574078767e-06,3.7004285740787434e-06,-2.2202571444472604e-08,2.2202571444472462e-08,-2.371692252312041e-20,6.409236673085849e-15,0.030249531738275284,2.676615586916425e+16,0.04420887700325693,True
NTA,0.0,0.0,0.0,True,NGA,top_primary,top_gate,bottom_gate,forward,13,interface_4x,T03_P2_BULK_TRAPS_FORMAL,enabled_symmetric_teaching_top_stack,0.15,0.0,0.0,0.15,0.01,-5.462041732526001e-06,5.462041732526014e-06,-3.277225039515601e-08,3.277225039515609e-08,1.2705494208814505e-20,2.326143744591756e-15,0.039725363314865605,3.854225028782632e+16,0.044550713999342406,True
NTA,0.0,0.0,0.0,True,NGA,top_primary,top_gate,bottom_gate,forward,14,interface_4x,T03_P2_BULK_TRAPS_FORMAL,enabled_symmetric_teaching_top_stack,0.2,0.0,0.0,0.2,0.01,-7.412956638914972e-06,7.4129566389148655e-06,-4.447773983348983e-08,4.447773983348919e-08,-1.0672615135404184e-19,1.4397244790799592e-14,0.04685755866596013,5.071597384095385e+16,0.04223151300175232,True
NTA,0.0,0.0,0.0,True,NGA,top_primary,top_gate,bottom_gate,forward,15,interface_4x,T03_P2_BULK_TRAPS_FORMAL,enabled_symmetric_teaching_top_stack,0.25,0.0,0.0,0.25,0.01,-9.462693911699197e-06,9.462693911699367e-06,-5.677616347019518e-08,5.67761634701962e-08,1.6940658945086007e-19,1.7902575210787624e-14,0.052304628007629216,6.254748623536028e+16,0.04359352300161845,True
NTA,0.0,0.0,0.0,True,NGA,top_primary,top_gate,bottom_gate,forward,16,interface_4x,T03_P2_BULK_TRAPS_FORMAL,enabled_symmetric_teaching_top_stack,0.3,0.0,0.0,0.3,0.01,-1.1549445541373153e-05,1.1549445541373129e-05,-6.929667324823892e-08,6.929667324823877e-08,-2.371692252312041e-20,2.053511784454081e-15,0.056544883007083165,7.36401270624011e+16,0.04234405500028515,True
NTA,0.0,0.0,0.0,True,NGA,top_primary,top_gate,bottom_gate,forward,17,interface_4x,T03_P2_BULK_TRAPS_FORMAL,enabled_symmetric_teaching_top_stack,0.35,0.0,0.0,0.35,0.01,-1.3633155085927868e-05,1.3633155085927829e-05,-8.179893051556721e-08,8.179893051556697e-08,-3.8963515573697816e-20,2.8579969440761315e-15,0.05991023918327385,8.382967866404534e+16,0.04784623700106749,True
NTA,0.0,0.0,0.0,True,NGA,top_primary,top_gate,bottom_gate,forward,18,interface_4x,T03_P2_BULK_TRAPS_FORMAL,enabled_symmetric_teaching_top_stack,0.4,0.0,0.0,0.4,0.01,-1.5688469780507097e-05,1.5688469780507118e-05,-9.413081868304259e-08,9.413081868304271e-08,2.0328790734103208e-20,1.2957790669528316e-15,0.06262985128503153,9.30861550607405e+16,0.042122591999941505,True
NTA,0.0,0.0,0.0,True,NGA,top_primary,top_gate,bottom_gate,forward,19,interface_4x,T03_P2_BULK_TRAPS_FORMAL,enabled_symmetric_teaching_top_stack,0.45,0.0,0.0,0.45,0.01,-1.7699657872945354e-05,1.7699657872945472e-05,-1.0619794723767213e-07,1.0619794723767284e-07,1.1858461261560205e-19,6.699825130341228e-15,0.06486366097371234,1.0144894339019608e+17,0.04353348199947504,True
NTA,0.0,0.0,0.0,True,NGA,top_primary,top_gate,bottom_gate,forward,20,interface_4x,T03_P2_BULK_TRAPS_FORMAL,enabled_symmetric_teaching_top_stack,0.5,0.0,0.0,0.5,0.01,-1.965725697832039e-05,1.9657256978320098e-05,-1.1794354186992233e-07,1.1794354186992059e-07,-2.913793338554793e-19,1.4822990520846118e-14,0.066725187703265,1.0898877096719963e+17,0.03392308100228547,True
NTA,0.0,0.0,0.0,True,NGA,top_primary,top_gate,bottom_gate,forward,21,interface_4x,T03_P2_BULK_TRAPS_FORMAL,enabled_symmetric_teaching_top_stack,0.55,0.0,0.0,0.55,0.01,-2.155591042715199e-05,2.155591042715182e-05,-1.2933546256291194e-07,1.293354625629109e-07,-1.6940658945086007e-19,7.858939200149684e-15,0.0682964942120616,1.1578688929258678e+17,0.03507528499903856,True
NTA,0.0,0.0,0.0,True,NGA,top_primary,top_gate,bottom_gate,forward,22,interface_4x,T03_P2_BULK_TRAPS_FORMAL,enabled_symmetric_teaching_top_stack,0.6,0.0,0.0,0.6,0.01,-2.3392967118616967e-05,2.3392967118617238e-05,-1.403578027117018e-07,1.4035780271170343e-07,2.710505431213761e-19,1.1586838973738444e-14,0.06963798865793097,1.2192435109110224e+17,0.034953473001223756,True
NTA,0.0,0.0,0.0,True,NGA,top_primary,top_gate,bottom_gate,forward,23,interface_4x,T03_P2_BULK_TRAPS_FORMAL,enabled_symmetric_teaching_top_stack,0.65,0.0,0.0,0.65,0.01,-2.5167565654035183e-05,2.5167565654034624e-05,-1.510053939242111e-07,1.5100539392420775e-07,-5.590417451878382e-19,2.2212785808237498e-14,0.07079490921126312,1.274769258296556e+17,0.033124931000202196,True
NTA,0.0,0.0,0.0,True,NGA,top_primary,top_gate,bottom_gate,forward,24,interface_4x,T03_P2_BULK_TRAPS_FORMAL,enabled_symmetric_teaching_top_stack,0.7,0.0,0.0,0.7,0.01,-2.6880027442441277e-05,2.6880027442442047e-05,-1.6128016465464766e-07,1.612801646546523e-07,7.691059161069047e-19,2.861254207250287e-14,0.07180167864808575,1.3251305666177562e+17,0.034731708001345396,True
NTA,0.0,0.0,0.0,True,NGA,top_primary,top_gate,bottom_gate,forward,25,interface_4x,T03_P2_BULK_TRAPS_FORMAL,enabled_symmetric_teaching_top_stack,0.75,0.0,0.0,0.75,0.01,-2.85314494905187e-05,2.8531449490519663e-05,-1.711886969431122e-07,1.7118869694311798e-07,9.622294280808852e-19,3.372522059913611e-14,0.07268487779972853,1.3709339733937157e+17,0.03335287799927755,True
NTA,0.0,0.0,0.0,True,NGA,top_primary,top_gate,bottom_gate,forward,26,interface_4x,T03_P2_BULK_TRAPS_FORMAL,enabled_symmetric_teaching_top_stack,0.8,0.0,0.0,0.8,0.01,-3.012342820263897e-05,3.012342820263873e-05,-1.807405692158338e-07,1.807405692158324e-07,-2.371692252312041e-19,7.873248145455995e-15,0.07346531051699728,1.4127112492585208e+17,0.033815421997132944,True
NTA,0.0,0.0,0.0,True,NGA,top_primary,top_gate,bottom_gate,forward,27,interface_4x,T03_P2_BULK_TRAPS_FORMAL,enabled_symmetric_teaching_top_stack,0.85,0.0,0.0,0.85,0.01,-3.165787043737222e-05,3.165787043737322e-05,-1.899472226242333e-07,1.899472226242393e-07,1.0028870095490916e-18,3.167891572280707e-14,0.07415946144285523,1.4509259459244374e+17,0.03488811599891051,True
NTA,0.0,0.0,0.0,True,NGA,top_primary,top_gate,bottom_gate,forward,28,interface_4x,T03_P2_BULK_TRAPS_FORMAL,enabled_symmetric_teaching_top_stack,0.9,0.0,0.0,0.9,0.01,-3.3136863501807014e-05,3.313686350180507e-05,-1.988211810108421e-07,1.9882118101083043e-07,-1.9447876468958736e-18,5.868955119393907e-14,0.07478054131688958,1.4859810845960803e+17,0.03450734400030342,True
NTA,0.0,0.0,0.0,True,NGA,top_primary,top_gate,bottom_gate,forward,29,interface_4x,T03_P2_BULK_TRAPS_FORMAL,enabled_symmetric_teaching_top_stack,0.95,0.0,0.0,0.95,0.01,-3.456258546147579e-05,3.456258546147611e-05,-2.073755127688547e-07,2.0737551276885667e-07,3.2526065174565133e-19,9.410773164183302e-15,0.07533924759837274,1.518226833779193e+17,0.033249724001507275,True
NTA,0.0,0.0,0.0,True,NGA,top_primary,top_gate,bottom_gate,forward,30,interface_4x,T03_P2_BULK_TRAPS_FORMAL,enabled_symmetric_teaching_top_stack,1.0,0.0,0.0,1.0,0.01,-3.593724333278649e-05,3.593724333278673e-05,-2.1562345999671894e-07,2.156234599967204e-07,2.439454888092385e-19,6.7880968651448835e-15,0.07584432558886496,1.5479676378982486e+17,0.03355192199887824,True
NTA,1e+18,1e+18,0.0,False,NGA,top_primary,top_gate,bottom_gate,forward,0,interface_4x,T03_P2_BULK_TRAPS_FORMAL,enabled_symmetric_teaching_top_stack,-0.5,0.0,0.0,-0.5,0.01,-2.056964084139886e-10,2.0569640841638268e-10,-1.2341784504839318e-12,1.2341784504982962e-12,2.3940674878816003e-21,1.1638839522347853e-11,-0.2396809817719346,789847080178.63,0.07688363099805429,True
NTA,1e+18,1e+18,0.0,False,NGA,top_primary,top_gate,bottom_gate,forward,1,interface_4x,T03_P2_BULK_TRAPS_FORMAL,enabled_symmetric_teaching_top_stack,-0.45,0.0,0.0,-0.45,0.01,-4.8115105024213e-10,4.811510502470789e-10,-2.88690630145278e-12,2.8869063014824734e-12,4.9489182073281955e-21,1.0285581221919489e-11,-0.21487754296741315,2061583397080.292,0.06178878499849816,True
NTA,1e+18,1e+18,0.0,False,NGA,top_primary,top_gate,bottom_gate,forward,2,interface_4x,T03_P2_BULK_TRAPS_FORMAL,enabled_symmetric_teaching_top_stack,-0.4,0.0,0.0,-0.4,0.01,-1.1314054088588696e-09,1.1314054088504654e-09,-6.788432453153217e-12,6.788432453102792e-12,-8.404155023538761e-21,7.428066860680076e-12,-0.19014470994278773,5366173834244.322,0.061481306998757645,True
NTA,1e+18,1e+18,0.0,False,NGA,top_primary,top_gate,bottom_gate,forward,3,interface_4x,T03_P2_BULK_TRAPS_FORMAL,enabled_symmetric_teaching_top_stack,-0.35,0.0,0.0,-0.35,0.01,-2.673911346588034e-09,2.6739113465772424e-09,-1.6043468079528206e-11,1.6043468079463453e-11,-1.0791811861673076e-20,4.035964720911054e-12,-0.16550978216949452,13914650492993.615,0.06342876099733985,True
NTA,1e+18,1e+18,0.0,False,NGA,top_primary,top_gate,bottom_gate,forward,4,interface_4x,T03_P2_BULK_TRAPS_FORMAL,enabled_symmetric_teaching_top_stack,-0.3,0.0,0.0,-0.3,0.01,-6.346984593832114e-09,6.34698459383551e-09,-3.8081907562992684e-11,3.808190756301306e-11,3.3955764145301786e-21,5.349904926235558e-13,-0.1410131246386995,35887198782182.164,0.07430918800309882,True
NTA,1e+18,1e+18,0.0,False,NGA,top_primary,top_gate,bottom_gate,forward,5,interface_4x,T03_P2_BULK_TRAPS_FORMAL,enabled_symmetric_teaching_top_stack,-0.25,0.0,0.0,-0.25,0.01,-1.5107602026398e-08,1.5107602026403093e-08,-9.0645612158388e-11,9.064561215841856e-11,5.092123850876438e-21,3.370570552478871e-13,-0.11671761347585828,91833208251793.9,0.07571100999848568,True
NTA,1e+18,1e+18,0.0,False,NGA,top_primary,top_gate,bottom_gate,forward,6,interface_4x,T03_P2_BULK_TRAPS_FORMAL,enabled_symmetric_teaching_top_stack,-0.2,0.0,0.0,-0.2,0.01,-3.594392871548144e-08,3.594392871548512e-08,-2.1566357229288866e-10,2.1566357229291073e-10,3.679299364635867e-21,1.0236219289659275e-13,-0.09272767189302898,232209109700080.38,0.07745421200161218,True
NTA,1e+18,1e+18,0.0,False,NGA,top_primary,top_gate,bottom_gate,forward,7,interface_4x,T03_P2_BULK_TRAPS_FORMAL,enabled_symmetric_teaching_top_stack,-0.15,0.0,0.0,-0.15,0.01,-8.493305918935734e-08,8.493305918935308e-08,-5.09598355136144e-10,5.095983551361185e-10,-4.2616345158731986e-21,5.0176392520748963e-14,-0.0692271764507871,576040523903935.9,0.0773311390003073,True
NTA,1e+18,1e+18,0.0,False,NGA,top_primary,top_gate,bottom_gate,forward,8,interface_4x,T03_P2_BULK_TRAPS_FORMAL,enabled_symmetric_teaching_top_stack,-0.1,0.0,0.0,-0.1,0.01,-1.9690546989613998e-07,1.9690546989614184e-07,-1.1814328193768398e-09,1.181432819376851e-09,1.852884572118782e-21,9.410020824185786e-15,-0.046546741347294154,1383903483295796.2,0.07450845399944228,True
NTA,1e+18,1e+18,0.0,False,NGA,top_primary,top_gate,bottom_gate,forward,9,interface_4x,T03_P2_BULK_TRAPS_FORMAL,enabled_symmetric_teaching_top_stack,-0.05,0.0,0.0,-0.05,0.01,-4.3851795753121633e-07,4.385179575312165e-07,-2.631107745187298e-09,2.631107745187299e-09,1.5881867761018131e-22,3.621714342197163e-16,-0.0252463575505628,3150297921701694.0,0.07493281699862564,True
NTA,1e+18,1e+18,0.0,False,NGA,top_primary,top_gate,bottom_gate,forward,10,interface_4x,T03_P2_BULK_TRAPS_FORMAL,enabled_symmetric_teaching_top_stack,0.0,0.0,0.0,0.0,0.01,-9.104831443388195e-07,9.104831443388179e-07,-5.4628988660329174e-09,5.4628988660329075e-09,-1.5881867761018131e-21,1.744334077985741e-15,-0.006109500271255406,6591636501383881.0,0.06304647499928251,True
NTA,1e+18,1e+18,0.0,False,NGA,top_primary,top_gate,bottom_gate,forward,11,interface_4x,T03_P2_BULK_TRAPS_FORMAL,enabled_symmetric_teaching_top_stack,0.05,0.0,0.0,0.05,0.01,-1.7123716122560194e-06,1.7123716122560183e-06,-1.0274229673536117e-08,1.027422967353611e-08,-1.0587911840678754e-21,6.183185802017219e-16,0.010122135560666958,1.2321559674754498e+16,0.06301033400086453,True
NTA,1e+18,1e+18,0.0,False,NGA,top_primary,top_gate,bottom_gate,forward,12,interface_4x,T03_P2_BULK_TRAPS_FORMAL,enabled_symmetric_teaching_top_stack,0.1,0.0,0.0,0.1,0.01,-2.881633781944078e-06,2.8816337819440594e-06,-1.7289802691664467e-08,1.7289802691664358e-08,-1.8634724839594607e-20,6.466722092292656e-15,0.023163508237993558,2.0359642105280268e+16,0.06262204499944346,True
NTA,1e+18,1e+18,0.0,False,NGA,top_primary,top_gate,bottom_gate,forward,13,interface_4x,T03_P2_BULK_TRAPS_FORMAL,enabled_symmetric_teaching_top_stack,0.15,0.0,0.0,0.15,0.01,-4.3749357591779845e-06,4.3749357591779795e-06,-2.6249614555067906e-08,2.6249614555067876e-08,-5.082197683525802e-21,1.161662242208719e-15,0.03329088344571338,3.006648563879176e+16,0.06234487099936814,True
NTA,1e+18,1e+18,0.0,False,NGA,top_primary,top_gate,bottom_gate,forward,14,interface_4x,T03_P2_BULK_TRAPS_FORMAL,enabled_symmetric_teaching_top_stack,0.2,0.0,0.0,0.2,0.01,-6.10661991906504e-06,6.106619919065079e-06,-3.663971951439024e-08,3.663971951439048e-08,3.8963515573697816e-20,6.380537202266735e-15,0.041070036872419925,4.056345909284269e+16,0.06354885299879243,True
NTA,1e+18,1e+18,0.0,False,NGA,top_primary,top_gate,bottom_gate,forward,15,interface_4x,T03_P2_BULK_TRAPS_FORMAL,enabled_symmetric_teaching_top_stack,0.25,0.0,0.0,0.25,0.01,-7.990523493979698e-06,7.990523493979732e-06,-4.794314096387819e-08,4.7943140963878396e-08,3.3881317890172014e-20,4.240187506575643e-15,0.04707546618099443,5.111489849865846e+16,0.0656215240014717,True
NTA,1e+18,1e+18,0.0,False,NGA,top_primary,top_gate,bottom_gate,forward,16,interface_4x,T03_P2_BULK_TRAPS_FORMAL,enabled_symmetric_teaching_top_stack,0.3,0.0,0.0,0.3,0.01,-9.957922436944943e-06,9.95792243694497e-06,-5.974753462166966e-08,5.974753462166982e-08,2.710505431213761e-20,2.721958770393202e-15,0.051772039740405895,6.1247501385830264e+16,0.06375832800040371,True
NTA,1e+18,1e+18,0.0,False,NGA,top_primary,top_gate,bottom_gate,forward,17,interface_4x,T03_P2_BULK_TRAPS_FORMAL,enabled_symmetric_teaching_top_stack,0.35,0.0,0.0,0.35,0.01,-1.1959263799055022e-05,1.195926379905493e-05,-7.175558279433014e-08,7.175558279432958e-08,-9.147955830346444e-20,7.64926335270678e-15,0.055503560950806434,7.071297535791408e+16,0.06628487799753202,True
NTA,1e+18,1e+18,0.0,False,NGA,top_primary,top_gate,bottom_gate,forward,18,interface_4x,T03_P2_BULK_TRAPS_FORMAL,enabled_symmetric_teaching_top_stack,0.4,0.0,0.0,0.4,0.01,-1.3960469974581865e-05,1.3960469974582006e-05,-8.376281984749119e-08,8.376281984749204e-08,1.4060746924421386e-19,1.0071829207771626e-14,0.05851645100722728,7.941359678048298e+16,0.06355673800135264,True
NTA,1e+18,1e+18,0.0,False,NGA,top_primary,top_gate,bottom_gate,forward,19,interface_4x,T03_P2_BULK_TRAPS_FORMAL,enabled_symmetric_teaching_top_stack,0.45,0.0,0.0,0.45,0.01,-1.593871996999098e-05,1.5938719969990553e-05,-9.563231981994588e-08,9.563231981994332e-08,-4.2690460541616737e-19,2.6784121072453283e-14,0.06098650365838917,8.733976117388957e+16,0.06328262100214488,True
NTA,1e+18,1e+18,0.0,False,NGA,top_primary,top_gate,bottom_gate,forward,20,interface_4x,T03_P2_BULK_TRAPS_FORMAL,enabled_symmetric_teaching_top_stack,0.5,0.0,0.0,0.5,0.01,-1.787906648122641e-05,1.7879066481226356e-05,-1.0727439888735846e-07,1.0727439888735813e-07,-5.421010862427522e-20,3.032043573482853e-15,0.06304005893429791,9.452821843530101e+16,0.06359918200178072,True
NTA,1e+18,1e+18,0.0,False,NGA,top_primary,top_gate,bottom_gate,forward,21,interface_4x,T03_P2_BULK_TRAPS_FORMAL,enabled_symmetric_teaching_top_stack,0.55,0.0,0.0,0.55,0.01,-1.9771995437083207e-05,1.977199543708286e-05,-1.1863197262249925e-07,1.1863197262249717e-07,-3.4558944247975454e-19,1.7478733675589822e-14,0.06476907151321082,1.0103694738386245e+17,0.05219762900014757,True
NTA,1e+18,1e+18,0.0,False,NGA,top_primary,top_gate,bottom_gate,forward,22,interface_4x,T03_P2_BULK_TRAPS_FORMAL,enabled_symmetric_teaching_top_stack,0.6,0.0,0.0,0.6,0.01,-2.1611729659277237e-05,2.161172965927748e-05,-1.2967037795566343e-07,1.2967037795566488e-07,2.439454888092385e-19,1.1287642990875448e-14,0.06624145510688034,1.0693101805295134e+17,0.051611958999274066,True
NTA,1e+18,1e+18,0.0,False,NGA,top_primary,top_gate,bottom_gate,forward,23,interface_4x,T03_P2_BULK_TRAPS_FORMAL,enabled_symmetric_teaching_top_stack,0.65,0.0,0.0,0.65,0.01,-2.339506244280655e-05,2.3395062442806136e-05,-1.403703746568393e-07,1.4037037465683682e-07,-4.1335207826009857e-19,1.7668346868943493e-14,0.06750812568473659,1.1227510314460531e+17,0.05159219000051962,True
NTA,1e+18,1e+18,0.0,False,NGA,top_primary,top_gate,bottom_gate,forward,24,interface_4x,T03_P2_BULK_TRAPS_FORMAL,enabled_symmetric_teaching_top_stack,0.7,0.0,0.0,0.7,0.01,-2.512055523251343e-05,2.5120555232513144e-05,-1.5072333139508057e-07,1.5072333139507888e-07,-2.846030702774449e-19,1.132948964078168e-14,0.06860781719995461,1.1712982050009917e+17,0.05047406399899046,True
NTA,1e+18,1e+18,0.0,False,NGA,top_primary,top_gate,bottom_gate,forward,25,interface_4x,T03_P2_BULK_TRAPS_FORMAL,enabled_symmetric_teaching_top_stack,0.75,0.0,0.0,0.75,0.01,-2.6787982965340644e-05,2.6787982965341033e-05,-1.6072789779204386e-07,1.607278977920462e-07,3.8963515573697816e-19,1.4545147211759018e-14,0.06957040727900948,1.2155020484100349e+17,0.05060016500283382,True
NTA,1e+18,1e+18,0.0,False,NGA,top_primary,top_gate,bottom_gate,forward,26,interface_4x,T03_P2_BULK_TRAPS_FORMAL,enabled_symmetric_teaching_top_stack,0.8,0.0,0.0,0.8,0.01,-2.8397948087667953e-05,2.8397948087669403e-05,-1.7038768852600773e-07,1.7038768852601642e-07,1.4501204056993622e-18,5.1064267080937975e-14,0.07041924293082755,1.2558531990380466e+17,0.05075985200164723,True
NTA,1e+18,1e+18,0.0,False,NGA,top_primary,top_gate,bottom_gate,forward,27,interface_4x,T03_P2_BULK_TRAPS_FORMAL,enabled_symmetric_teaching_top_stack,0.85,0.0,0.0,0.85,0.01,-2.9951610175357674e-05,2.9951610175356447e-05,-1.7970966105214605e-07,1.797096610521387e-07,-1.2265037076242269e-18,4.094950823823549e-14,0.07117278911373069,1.2927845021612472e+17,0.052328335001220694,True
NTA,1e+18,1e+18,0.0,False,NGA,top_primary,top_gate,bottom_gate,forward,28,interface_4x,T03_P2_BULK_TRAPS_FORMAL,enabled_symmetric_teaching_top_stack,0.9,0.0,0.0,0.9,0.01,-3.1450495450922346e-05,3.14504954509227e-05,-1.8870297270553408e-07,1.887029727055362e-07,3.5236570605778894e-19,1.1203820512387228e-14,0.07184581339428414,1.3266756102782699e+17,0.05398667299959925,True
NTA,1e+18,1e+18,0.0,False,NGA,top_primary,top_gate,bottom_gate,forward,29,interface_4x,T03_P2_BULK_TRAPS_FORMAL,enabled_symmetric_teaching_top_stack,0.95,0.0,0.0,0.95,0.01,-3.2896362019584074e-05,3.289636201958139e-05,-1.9737817211750446e-07,1.9737817211748834e-07,-2.6834003769016235e-18,8.157134139343811e-14,0.07245024869093095,1.3578585748801736e+17,0.05562462599846185,True
NTA,1e+18,1e+18,0.0,False,NGA,top_primary,top_gate,bottom_gate,forward,30,interface_4x,T03_P2_BULK_TRAPS_FORMAL,enabled_symmetric_teaching_top_stack,1.0,0.0,0.0,1.0,0.01,-3.429110430601642e-05,3.429110430601587e-05,-2.0574662583609853e-07,2.0574662583609525e-07,-5.488773498207866e-19,1.6006406353162715e-14,0.0729958296889027,1.3866235469766674e+17,0.054017474001739174,True
NTA,5e+18,5e+18,0.0,False,NGA,top_primary,top_gate,bottom_gate,forward,0,interface_4x,T03_P2_BULK_TRAPS_FORMAL,enabled_symmetric_teaching_top_stack,-0.5,0.0,0.0,-0.5,0.01,-1.8954532286218618e-10,1.8954532286555717e-10,-1.137271937173117e-12,1.1372719371933432e-12,3.3709936407008683e-21,1.7784631083151992e-11,-0.24185541447732692,725792009920.1151,0.0905451609978627,True
NTA,5e+18,5e+18,0.0,False,NGA,top_primary,top_gate,bottom_gate,forward,1,interface_4x,T03_P2_BULK_TRAPS_FORMAL,enabled_symmetric_teaching_top_stack,-0.45,0.0,0.0,-0.45,0.01,-4.3164659374933355e-10,4.316465937483789e-10,-2.5898795624960014e-12,2.5898795624902734e-12,-9.54669824462763e-22,2.211693172811553e-12,-0.21777212371982752,1842084534724.27,0.07810993399834842,True
NTA,5e+18,5e+18,0.0,False,NGA,top_primary,top_gate,bottom_gate,forward,2,interface_4x,T03_P2_BULK_TRAPS_FORMAL,enabled_symmetric_teaching_top_stack,-0.4,0.0,0.0,-0.4,0.01,-9.799372937239838e-10,9.799372937397145e-10,-5.879623762343903e-12,5.8796237624382875e-12,1.5730700504074066e-20,1.6052762359968275e-11,-0.1939859288262883,4621588185390.065,0.07459015299900784,True
NTA,5e+18,5e+18,0.0,False,NGA,top_primary,top_gate,bottom_gate,forward,3,interface_4x,T03_P2_BULK_TRAPS_FORMAL,enabled_symmetric_teaching_top_stack,-0.35,0.0,0.0,-0.35,0.01,-2.2124817339813442e-09,2.212481733969753e-09,-1.3274890403888066e-11,1.3274890403818518e-11,-1.1591281923705577e-20,5.239040732258229e-12,-0.17058425875266986,11423064817440.248,0.07435504800014314,True
NTA,5e+18,5e+18,0.0,False,NGA,top_primary,top_gate,bottom_gate,forward,4,interface_4x,T03_P2_BULK_TRAPS_FORMAL,enabled_symmetric_teaching_top_stack,-0.3,0.0,0.0,-0.3,0.01,-4.952441033293498e-09,4.952441033272445e-09,-2.971464619976099e-11,2.971464619963467e-11,-2.1052573770087107e-20,4.250948901472658e-12,-0.14767427860372562,27699821957875.49,0.07588316300098086,True
NTA,5e+18,5e+18,0.0,False,NGA,top_primary,top_gate,bottom_gate,forward,5,interface_4x,T03_P2_BULK_TRAPS_FORMAL,enabled_symmetric_teaching_top_stack,-0.25,0.0,0.0,-0.25,0.01,-1.0947500038257493e-08,1.0947500038262355e-08,-6.568500022954496e-11,6.568500022957413e-11,4.862167640586697e-21,4.4413497360977817e-13,-0.1253842626019894,65571102405384.02,0.0774980729984236,True
NTA,5e+18,5e+18,0.0,False,NGA,top_primary,top_gate,bottom_gate,forward,6,interface_4x,T03_P2_BULK_TRAPS_FORMAL,enabled_symmetric_teaching_top_stack,-0.2,0.0,0.0,-0.2,0.01,-2.3784033931109024e-08,2.37840339310922e-08,-1.4270420358665416e-10,1.427042035865532e-10,-1.6824853659328583e-20,7.074011796342934e-13,-0.10386402977491721,150648680153190.5,0.0766380940003728,True
NTA,5e+18,5e+18,0.0,False,NGA,top_primary,top_gate,bottom_gate,forward,7,interface_4x,T03_P2_BULK_TRAPS_FORMAL,enabled_symmetric_teaching_top_stack,-0.15,0.0,0.0,-0.15,0.01,-5.0495024755194834e-08,5.049502475519773e-08,-3.02970148531169e-10,3.029701485311864e-10,2.898440866385809e-21,5.740052372362598e-14,-0.08328453904529012,333700369256418.56,0.07548401099847979,True
NTA,5e+18,5e+18,0.0,False,NGA,top_primary,top_gate,bottom_gate,forward,8,interface_4x,T03_P2_BULK_TRAPS_FORMAL,enabled_symmetric_teaching_top_stack,-0.1,0.0,0.0,-0.1,0.01,-1.040654887488205e-07,1.0406548874880812e-07,-6.243929324929231e-10,6.243929324928488e-10,-1.2387856853594142e-20,1.1903904937682376e-13,-0.06383659407683735,707416247443838.9,0.06585839399849647,True
NTA,5e+18,5e+18,0.0,False,NGA,top_primary,top_gate,bottom_gate,forward,9,interface_4x,T03_P2_BULK_TRAPS_FORMAL,enabled_symmetric_teaching_top_stack,-0.05,0.0,0.0,-0.05,0.01,-2.066168608014523e-07,2.0661686080145492e-07,-1.2397011648087137e-09,1.2397011648087295e-09,2.6205081805679917e-21,1.2682934831180724e-14,-0.04572718123976602,1423768107102905.0,0.06520560600256431,True
NTA,5e+18,5e+18,0.0,False,NGA,top_primary,top_gate,bottom_gate,forward,10,interface_4x,T03_P2_BULK_TRAPS_FORMAL,enabled_symmetric_teaching_top_stack,0.0,0.0,0.0,0.0,0.01,-3.91975946840001e-07,3.9197594684000957e-07,-2.351855681040006e-09,2.3518556810400576e-09,8.576208590949791e-21,2.187942566396884e-14,-0.029168770943368387,2698249240143719.5,0.06509229600123945,True
NTA,5e+18,5e+18,0.0,False,NGA,top_primary,top_gate,bottom_gate,forward,11,interface_4x,T03_P2_BULK_TRAPS_FORMAL,enabled_symmetric_teaching_top_stack,0.05,0.0,0.0,0.05,0.01,-7.048500910147564e-07,7.048500910147523e-07,-4.229100546088538e-09,4.2291005460885135e-09,-4.129285617864714e-21,5.8583884296870514e-15,-0.014354533111469555,4779379407876075.0,0.06234230699919863,True
NTA,5e+18,5e+18,0.0,False,NGA,top_primary,top_gate,bottom_gate,forward,12,interface_4x,T03_P2_BULK_TRAPS_FORMAL,enabled_symmetric_teaching_top_stack,0.1,0.0,0.0,0.1,0.01,-1.1936584769461716e-06,1.1936584769461665e-06,-7.16195086167703e-09,7.161950861676999e-09,-5.082197683525802e-21,4.2576648025220575e-15,-0.001417590282884221,7872243689811114.0,0.06348010799774784,True
NTA,5e+18,5e+18,0.0,False,NGA,top_primary,top_gate,bottom_gate,forward,13,interface_4x,T03_P2_BULK_TRAPS_FORMAL,enabled_symmetric_teaching_top_stack,0.15,0.0,0.0,0.15,0.01,-1.8975962956374207e-06,1.8975962956374258e-06,-1.1385577773824524e-08,1.1385577773824556e-08,5.082197683525802e-21,2.6782291339890234e-15,0.009611612652954548,1.2044492257782322e+16,0.0650094539996644,True
NTA,5e+18,5e+18,0.0,False,NGA,top_primary,top_gate,bottom_gate,forward,14,interface_4x,T03_P2_BULK_TRAPS_FORMAL,enabled_symmetric_teaching_top_stack,0.2,0.0,0.0,0.2,0.01,-2.834253687605525e-06,2.834253687605538e-06,-1.700552212563315e-08,1.7005522125633227e-08,1.2705494208814505e-20,4.482835909988173e-15,0.01882329933457859,1.7178757335720634e+16,0.0659729939980025,True
NTA,5e+18,5e+18,0.0,False,NGA,top_primary,top_gate,bottom_gate,forward,15,interface_4x,T03_P2_BULK_TRAPS_FORMAL,enabled_symmetric_teaching_top_stack,0.25,0.0,0.0,0.25,0.01,-3.99529192899897e-06,3.995291928998976e-06,-2.3971751573993823e-08,2.397175157399386e-08,5.929230630780102e-21,1.4840544160851035e-15,0.02640718105121269,2.3010028402724164e+16,0.06511470199984615,True
NTA,5e+18,5e+18,0.0,False,NGA,top_primary,top_gate,bottom_gate,forward,16,interface_4x,T03_P2_BULK_TRAPS_FORMAL,enabled_symmetric_teaching_top_stack,0.3,0.0,0.0,0.3,0.01,-5.351630756486959e-06,5.351630756486944e-06,-3.210978453892175e-08,3.210978453892167e-08,-1.5246593050577406e-20,2.8489620723732305e-15,0.032605511506812714,2.9217352554915824e+16,0.06247611400249298,True
NTA,5e+18,5e+18,0.0,False,NGA,top_primary,top_gate,bottom_gate,forward,17,interface_4x,T03_P2_BULK_TRAPS_FORMAL,enabled_symmetric_teaching_top_stack,0.35,0.0,0.0,0.35,0.01,-6.8632689986701254e-06,6.863268998670111e-06,-4.1179613992020756e-08,4.117961399202067e-08,-1.4399560103323106e-20,2.0980614494511675e-15,0.037666578969913385,3.550823493409199e+16,0.06594249000045238,True
NTA,5e+18,5e+18,0.0,False,NGA,top_primary,top_gate,bottom_gate,forward,18,interface_4x,T03_P2_BULK_TRAPS_FORMAL,enabled_symmetric_teaching_top_stack,0.4,0.0,0.0,0.4,0.01,-8.488229228515846e-06,8.488229228515915e-06,-5.0929375371095076e-08,5.092937537109549e-08,6.945670167485263e-20,8.182708054291845e-15,0.04181472450325457,4.166201798215656e+16,0.06571691399949486,True
NTA,5e+18,5e+18,0.0,False,NGA,top_primary,top_gate,bottom_gate,forward,19,interface_4x,T03_P2_BULK_TRAPS_FORMAL,enabled_symmetric_teaching_top_stack,0.45,0.0,0.0,0.45,0.01,-1.018817440164808e-05,1.0188174401648166e-05,-6.112904640988848e-08,6.1129046409889e-08,8.639736061993863e-20,8.480161137206478e-15,0.04523796204515018,4.753588395230748e+16,0.06723817499732831,True
NTA,5e+18,5e+18,0.0,False,NGA,top_primary,top_gate,bottom_gate,forward,20,interface_4x,T03_P2_BULK_TRAPS_FORMAL,enabled_symmetric_teaching_top_stack,0.5,0.0,0.0,0.5,0.01,-1.1930874618259558e-05,1.1930874618259421e-05,-7.158524770955735e-08,7.158524770955653e-08,-1.3721933745519665e-19,1.1501196839768132e-14,0.04808714029226626,5.3051379220947656e+16,0.06276470800003153,True
NTA,5e+18,5e+18,0.0,False,NGA,top_primary,top_gate,bottom_gate,forward,21,interface_4x,T03_P2_BULK_TRAPS_FORMAL,enabled_symmetric_teaching_top_stack,0.55,0.0,0.0,0.55,0.01,-1.369063837736436e-05,1.3690638377364435e-05,-8.214383026418616e-08,8.214383026418661e-08,7.453889935837843e-20,5.4445159753556945e-15,0.05048050159749601,5.817594658245161e+16,0.06585383600031491,True
NTA,5e+18,5e+18,0.0,False,NGA,top_primary,top_gate,bottom_gate,forward,22,interface_4x,T03_P2_BULK_TRAPS_FORMAL,enabled_symmetric_teaching_top_stack,0.6,0.0,0.0,0.6,0.01,-1.5447727392103557e-05,1.5447727392103418e-05,-9.268636435262135e-08,9.268636435262051e-08,-1.3891340334970526e-19,8.992481536197608e-15,0.05250977360451285,6.290659441898558e+16,0.06305018399871187,True
NTA,5e+18,5e+18,0.0,False,NGA,top_primary,top_gate,bottom_gate,forward,23,interface_4x,T03_P2_BULK_TRAPS_FORMAL,enabled_symmetric_teaching_top_stack,0.65,0.0,0.0,0.65,0.01,-1.718740290542667e-05,1.718740290542675e-05,-1.0312441743256003e-07,1.031244174325605e-07,8.131516293641283e-20,4.73109075197966e-15,0.05424595407297056,6.725776410262191e+16,0.053586483001708984,True
NTA,5e+18,5e+18,0.0,False,NGA,top_primary,top_gate,bottom_gate,forward,24,interface_4x,T03_P2_BULK_TRAPS_FORMAL,enabled_symmetric_teaching_top_stack,0.7,0.0,0.0,0.7,0.01,-1.8898938324195803e-05,1.8898938324195918e-05,-1.1339362994517482e-07,1.1339362994517551e-07,1.1519648082658485e-19,6.095394294138797e-15,0.055744144750322036,7.125314323480611e+16,0.05208276499979547,True
NTA,5e+18,5e+18,0.0,False,NGA,top_primary,top_gate,bottom_gate,forward,25,interface_4x,T03_P2_BULK_TRAPS_FORMAL,enabled_symmetric_teaching_top_stack,0.75,0.0,0.0,0.75,0.01,-2.057474044265676e-05,2.0574740442657254e-05,-1.2344844265594056e-07,1.2344844265594353e-07,4.946672411965114e-19,2.4042453540309376e-14,0.05704735309242453,7.492048515306555e+16,0.05303355100113549,True
NTA,5e+18,5e+18,0.0,False,NGA,top_primary,top_gate,bottom_gate,forward,26,interface_4x,T03_P2_BULK_TRAPS_FORMAL,enabled_symmetric_teaching_top_stack,0.8,0.0,0.0,0.8,0.01,-2.2209621477909012e-05,2.2209621477908595e-05,-1.3325772886745407e-07,1.3325772886745158e-07,-4.1674021004911577e-19,1.876394923991073e-14,0.058189393396932965,7.828849971634472e+16,0.05252399299934041,True
NTA,5e+18,5e+18,0.0,False,NGA,top_primary,top_gate,bottom_gate,forward,27,interface_4x,T03_P2_BULK_TRAPS_FORMAL,enabled_symmetric_teaching_top_stack,0.85,0.0,0.0,0.85,0.01,-2.3800218874471247e-05,2.3800218874471697e-05,-1.4280131324682747e-07,1.428013132468302e-07,4.506215279392878e-19,1.89335035243154e-14,0.059197069709272646,8.138509011866618e+16,0.05271269699733239,True
NTA,5e+18,5e+18,0.0,False,NGA,top_primary,top_gate,bottom_gate,forward,28,interface_4x,T03_P2_BULK_TRAPS_FORMAL,enabled_symmetric_teaching_top_stack,0.9,0.0,0.0,0.9,0.01,-2.534454289752293e-05,2.5344542897523754e-05,-1.5206725738513758e-07,1.5206725738514253e-07,8.233160247311799e-19,3.248494273738197e-14,0.06009181022106313,8.423643042747203e+16,0.05416921000141883,True
NTA,5e+18,5e+18,0.0,False,NGA,top_primary,top_gate,bottom_gate,forward,29,interface_4x,T03_P2_BULK_TRAPS_FORMAL,enabled_symmetric_teaching_top_stack,0.95,0.0,0.0,0.95,0.01,-2.6841628303573455e-05,2.684162830357161e-05,-1.6104976982144073e-07,1.6104976982142967e-07,-1.8431436932253575e-18,6.866735774669743e-14,0.06089089157769046,8.686655145883896e+16,0.053007313999842154,True
NTA,5e+18,5e+18,0.0,False,NGA,top_primary,top_gate,bottom_gate,forward,30,interface_4x,T03_P2_BULK_TRAPS_FORMAL,enabled_symmetric_teaching_top_stack,1.0,0.0,0.0,1.0,0.01,-2.8291268098711062e-05,2.8291268098711543e-05,-1.6974760859226637e-07,1.6974760859226926e-07,4.811147140404426e-19,1.7005767021887356e-14,0.06160835942674182,8.929722385755285e+16,0.05076995099807391,True
NTA,5e+19,5e+19,0.0,False,NGA,top_primary,top_gate,bottom_gate,forward,0,interface_4x,T03_P2_BULK_TRAPS_FORMAL,enabled_symmetric_teaching_top_stack,-0.5,0.0,0.0,-0.5,0.01,-9.285454340600984e-11,9.285454342049525e-11,-5.571272604360591e-13,5.571272605229715e-13,1.4485405941269625e-20,1.5600104645038128e-10,-0.26082624234663915,347302098752.5077,0.10033933200247702,True
NTA,5e+19,5e+19,0.0,False,NGA,top_primary,top_gate,bottom_gate,forward,1,interface_4x,T03_P2_BULK_TRAPS_FORMAL,enabled_symmetric_teaching_top_stack,-0.45,0.0,0.0,-0.45,0.01,-1.7737445359734066e-10,1.7737445357485776e-10,-1.064246721584044e-12,1.0642467214491466e-12,-2.2482898296162004e-20,1.2675386923080048e-10,-0.24147512045457256,733614693742.3906,0.06454823999956716,True
NTA,5e+19,5e+19,0.0,False,NGA,top_primary,top_gate,bottom_gate,forward,2,interface_4x,T03_P2_BULK_TRAPS_FORMAL,enabled_symmetric_teaching_top_stack,-0.4,0.0,0.0,-0.4,0.01,-3.2833537097079434e-10,3.283353709316243e-10,-1.970012225824766e-12,1.970012225589746e-12,-3.917005223289465e-20,1.1929891110141422e-10,-0.22319863683223853,1486466071699.9436,0.06496666000020923,True
NTA,5e+19,5e+19,0.0,False,NGA,top_primary,top_gate,bottom_gate,forward,3,interface_4x,T03_P2_BULK_TRAPS_FORMAL,enabled_symmetric_teaching_top_stack,-0.35,0.0,0.0,-0.35,0.01,-5.881777401255303e-10,5.88177740052824e-10,-3.529066440753182e-12,3.5290664403169438e-12,-7.270638410884377e-20,1.2361294749666419e-10,-0.20605832417938755,2882333312188.5576,0.06548597200162476,True
NTA,5e+19,5e+19,0.0,False,NGA,top_primary,top_gate,bottom_gate,forward,4,interface_4x,T03_P2_BULK_TRAPS_FORMAL,enabled_symmetric_teaching_top_stack,-0.3,0.0,0.0,-0.3,0.01,-1.0194791519429935e-09,1.0194791519652964e-09,-6.116874911657961e-12,6.116874911791778e-12,2.230285726596101e-20,2.1876717363927233e-11,-0.1900852016728642,5342250909395.411,0.06437343400102691,True
NTA,5e+19,5e+19,0.0,False,NGA,top_primary,top_gate,bottom_gate,forward,5,interface_4x,T03_P2_BULK_TRAPS_FORMAL,enabled_symmetric_teaching_top_stack,-0.25,0.0,0.0,-0.25,0.01,-1.7112108704513036e-09,1.7112108704582453e-09,-1.0267265222707822e-11,1.0267265222749472e-11,6.941699700545008e-21,4.056600983773607e-12,-0.17528013721616661,9464320356638.707,0.0637364210015221,True
NTA,5e+19,5e+19,0.0,False,NGA,top_primary,top_gate,bottom_gate,forward,6,interface_4x,T03_P2_BULK_TRAPS_FORMAL,enabled_symmetric_teaching_top_stack,-0.2,0.0,0.0,-0.2,0.01,-2.7863855861429767e-09,2.7863855861266597e-09,-1.671831351685786e-11,1.671831351675996e-11,-1.6316964763221024e-20,5.855960798953027e-12,-0.16161748953677774,16042696433394.432,0.06143520800105762,True
NTA,5e+19,5e+19,0.0,False,NGA,top_primary,top_gate,bottom_gate,forward,7,interface_4x,T03_P2_BULK_TRAPS_FORMAL,enabled_symmetric_teaching_top_stack,-0.15,0.0,0.0,-0.15,0.01,-4.411802123779878e-09,4.411802123794227e-09,-2.647081274267927e-11,2.6470812742765364e-11,1.434910208595737e-20,3.2524355542983625e-12,-0.14905071828676913,26066021582373.95,0.06284035799762933,True
NTA,5e+19,5e+19,0.0,False,NGA,top_primary,top_gate,bottom_gate,forward,8,interface_4x,T03_P2_BULK_TRAPS_FORMAL,enabled_symmetric_teaching_top_stack,-0.1,0.0,0.0,-0.1,0.01,-6.810784909990475e-09,6.810784909992307e-09,-4.086470945994285e-11,4.0864709459953844e-11,1.8322050568049563e-21,2.690152575684593e-13,-0.13751875488291657,40692116499823.87,0.06443999400289613,True
NTA,5e+19,5e+19,0.0,False,NGA,top_primary,top_gate,bottom_gate,forward,9,interface_4x,T03_P2_BULK_TRAPS_FORMAL,enabled_symmetric_teaching_top_stack,-0.05,0.0,0.0,-0.05,0.01,-1.0279902263709962e-08,1.0279902263711933e-08,-6.167941358225978e-11,6.167941358227159e-11,1.970344219101312e-21,1.9166954787660086e-13,-0.12695178097365983,61200913675195.35,0.06492624100064859,True
NTA,5e+19,5e+19,0.0,False,NGA,top_primary,top_gate,bottom_gate,forward,10,interface_4x,T03_P2_BULK_TRAPS_FORMAL,enabled_symmetric_teaching_top_stack,0.0,0.0,0.0,0.0,0.01,-1.5210410272806787e-08,1.52104102727977e-08,-9.126246163684073e-11,9.126246163678621e-11,-9.085751848282456e-21,5.973377236593011e-13,-0.11727620364755856,88931111958950.02,0.0654392970027402,True
NTA,5e+19,5e+19,0.0,False,NGA,top_primary,top_gate,bottom_gate,forward,11,interface_4x,T03_P2_BULK_TRAPS_FORMAL,enabled_symmetric_teaching_top_stack,0.05,0.0,0.0,0.05,0.01,-2.211502652721113e-08,2.211502652719755e-08,-1.3269015916326677e-10,1.326901591631853e-10,-1.3578996935670502e-20,6.140167600053481e-13,-0.10841821574019864,125209291349696.6,0.06459729600101127,True
NTA,5e+19,5e+19,0.0,False,NGA,top_primary,top_gate,bottom_gate,forward,12,interface_4x,T03_P2_BULK_TRAPS_FORMAL,enabled_symmetric_teaching_top_stack,0.1,0.0,0.0,0.1,0.01,-3.1660059705237206e-08,3.166005970522672e-08,-1.8996035823142324e-10,1.8996035823136032e-10,-1.0488650167172391e-20,3.3128965216188015e-13,-0.10030640110387361,171279167862104.0,0.0659443119984644,True
NTA,5e+19,5e+19,0.0,False,NGA,top_primary,top_gate,bottom_gate,forward,13,interface_4x,T03_P2_BULK_TRAPS_FORMAL,enabled_symmetric_teaching_top_stack,0.15,0.0,0.0,0.15,0.01,-4.470263874758893e-08,4.470263874757568e-08,-2.6821583248553357e-10,2.6821583248545406e-10,-1.3248124690649291e-20,2.9636113352176195e-13,-0.0928733190228431,228238439534046.06,0.0653458419983508,True
NTA,5e+19,5e+19,0.0,False,NGA,top_primary,top_gate,bottom_gate,forward,14,interface_4x,T03_P2_BULK_TRAPS_FORMAL,enabled_symmetric_teaching_top_stack,0.2,0.0,0.0,0.2,0.01,-6.23321678989431e-08,6.233216789895897e-08,-3.739930073936586e-10,3.739930073937538e-10,1.5868632871217283e-20,2.545817578002499e-13,-0.08605638338436199,296987912667396.6,0.06368262800242519,True
NTA,5e+19,5e+19,0.0,False,NGA,top_primary,top_gate,bottom_gate,forward,15,interface_4x,T03_P2_BULK_TRAPS_FORMAL,enabled_symmetric_teaching_top_stack,0.25,0.0,0.0,0.25,0.01,-8.591451381251256e-08,8.591451381252648e-08,-5.154870828750754e-10,5.154870828751589e-10,1.3923104070492562e-20,1.6205764838376527e-13,-0.07979825047936696,378195148697944.56,0.06262945900016348,True
NTA,5e+19,5e+19,0.0,False,NGA,top_primary,top_gate,bottom_gate,forward,16,interface_4x,T03_P2_BULK_TRAPS_FORMAL,enabled_symmetric_teaching_top_stack,0.3,0.0,0.0,0.3,0.01,-1.1713670391130155e-07,1.1713670391131308e-07,-7.028202234678093e-10,7.028202234678785e-10,1.1527589016538994e-20,9.841141701636747e-14,-0.07404686705092371,472272892260096.5,0.06210229799762601,True
NTA,5e+19,5e+19,0.0,False,NGA,top_primary,top_gate,bottom_gate,forward,17,interface_4x,T03_P2_BULK_TRAPS_FORMAL,enabled_symmetric_teaching_top_stack,0.35,0.0,0.0,0.35,0.01,-1.5804908816885103e-07,1.580490881688475e-07,-9.482945290131063e-10,9.482945290130852e-10,-3.520480687025686e-21,2.2274602959205914e-14,-0.06875529548140506,579371147763691.6,0.06205933099772665,True
NTA,5e+19,5e+19,0.0,False,NGA,top_primary,top_gate,bottom_gate,forward,18,interface_4x,T03_P2_BULK_TRAPS_FORMAL,enabled_symmetric_teaching_top_stack,0.4,0.0,0.0,0.4,0.01,-2.1110095462822827e-07,2.1110095462823647e-07,-1.2666057277693696e-09,1.2666057277694188e-09,8.205631676526035e-21,3.8870651679319616e-14,-0.06388141085705086,699380776187854.1,0.06777341999986675,True
NTA,5e+19,5e+19,0.0,False,NGA,top_primary,top_gate,bottom_gate,forward,19,interface_4x,T03_P2_BULK_TRAPS_FORMAL,enabled_symmetric_teaching_top_stack,0.45,0.0,0.0,0.45,0.01,-2.791646442190543e-07,2.791646442190614e-07,-1.6749878653143259e-09,1.6749878653143683e-09,7.093900933254765e-21,2.541117251111555e-14,-0.059387529903189865,831946191568101.2,0.06744972800152027,True
NTA,5e+19,5e+19,0.0,False,NGA,top_primary,top_gate,bottom_gate,forward,20,interface_4x,T03_P2_BULK_TRAPS_FORMAL,enabled_symmetric_teaching_top_stack,0.5,0.0,0.0,0.5,0.01,-3.6554236937911193e-07,3.655423693791186e-07,-2.1932542162746716e-09,2.1932542162747117e-09,6.670384459627615e-21,1.82479105526328e-14,-0.05524001120391317,976484809415160.5,0.06661406099738088,True
NTA,5e+19,5e+19,0.0,False,NGA,top_primary,top_gate,bottom_gate,forward,21,interface_4x,T03_P2_BULK_TRAPS_FORMAL,enabled_symmetric_teaching_top_stack,0.55,0.0,0.0,0.55,0.01,-4.739494274155894e-07,4.7394942741559345e-07,-2.8436965644935362e-09,2.8436965644935606e-09,4.0763460586613204e-21,8.600803847130471e-15,-0.05140885105302888,1132211246125608.8,0.06382146299802116,True
NTA,5e+19,5e+19,0.0,False,NGA,top_primary,top_gate,bottom_gate,forward,22,interface_4x,T03_P2_BULK_TRAPS_FORMAL,enabled_symmetric_teaching_top_stack,0.6,0.0,0.0,0.6,0.01,-6.084675663384411e-07,6.084675663384561e-07,-3.6508053980306467e-09,3.650805398030737e-09,1.503483481376383e-20,2.470934466439712e-14,-0.047867289858054884,1298164707190236.0,0.0655642900019302,True
NTA,5e+19,5e+19,0.0,False,NGA,top_primary,top_gate,bottom_gate,forward,23,interface_4x,T03_P2_BULK_TRAPS_FORMAL,enabled_symmetric_teaching_top_stack,0.65,0.0,0.0,0.65,0.01,-7.734631972458331e-07,7.734631972458321e-07,-4.640779183474998e-09,4.640779183474993e-09,-9.529120656610879e-22,1.2320069901893726e-15,-0.044591437966271526,1473238429778799.5,0.06619635800234391,True
NTA,5e+19,5e+19,0.0,False,NGA,top_primary,top_gate,bottom_gate,forward,24,interface_4x,T03_P2_BULK_TRAPS_FORMAL,enabled_symmetric_teaching_top_stack,0.7,0.0,0.0,0.7,0.01,-9.734672195456758e-07,9.734672195456742e-07,-5.840803317274055e-09,5.840803317274045e-09,-1.6940658945086007e-21,1.7402392812972516e-15,-0.041559925795041634,1656210400657267.8,0.06370497000170872,True
NTA,5e+19,5e+19,0.0,False,NGA,top_primary,top_gate,bottom_gate,forward,25,interface_4x,T03_P2_BULK_TRAPS_FORMAL,enabled_symmetric_teaching_top_stack,0.75,0.0,0.0,0.75,0.01,-1.2130165551465611e-06,1.2130165551465633e-06,-7.278099330879367e-09,7.2780993308793795e-09,2.117582368135751e-21,1.745715966654629e-15,-0.03875358097446926,1845774795959822.5,0.06534390299930237,True
NTA,5e+19,5e+19,0.0,False,NGA,top_primary,top_gate,bottom_gate,forward,26,interface_4x,T03_P2_BULK_TRAPS_FORMAL,enabled_symmetric_teaching_top_stack,0.8,0.0,0.0,0.8,0.01,-1.496461973472281e-06,1.4964619734722956e-06,-8.978771840833685e-09,8.978771840833773e-09,1.461131834013668e-20,9.763908872494436e-15,-0.036155134011803904,2040573680875463.0,0.06801057000120636,True
NTA,5e+19,5e+19,0.0,False,NGA,top_primary,top_gate,bottom_gate,forward,27,interface_4x,T03_P2_BULK_TRAPS_FORMAL,enabled_symmetric_teaching_top_stack,0.85,0.0,0.0,0.85,0.01,-1.8277519937689218e-06,1.827751993768883e-06,-1.096651196261353e-08,1.0966511962613299e-08,-3.875175733688424e-20,2.120186845315707e-14,-0.03374895343509544,2239228474836984.0,0.06387746700056596,True
NTA,5e+19,5e+19,0.0,False,NGA,top_primary,top_gate,bottom_gate,forward,28,interface_4x,T03_P2_BULK_TRAPS_FORMAL,enabled_symmetric_teaching_top_stack,0.9,0.0,0.0,0.9,0.01,-2.2102077903960973e-06,2.2102077903960846e-06,-1.3261246742376585e-08,1.3261246742376507e-08,-1.2705494208814505e-20,5.748551907211185e-15,-0.03152081108899555,2440370569657720.5,0.06250535300205229,True
NTA,5e+19,5e+19,0.0,False,NGA,top_primary,top_gate,bottom_gate,forward,29,interface_4x,T03_P2_BULK_TRAPS_FORMAL,enabled_symmetric_teaching_top_stack,0.95,0.0,0.0,0.95,0.01,-2.6463080598521894e-06,2.6463080598521915e-06,-1.5877848359113137e-08,1.587784835911315e-08,2.117582368135751e-21,8.002025162006375e-16,-0.02945767797139759,2642670339072547.0,0.06262846399840782,True
NTA,5e+19,5e+19,0.0,False,NGA,top_primary,top_gate,bottom_gate,forward,30,interface_4x,T03_P2_BULK_TRAPS_FORMAL,enabled_symmetric_teaching_top_stack,1.0,0.0,0.0,1.0,0.01,-3.137504659490509e-06,3.1375046594904885e-06,-1.8825027956943053e-08,1.882502795694293e-08,-2.0328790734103208e-20,6.479286229141201e-15,-0.027547550554989118,2844863658886045.0,0.06306699899869272,True
NGA,0.0,0.0,0.0,True,NTA,top_primary,top_gate,bottom_gate,forward,0,interface_4x,T03_P2_BULK_TRAPS_FORMAL,enabled_symmetric_teaching_top_stack,-0.5,0.0,0.0,-0.5,0.01,-2.1009005017869447e-10,2.100900501789906e-10,-1.2605403010721668e-12,1.2605403010739435e-12,2.961306592939839e-22,1.4095415705869421e-12,-0.23911894665357208,807306959954.4667,0.04215677000320284,True
NGA,0.0,0.0,0.0,True,NTA,top_primary,top_gate,bottom_gate,forward,1,interface_4x,T03_P2_BULK_TRAPS_FORMAL,enabled_symmetric_teaching_top_stack,-0.45,0.0,0.0,-0.45,0.01,-4.949974025749092e-10,4.949974025786057e-10,-2.969984415449455e-12,2.9699844154716346e-12,3.6965667599229116e-21,7.46785082238062e-12,-0.21412109486385084,2123150613684.0562,0.04012670500014792,True
NGA,0.0,0.0,0.0,True,NTA,top_primary,top_gate,bottom_gate,forward,2,interface_4x,T03_P2_BULK_TRAPS_FORMAL,enabled_symmetric_teaching_top_stack,-0.4,0.0,0.0,-0.4,0.01,-1.175346534127531e-09,1.1753465341285547e-09,-7.052079204765187e-12,7.052079204771329e-12,1.0236360080343717e-21,8.709227264564431e-13,-0.1891262528706111,5583036541237.598,0.03943597300167312,True
NGA,0.0,0.0,0.0,True,NTA,top_primary,top_gate,bottom_gate,forward,3,interface_4x,T03_P2_BULK_TRAPS_FORMAL,enabled_symmetric_teaching_top_stack,-0.35,0.0,0.0,-0.35,0.01,-2.81429528103251e-09,2.814295281036621e-09,-1.688577168619506e-11,1.6885771686219725e-11,4.110674054082271e-21,1.4606406377400955e-12,-0.164138747680266,14676861535814.092,0.03915653800140717,True
NGA,0.0,0.0,0.0,True,NTA,top_primary,top_gate,bottom_gate,forward,4,interface_4x,T03_P2_BULK_TRAPS_FORMAL,enabled_symmetric_teaching_top_stack,-0.3,0.0,0.0,-0.3,0.01,-6.79803672784744e-09,6.798036727842041e-09,-4.078822036708464e-11,4.078822036705225e-11,-5.399007858133612e-21,7.942010427830062e-13,-0.13916929053575672,38555380994650.766,0.03990489700299804,True
NGA,0.0,0.0,0.0,True,NTA,top_primary,top_gate,bottom_gate,forward,5,interface_4x,T03_P2_BULK_TRAPS_FORMAL,enabled_symmetric_teaching_top_stack,-0.25,0.0,0.0,-0.25,0.01,-1.6561208985024152e-08,1.656120898502756e-08,-9.936725391014491e-11,9.936725391016536e-11,3.407984123718474e-21,2.0578111940979185e-13,-0.11424457985285207,101103933681695.42,0.03903761699984898,True
NGA,0.0,0.0,0.0,True,NTA,top_primary,top_gate,bottom_gate,forward,6,interface_4x,T03_P2_BULK_TRAPS_FORMAL,enabled_symmetric_teaching_top_stack,-0.2,0.0,0.0,-0.2,0.01,-4.061372833270638e-08,4.061372833270707e-08,-2.436823699962383e-10,2.436823699962424e-10,6.948317145445432e-22,1.710829670333371e-14,-0.08943120788227929,263962379689174.06,0.04016760499871452,True
NGA,0.0,0.0,0.0,True,NTA,top_primary,top_gate,bottom_gate,forward,7,interface_4x,T03_P2_BULK_TRAPS_FORMAL,enabled_symmetric_teaching_top_stack,-0.15,0.0,0.0,-0.15,0.01,-9.968379386297732e-08,9.9683793862971e-08,-5.98102763177864e-10,5.98102763177826e-10,-6.326277324805556e-21,6.346344856719124e-14,-0.06489271154649566,681727707940020.2,0.04191178299879539,True
NGA,0.0,0.0,0.0,True,NTA,top_primary,top_gate,bottom_gate,forward,8,interface_4x,T03_P2_BULK_TRAPS_FORMAL,enabled_symmetric_teaching_top_stack,-0.1,0.0,0.0,-0.1,0.01,-2.4142008492076154e-07,2.4142008492075143e-07,-1.4485205095245693e-09,1.4485205095245085e-09,-1.011145580784821e-20,4.188324186517859e-14,-0.04100932784576478,1715891505045579.0,0.039794880998670124,True
NGA,0.0,0.0,0.0,True,NTA,top_primary,top_gate,bottom_gate,forward,9,interface_4x,T03_P2_BULK_TRAPS_FORMAL,enabled_symmetric_teaching_top_stack,-0.05,0.0,0.0,-0.05,0.01,-5.603609473994756e-07,5.603609473994763e-07,-3.3621656843968537e-09,3.362165684396858e-09,6.352747104407253e-22,1.1336884081392696e-15,-0.018549627861549674,4084411462863897.0,0.04009769899857929,True
NGA,0.0,0.0,0.0,True,NTA,top_primary,top_gate,bottom_gate,forward,10,interface_4x,T03_P2_BULK_TRAPS_FORMAL,enabled_symmetric_teaching_top_stack,0.0,0.0,0.0,0.0,0.01,-1.1930966936239762e-06,1.1930966936239798e-06,-7.158580161743857e-09,7.1585801617438785e-09,3.5998900258307764e-21,3.017265947570658e-15,0.001332691319669748,8792236312879518.0,0.03932762200201978,True
NGA,0.0,0.0,0.0,True,NTA,top_primary,top_gate,bottom_gate,forward,11,interface_4x,T03_P2_BULK_TRAPS_FORMAL,enabled_symmetric_teaching_top_stack,0.05,0.0,0.0,0.05,0.01,-2.243559487785063e-06,2.2435594877850616e-06,-1.3461356926710377e-08,1.346135692671037e-08,-1.2705494208814505e-21,5.663096645303534e-16,0.017648561760206974,1.6481049918011626e+16,0.038827702002890874,True
NGA,0.0,0.0,0.0,True,NTA,top_primary,top_gate,bottom_gate,forward,12,interface_4x,T03_P2_BULK_TRAPS_FORMAL,enabled_symmetric_teaching_top_stack,0.1,0.0,0.0,0.1,0.01,-3.700428574078767e-06,3.7004285740787434e-06,-2.2202571444472604e-08,2.2202571444472462e-08,-2.371692252312041e-20,6.409236673085849e-15,0.030249531738275284,2.676615586916425e+16,0.04133380199709791,True
NGA,0.0,0.0,0.0,True,NTA,top_primary,top_gate,bottom_gate,forward,13,interface_4x,T03_P2_BULK_TRAPS_FORMAL,enabled_symmetric_teaching_top_stack,0.15,0.0,0.0,0.15,0.01,-5.462041732526001e-06,5.462041732526014e-06,-3.277225039515601e-08,3.277225039515609e-08,1.2705494208814505e-20,2.326143744591756e-15,0.039725363314865605,3.854225028782632e+16,0.0415534879975894,True
NGA,0.0,0.0,0.0,True,NTA,top_primary,top_gate,bottom_gate,forward,14,interface_4x,T03_P2_BULK_TRAPS_FORMAL,enabled_symmetric_teaching_top_stack,0.2,0.0,0.0,0.2,0.01,-7.412956638914972e-06,7.4129566389148655e-06,-4.447773983348983e-08,4.447773983348919e-08,-1.0672615135404184e-19,1.4397244790799592e-14,0.04685755866596013,5.071597384095385e+16,0.04143134299738449,True
NGA,0.0,0.0,0.0,True,NTA,top_primary,top_gate,bottom_gate,forward,15,interface_4x,T03_P2_BULK_TRAPS_FORMAL,enabled_symmetric_teaching_top_stack,0.25,0.0,0.0,0.25,0.01,-9.462693911699197e-06,9.462693911699367e-06,-5.677616347019518e-08,5.67761634701962e-08,1.6940658945086007e-19,1.7902575210787624e-14,0.052304628007629216,6.254748623536028e+16,0.042441958001290914,True
NGA,0.0,0.0,0.0,True,NTA,top_primary,top_gate,bottom_gate,forward,16,interface_4x,T03_P2_BULK_TRAPS_FORMAL,enabled_symmetric_teaching_top_stack,0.3,0.0,0.0,0.3,0.01,-1.1549445541373153e-05,1.1549445541373129e-05,-6.929667324823892e-08,6.929667324823877e-08,-2.371692252312041e-20,2.053511784454081e-15,0.056544883007083165,7.36401270624011e+16,0.04098489799798699,True
NGA,0.0,0.0,0.0,True,NTA,top_primary,top_gate,bottom_gate,forward,17,interface_4x,T03_P2_BULK_TRAPS_FORMAL,enabled_symmetric_teaching_top_stack,0.35,0.0,0.0,0.35,0.01,-1.3633155085927868e-05,1.3633155085927829e-05,-8.179893051556721e-08,8.179893051556697e-08,-3.8963515573697816e-20,2.8579969440761315e-15,0.05991023918327385,8.382967866404534e+16,0.04068787099822657,True
NGA,0.0,0.0,0.0,True,NTA,top_primary,top_gate,bottom_gate,forward,18,interface_4x,T03_P2_BULK_TRAPS_FORMAL,enabled_symmetric_teaching_top_stack,0.4,0.0,0.0,0.4,0.01,-1.5688469780507097e-05,1.5688469780507118e-05,-9.413081868304259e-08,9.413081868304271e-08,2.0328790734103208e-20,1.2957790669528316e-15,0.06262985128503153,9.30861550607405e+16,0.03967110200028401,True
NGA,0.0,0.0,0.0,True,NTA,top_primary,top_gate,bottom_gate,forward,19,interface_4x,T03_P2_BULK_TRAPS_FORMAL,enabled_symmetric_teaching_top_stack,0.45,0.0,0.0,0.45,0.01,-1.7699657872945354e-05,1.7699657872945472e-05,-1.0619794723767213e-07,1.0619794723767284e-07,1.1858461261560205e-19,6.699825130341228e-15,0.06486366097371234,1.0144894339019608e+17,0.039725484002701705,True
NGA,0.0,0.0,0.0,True,NTA,top_primary,top_gate,bottom_gate,forward,20,interface_4x,T03_P2_BULK_TRAPS_FORMAL,enabled_symmetric_teaching_top_stack,0.5,0.0,0.0,0.5,0.01,-1.965725697832039e-05,1.9657256978320098e-05,-1.1794354186992233e-07,1.1794354186992059e-07,-2.913793338554793e-19,1.4822990520846118e-14,0.066725187703265,1.0898877096719963e+17,0.033937845000764355,True
NGA,0.0,0.0,0.0,True,NTA,top_primary,top_gate,bottom_gate,forward,21,interface_4x,T03_P2_BULK_TRAPS_FORMAL,enabled_symmetric_teaching_top_stack,0.55,0.0,0.0,0.55,0.01,-2.155591042715199e-05,2.155591042715182e-05,-1.2933546256291194e-07,1.293354625629109e-07,-1.6940658945086007e-19,7.858939200149684e-15,0.0682964942120616,1.1578688929258678e+17,0.03287663399896701,True
NGA,0.0,0.0,0.0,True,NTA,top_primary,top_gate,bottom_gate,forward,22,interface_4x,T03_P2_BULK_TRAPS_FORMAL,enabled_symmetric_teaching_top_stack,0.6,0.0,0.0,0.6,0.01,-2.3392967118616967e-05,2.3392967118617238e-05,-1.403578027117018e-07,1.4035780271170343e-07,2.710505431213761e-19,1.1586838973738444e-14,0.06963798865793097,1.2192435109110224e+17,0.03279515200119931,True
NGA,0.0,0.0,0.0,True,NTA,top_primary,top_gate,bottom_gate,forward,23,interface_4x,T03_P2_BULK_TRAPS_FORMAL,enabled_symmetric_teaching_top_stack,0.65,0.0,0.0,0.65,0.01,-2.5167565654035183e-05,2.5167565654034624e-05,-1.510053939242111e-07,1.5100539392420775e-07,-5.590417451878382e-19,2.2212785808237498e-14,0.07079490921126312,1.274769258296556e+17,0.032696902999305166,True
NGA,0.0,0.0,0.0,True,NTA,top_primary,top_gate,bottom_gate,forward,24,interface_4x,T03_P2_BULK_TRAPS_FORMAL,enabled_symmetric_teaching_top_stack,0.7,0.0,0.0,0.7,0.01,-2.6880027442441277e-05,2.6880027442442047e-05,-1.6128016465464766e-07,1.612801646546523e-07,7.691059161069047e-19,2.861254207250287e-14,0.07180167864808575,1.3251305666177562e+17,0.03275141600170173,True
NGA,0.0,0.0,0.0,True,NTA,top_primary,top_gate,bottom_gate,forward,25,interface_4x,T03_P2_BULK_TRAPS_FORMAL,enabled_symmetric_teaching_top_stack,0.75,0.0,0.0,0.75,0.01,-2.85314494905187e-05,2.8531449490519663e-05,-1.711886969431122e-07,1.7118869694311798e-07,9.622294280808852e-19,3.372522059913611e-14,0.07268487779972853,1.3709339733937157e+17,0.03328787599821226,True
NGA,0.0,0.0,0.0,True,NTA,top_primary,top_gate,bottom_gate,forward,26,interface_4x,T03_P2_BULK_TRAPS_FORMAL,enabled_symmetric_teaching_top_stack,0.8,0.0,0.0,0.8,0.01,-3.012342820263897e-05,3.012342820263873e-05,-1.807405692158338e-07,1.807405692158324e-07,-2.371692252312041e-19,7.873248145455995e-15,0.07346531051699728,1.4127112492585208e+17,0.033539927997480845,True
NGA,0.0,0.0,0.0,True,NTA,top_primary,top_gate,bottom_gate,forward,27,interface_4x,T03_P2_BULK_TRAPS_FORMAL,enabled_symmetric_teaching_top_stack,0.85,0.0,0.0,0.85,0.01,-3.165787043737222e-05,3.165787043737322e-05,-1.899472226242333e-07,1.899472226242393e-07,1.0028870095490916e-18,3.167891572280707e-14,0.07415946144285523,1.4509259459244374e+17,0.03380234799988102,True
NGA,0.0,0.0,0.0,True,NTA,top_primary,top_gate,bottom_gate,forward,28,interface_4x,T03_P2_BULK_TRAPS_FORMAL,enabled_symmetric_teaching_top_stack,0.9,0.0,0.0,0.9,0.01,-3.3136863501807014e-05,3.313686350180507e-05,-1.988211810108421e-07,1.9882118101083043e-07,-1.9447876468958736e-18,5.868955119393907e-14,0.07478054131688958,1.4859810845960803e+17,0.03433168800256681,True
NGA,0.0,0.0,0.0,True,NTA,top_primary,top_gate,bottom_gate,forward,29,interface_4x,T03_P2_BULK_TRAPS_FORMAL,enabled_symmetric_teaching_top_stack,0.95,0.0,0.0,0.95,0.01,-3.456258546147579e-05,3.456258546147611e-05,-2.073755127688547e-07,2.0737551276885667e-07,3.2526065174565133e-19,9.410773164183302e-15,0.07533924759837274,1.518226833779193e+17,0.03427524400103721,True
NGA,0.0,0.0,0.0,True,NTA,top_primary,top_gate,bottom_gate,forward,30,interface_4x,T03_P2_BULK_TRAPS_FORMAL,enabled_symmetric_teaching_top_stack,1.0,0.0,0.0,1.0,0.01,-3.593724333278649e-05,3.593724333278673e-05,-2.1562345999671894e-07,2.156234599967204e-07,2.439454888092385e-19,6.7880968651448835e-15,0.07584432558886496,1.5479676378982486e+17,0.0339554229976784,True
NGA,1e+16,0.0,1e+16,False,NTA,top_primary,top_gate,bottom_gate,forward,0,interface_4x,T03_P2_BULK_TRAPS_FORMAL,enabled_symmetric_teaching_top_stack,-0.5,0.0,0.0,-0.5,0.01,-1.905390856389435e-10,1.9053908564211627e-10,-1.143234513833661e-12,1.1432345138526977e-12,3.172780486417849e-21,1.665159920194634e-11,-0.24177649345000776,728329547169.8357,0.08383217099981266,True
NGA,1e+16,0.0,1e+16,False,NTA,top_primary,top_gate,bottom_gate,forward,1,interface_4x,T03_P2_BULK_TRAPS_FORMAL,enabled_symmetric_teaching_top_stack,-0.45,0.0,0.0,-0.45,0.01,-4.45385974593737e-10,4.4538597460245794e-10,-2.672315847562422e-12,2.6723158476147477e-12,8.720913499358286e-21,1.9580575044246483e-11,-0.2169943510709085,1899556202683.4124,0.06047204300193698,True
NGA,1e+16,0.0,1e+16,False,NTA,top_primary,top_gate,bottom_gate,forward,2,interface_4x,T03_P2_BULK_TRAPS_FORMAL,enabled_symmetric_teaching_top_stack,-0.4,0.0,0.0,-0.4,0.01,-1.0499682297375244e-09,1.0499682297420644e-09,-6.2998093784251465e-12,6.299809378452387e-12,4.5399807919972924e-21,4.323922061063301e-12,-0.19219369215505466,4957774567442.704,0.061613949001184665,True
NGA,1e+16,0.0,1e+16,False,NTA,top_primary,top_gate,bottom_gate,forward,3,interface_4x,T03_P2_BULK_TRAPS_FORMAL,enabled_symmetric_teaching_top_stack,-0.35,0.0,0.0,-0.35,0.01,-2.498272105553672e-09,2.4982721055601358e-09,-1.4989632633322033e-11,1.4989632633360814e-11,6.463589306489358e-21,2.5872239025140783e-12,-0.16737525233024209,12948438878095.492,0.06184192900036578,True
NGA,1e+16,0.0,1e+16,False,NTA,top_primary,top_gate,bottom_gate,forward,4,interface_4x,T03_P2_BULK_TRAPS_FORMAL,enabled_symmetric_teaching_top_stack,-0.3,0.0,0.0,-0.3,0.01,-6.002743575435684e-09,6.0027435754783244e-09,-3.6016461452614104e-11,3.601646145286995e-11,4.2640333396496024e-20,7.103474079866598e-12,-0.14254697482148374,33830358860411.465,0.06045107099998859,True
NGA,1e+16,0.0,1e+16,False,NTA,top_primary,top_gate,bottom_gate,forward,5,interface_4x,T03_P2_BULK_TRAPS_FORMAL,enabled_symmetric_teaching_top_stack,-0.25,0.0,0.0,-0.25,0.01,-1.4563210628060854e-08,1.4563210628077116e-08,-8.737926376836512e-11,8.73792637684627e-11,1.6262370842792524e-20,1.1166748362095042e-12,-0.1177322939497109,88338921020012.86,0.06019170499712345,True
NGA,1e+16,0.0,1e+16,False,NTA,top_primary,top_gate,bottom_gate,forward,6,interface_4x,T03_P2_BULK_TRAPS_FORMAL,enabled_symmetric_teaching_top_stack,-0.2,0.0,0.0,-0.2,0.01,-3.56181911383981e-08,3.56181911384159e-08,-2.1370914683038862e-10,2.1370914683049537e-10,1.779430933724073e-20,4.995848685322128e-13,-0.09299078040474566,230003140050949.72,0.06057990200133645,True
NGA,1e+16,0.0,1e+16,False,NTA,top_primary,top_gate,bottom_gate,forward,7,interface_4x,T03_P2_BULK_TRAPS_FORMAL,enabled_symmetric_teaching_top_stack,-0.15,0.0,0.0,-0.15,0.01,-8.73784174822537e-08,8.737841748225325e-08,-5.242705048935223e-10,5.242705048935195e-10,-4.499862532288471e-22,5.149855836199344e-15,-0.06846821875129636,593689024214379.4,0.06078735399933066,True
NGA,1e+16,0.0,1e+16,False,NTA,top_primary,top_gate,bottom_gate,forward,8,interface_4x,T03_P2_BULK_TRAPS_FORMAL,enabled_symmetric_teaching_top_stack,-0.1,0.0,0.0,-0.1,0.01,-2.1229756307281669e-07,2.1229756307282007e-07,-1.2737853784369e-09,1.2737853784369205e-09,3.3881317890172014e-21,1.5959353183225376e-14,-0.04450541020352933,1499040717267537.8,0.061268208999536,True
NGA,1e+16,0.0,1e+16,False,NTA,top_primary,top_gate,bottom_gate,forward,9,interface_4x,T03_P2_BULK_TRAPS_FORMAL,enabled_symmetric_teaching_top_stack,-0.05,0.0,0.0,-0.05,0.01,-4.973387466841354e-07,4.973387466841243e-07,-2.9840324801048124e-09,2.984032480104746e-09,-1.1117307432712692e-20,2.2353592007126283e-14,-0.0218094869204047,3601480066667980.5,0.06266119700012496,True
NGA,1e+16,0.0,1e+16,False,NTA,top_primary,top_gate,bottom_gate,forward,10,interface_4x,T03_P2_BULK_TRAPS_FORMAL,enabled_symmetric_teaching_top_stack,0.0,0.0,0.0,0.0,0.01,-1.0763614899344437e-06,1.0763614899344473e-06,-6.4581689396066625e-09,6.458168939606684e-09,3.5998900258307764e-21,3.344499092075486e-15,-0.0015044142911987872,7881398714551989.0,0.06289328899947577,True
NGA,1e+16,0.0,1e+16,False,NTA,top_primary,top_gate,bottom_gate,forward,11,interface_4x,T03_P2_BULK_TRAPS_FORMAL,enabled_symmetric_teaching_top_stack,0.05,0.0,0.0,0.05,0.01,-2.065374798861634e-06,2.065374798861625e-06,-1.2392248793169805e-08,1.2392248793169749e-08,-9.317362419797304e-21,4.511221123126284e-15,0.015336616260395427,1.5077041407961048e+16,0.06209528899853467,True
NGA,1e+16,0.0,1e+16,False,NTA,top_primary,top_gate,bottom_gate,forward,12,interface_4x,T03_P2_BULK_TRAPS_FORMAL,enabled_symmetric_teaching_top_stack,0.1,0.0,0.0,0.1,0.01,-3.471013395940242e-06,3.471013395940227e-06,-2.0826080375641453e-08,2.0826080375641364e-08,-1.4823076576950256e-20,4.270532805862284e-15,0.028423898720180838,2.4949138405402804e+16,0.061965565000718925,True
NGA,1e+16,0.0,1e+16,False,NTA,top_primary,top_gate,bottom_gate,forward,13,interface_4x,T03_P2_BULK_TRAPS_FORMAL,enabled_symmetric_teaching_top_stack,0.15,0.0,0.0,0.15,0.01,-5.19891498295281e-06,5.198914982952838e-06,-3.1193489897716865e-08,3.119348989771703e-08,2.795208725939191e-20,5.37652324591696e-15,0.03827609177324886,3.644952912229126e+16,0.061825933000363875,True
NGA,1e+16,0.0,1e+16,False,NTA,top_primary,top_gate,bottom_gate,forward,14,interface_4x,T03_P2_BULK_TRAPS_FORMAL,enabled_symmetric_teaching_top_stack,0.2,0.0,0.0,0.2,0.01,-7.131262966549752e-06,7.131262966549734e-06,-4.278757779929851e-08,4.2787577799298405e-08,-1.7787691892340307e-20,2.494325616062136e-15,0.04567786878675008,4.846176589865213e+16,0.06052370199904544,True
NGA,1e+16,0.0,1e+16,False,NTA,top_primary,top_gate,bottom_gate,forward,15,interface_4x,T03_P2_BULK_TRAPS_FORMAL,enabled_symmetric_teaching_top_stack,0.25,0.0,0.0,0.25,0.01,-9.172829569693317e-06,9.172829569693316e-06,-5.5036977418159904e-08,5.50369774181599e-08,-1.6940658945086007e-21,1.8468302301241163e-16,0.05131470432911142,6.020495187980747e+16,0.0609385409989045,True
NGA,1e+16,0.0,1e+16,False,NTA,top_primary,top_gate,bottom_gate,forward,16,interface_4x,T03_P2_BULK_TRAPS_FORMAL,enabled_symmetric_teaching_top_stack,0.3,0.0,0.0,0.3,0.01,-1.125791893216276e-05,1.125791893216281e-05,-6.754751359297657e-08,6.754751359297686e-08,4.912791094074942e-20,4.363853678178089e-15,0.05568990104504584,7.125091676158982e+16,0.06081160200119484,True
NGA,1e+16,0.0,1e+16,False,NTA,top_primary,top_gate,bottom_gate,forward,17,interface_4x,T03_P2_BULK_TRAPS_FORMAL,enabled_symmetric_teaching_top_stack,0.35,0.0,0.0,0.35,0.01,-1.3343865819865641e-05,1.3343865819865711e-05,-8.006319491919385e-08,8.006319491919426e-08,6.945670167485263e-20,5.205140894885859e-15,0.059153214195989984,8.141611920470058e+16,0.06333634600014193,True
NGA,1e+16,0.0,1e+16,False,NTA,top_primary,top_gate,bottom_gate,forward,18,interface_4x,T03_P2_BULK_TRAPS_FORMAL,enabled_symmetric_teaching_top_stack,0.4,0.0,0.0,0.4,0.01,-1.5403672215323395e-05,1.5403672215323666e-05,-9.242203329194037e-08,9.2422033291942e-08,2.710505431213761e-19,1.7596488638062125e-14,0.06194562406318674,9.065975373500864e+16,0.06399872299880371,True
NGA,1e+16,0.0,1e+16,False,NTA,top_primary,top_gate,bottom_gate,forward,19,interface_4x,T03_P2_BULK_TRAPS_FORMAL,enabled_symmetric_teaching_top_stack,0.45,0.0,0.0,0.45,0.01,-1.742058625172571e-05,1.7420586251725523e-05,-1.0452351751035425e-07,1.0452351751035314e-07,-1.8634724839594607e-19,1.069695621624021e-14,0.06423479818777092,9.90154085129131e+16,0.06401778899817145,True
NGA,1e+16,0.0,1e+16,False,NTA,top_primary,top_gate,bottom_gate,forward,20,interface_4x,T03_P2_BULK_TRAPS_FORMAL,enabled_symmetric_teaching_top_stack,0.5,0.0,0.0,0.5,0.01,-1.938451446058397e-05,1.9384514460583732e-05,-1.1630708676350382e-07,1.1630708676350239e-07,-2.371692252312041e-19,1.2234984049430726e-14,0.06613934518428485,1.065507854812961e+17,0.050629124001716264,True
NGA,1e+16,0.0,1e+16,False,NTA,top_primary,top_gate,bottom_gate,forward,21,interface_4x,T03_P2_BULK_TRAPS_FORMAL,enabled_symmetric_teaching_top_stack,0.55,0.0,0.0,0.55,0.01,-2.1289709759625302e-05,2.1289709759625647e-05,-1.277382585577518e-07,1.277382585577539e-07,3.4558944247975454e-19,1.6232698631483424e-14,0.06774473794121007,1.13345597592345e+17,0.052973934998590266,True
NGA,1e+16,0.0,1e+16,False,NTA,top_primary,top_gate,bottom_gate,forward,22,interface_4x,T03_P2_BULK_TRAPS_FORMAL,enabled_symmetric_teaching_top_stack,0.6,0.0,0.0,0.6,0.01,-2.3133280552094933e-05,2.3133280552094547e-05,-1.387996833125696e-07,1.387996833125673e-07,-3.8624702394796095e-19,1.669659532629421e-14,0.06911371626285305,1.1948014291803693e+17,0.05080695400101831,True
NGA,1e+16,0.0,1e+16,False,NTA,top_primary,top_gate,bottom_gate,forward,23,interface_4x,T03_P2_BULK_TRAPS_FORMAL,enabled_symmetric_teaching_top_stack,0.65,0.0,0.0,0.65,0.01,-2.491421932456968e-05,2.4914219324569376e-05,-1.494853159474181e-07,1.4948531594741625e-07,-3.049318610115481e-19,1.2239270154888343e-14,0.07029314585452612,1.250298438018168e+17,0.050837177001085365,True
NGA,1e+16,0.0,1e+16,False,NTA,top_primary,top_gate,bottom_gate,forward,24,interface_4x,T03_P2_BULK_TRAPS_FORMAL,enabled_symmetric_teaching_top_stack,0.7,0.0,0.0,0.7,0.01,-2.6632761403282425e-05,2.6632761403281456e-05,-1.5979656841969456e-07,1.5979656841968874e-07,-9.690056916589196e-19,3.6383973745189335e-14,0.07131860852204895,1.3006300414177584e+17,0.04913358200064977,True
NGA,1e+16,0.0,1e+16,False,NTA,top_primary,top_gate,bottom_gate,forward,25,interface_4x,T03_P2_BULK_TRAPS_FORMAL,enabled_symmetric_teaching_top_stack,0.75,0.0,0.0,0.75,0.01,-2.8289956196044188e-05,2.8289956196044056e-05,-1.6973973717626513e-07,1.6973973717626434e-07,-1.3213713977167085e-19,4.670814576593361e-15,0.0722175262239261,1.3464024105471562e+17,0.05097761400247691,True
NGA,1e+16,0.0,1e+16,False,NTA,top_primary,top_gate,bottom_gate,forward,26,interface_4x,T03_P2_BULK_TRAPS_FORMAL,enabled_symmetric_teaching_top_stack,0.8,0.0,0.0,0.8,0.01,-2.9887377276854774e-05,2.9887377276854154e-05,-1.7932426366112864e-07,1.7932426366112494e-07,-6.2002811739014785e-19,2.0745484344332442e-14,0.07301132405529741,1.3881474258135637e+17,0.05019431499749771,True
NGA,1e+16,0.0,1e+16,False,NTA,top_primary,top_gate,bottom_gate,forward,27,interface_4x,T03_P2_BULK_TRAPS_FORMAL,enabled_symmetric_teaching_top_stack,0.85,0.0,0.0,0.85,0.01,-3.142692459428183e-05,3.142692459428291e-05,-1.8856154756569097e-07,1.8856154756569748e-07,1.0842021724855044e-18,3.44991495821624e-14,0.07371695301667175,1.4263289417323706e+17,0.04881325300084427,True
NGA,1e+16,0.0,1e+16,False,NTA,top_primary,top_gate,bottom_gate,forward,28,interface_4x,T03_P2_BULK_TRAPS_FORMAL,enabled_symmetric_teaching_top_stack,0.9,0.0,0.0,0.9,0.01,-3.291068869124249e-05,3.29106886912427e-05,-1.9746413214745494e-07,1.974641321474562e-07,2.1006417091906648e-19,6.382855518151556e-15,0.07434797921385528,1.461350333824157e+17,0.052553918001649436,True
NGA,1e+16,0.0,1e+16,False,NTA,top_primary,top_gate,bottom_gate,forward,29,interface_4x,T03_P2_BULK_TRAPS_FORMAL,enabled_symmetric_teaching_top_stack,0.95,0.0,0.0,0.95,0.01,-3.434085721141575e-05,3.434085721141502e-05,-2.060451432684945e-07,2.0604514326849015e-07,-7.250602028496811e-19,2.1113631450313745e-14,0.0749153746522161,1.4935621095387722e+17,0.05032952599867713,True
NGA,1e+16,0.0,1e+16,False,NTA,top_primary,top_gate,bottom_gate,forward,30,interface_4x,T03_P2_BULK_TRAPS_FORMAL,enabled_symmetric_teaching_top_stack,1.0,0.0,0.0,1.0,0.01,-3.5719650570134556e-05,3.5719650570133594e-05,-2.1431790342080734e-07,2.1431790342080157e-07,-9.622294280808852e-19,2.6938377411939516e-14,0.07542809944576091,1.52326900881776e+17,0.04925431499941624,True
NGA,5e+16,0.0,5e+16,False,NTA,top_primary,top_gate,bottom_gate,forward,0,interface_4x,T03_P2_BULK_TRAPS_FORMAL,enabled_symmetric_teaching_top_stack,-0.5,0.0,0.0,-0.5,0.01,-1.3102495728831963e-10,1.3102495728868406e-10,-7.861497437299178e-13,7.861497437321043e-13,3.6442475861789326e-22,2.7813385034346178e-12,-0.25195962063842076,490903638912.9212,0.09968668200235697,True
NGA,5e+16,0.0,5e+16,False,NTA,top_primary,top_gate,bottom_gate,forward,1,interface_4x,T03_P2_BULK_TRAPS_FORMAL,enabled_symmetric_teaching_top_stack,-0.45,0.0,0.0,-0.45,0.01,-2.96700249790857e-10,2.967002498431096e-10,-1.780201498745142e-12,1.7802014990586574e-12,5.225258570466848e-20,1.76112375140563e-10,-0.22804213389719521,1238263703474.9531,0.07740613100031624,True
NGA,5e+16,0.0,5e+16,False,NTA,top_primary,top_gate,bottom_gate,forward,2,interface_4x,T03_P2_BULK_TRAPS_FORMAL,enabled_symmetric_teaching_top_stack,-0.4,0.0,0.0,-0.4,0.01,-6.791712868933245e-10,6.791712869073238e-10,-4.075027721359947e-12,4.075027721443943e-12,1.399930808442401e-20,2.0612337939330883e-11,-0.20403768753493767,3133973636133.204,0.07513315100004547,True
NGA,5e+16,0.0,5e+16,False,NTA,top_primary,top_gate,bottom_gate,forward,3,interface_4x,T03_P2_BULK_TRAPS_FORMAL,enabled_symmetric_teaching_top_stack,-0.35,0.0,0.0,-0.35,0.01,-1.5737705275138302e-09,1.5737705275099789e-09,-9.442623165082982e-12,9.442623165059874e-12,-3.851352932046897e-21,2.4472137867082094e-12,-0.1799310197004018,7963363667968.461,0.0746848710004997,True
NGA,5e+16,0.0,5e+16,False,NTA,top_primary,top_gate,bottom_gate,forward,4,interface_4x,T03_P2_BULK_TRAPS_FORMAL,enabled_symmetric_teaching_top_stack,-0.3,0.0,0.0,-0.3,0.01,-3.6954512183072925e-09,3.695451218319034e-09,-2.2172707309843755e-11,2.2172707309914204e-11,1.1741415204883951e-20,3.177261587618743e-12,-0.15571672348297774,20319057205808.5,0.0723938619994442,True
NGA,5e+16,0.0,5e+16,False,NTA,top_primary,top_gate,bottom_gate,forward,5,interface_4x,T03_P2_BULK_TRAPS_FORMAL,enabled_symmetric_teaching_top_stack,-0.25,0.0,0.0,-0.25,0.01,-8.797834348665925e-09,8.797834348661756e-09,-5.278700609199555e-11,5.278700609197053e-11,-4.1689902872672595e-21,4.738655130395166e-13,-0.13140441955496893,52041275118316.07,0.07687360400086618,True
NGA,5e+16,0.0,5e+16,False,NTA,top_primary,top_gate,bottom_gate,forward,6,interface_4x,T03_P2_BULK_TRAPS_FORMAL,enabled_symmetric_teaching_top_stack,-0.2,0.0,0.0,-0.2,0.01,-2.1223506047500585e-08,2.122350604748258e-08,-1.273410362850035e-10,1.2734103628489548e-10,-1.8006067574054306e-20,8.484021223333557e-13,-0.10703046275148778,133599809020019.83,0.07747677199949976,True
NGA,5e+16,0.0,5e+16,False,NTA,top_primary,top_gate,bottom_gate,forward,7,interface_4x,T03_P2_BULK_TRAPS_FORMAL,enabled_symmetric_teaching_top_stack,-0.15,0.0,0.0,-0.15,0.01,-5.173177729325582e-08,5.173177729327415e-08,-3.103906637595349e-10,3.103906637596449e-10,1.8330322374175093e-20,3.54333899457158e-13,-0.0826870019027668,342532122768377.3,0.07585952700173948,True
NGA,5e+16,0.0,5e+16,False,NTA,top_primary,top_gate,bottom_gate,forward,8,interface_4x,T03_P2_BULK_TRAPS_FORMAL,enabled_symmetric_teaching_top_stack,-0.1,0.0,0.0,-0.1,0.01,-1.2641205983750495e-07,1.2641205983750794e-07,-7.584723590250298e-10,7.584723590250476e-10,2.991085094991748e-21,2.366139036763214e-14,-0.058591540553833074,869601366244560.2,0.07667986300293705,True
NGA,5e+16,0.0,5e+16,False,NTA,top_primary,top_gate,bottom_gate,forward,9,interface_4x,T03_P2_BULK_TRAPS_FORMAL,enabled_symmetric_teaching_top_stack,-0.05,0.0,0.0,-0.05,0.01,-3.0407556046163306e-07,3.040755604616286e-07,-1.8244533627697985e-09,1.8244533627697716e-09,-4.446922973085077e-21,1.4624401140078373e-14,-0.035227424722687826,2145008478684468.0,0.059690711001167074,True
NGA,5e+16,0.0,5e+16,False,NTA,top_primary,top_gate,bottom_gate,forward,10,interface_4x,T03_P2_BULK_TRAPS_FORMAL,enabled_symmetric_teaching_top_stack,0.0,0.0,0.0,0.0,0.01,-6.952343650533091e-07,6.952343650533095e-07,-4.1714061903198546e-09,4.171406190319857e-09,3.1763735522036263e-22,4.568780992234277e-16,-0.013510947447285105,4960172890452457.0,0.06420057699870085,True
NGA,5e+16,0.0,5e+16,False,NTA,top_primary,top_gate,bottom_gate,forward,11,interface_4x,T03_P2_BULK_TRAPS_FORMAL,enabled_symmetric_teaching_top_stack,0.05,0.0,0.0,0.05,0.01,-1.441292048619688e-06,1.441292048619697e-06,-8.647752291718128e-09,8.647752291718181e-09,8.893845946170154e-21,6.170745169022234e-15,0.005330763714813,1.0254507939900336e+16,0.06488354699831689,True
NGA,5e+16,0.0,5e+16,False,NTA,top_primary,top_gate,bottom_gate,forward,12,interface_4x,T03_P2_BULK_TRAPS_FORMAL,enabled_symmetric_teaching_top_stack,0.1,0.0,0.0,0.1,0.01,-2.6212515985071544e-06,2.6212515985071717e-06,-1.5727509591042927e-08,1.572750959104303e-08,1.7364175418713157e-20,6.624383339852696e-15,0.02046119065173234,1.8360848194628732e+16,0.06616427599874442,True
NGA,5e+16,0.0,5e+16,False,NTA,top_primary,top_gate,bottom_gate,forward,13,interface_4x,T03_P2_BULK_TRAPS_FORMAL,enabled_symmetric_teaching_top_stack,0.15,0.0,0.0,0.15,0.01,-4.189078787148716e-06,4.1890787871487115e-06,-2.5134472722892295e-08,2.513447272289227e-08,-4.235164736271502e-21,1.0110014519813208e-15,0.03197971237531164,2.8600409605815164e+16,0.06559410499903606,True
NGA,5e+16,0.0,5e+16,False,NTA,top_primary,top_gate,bottom_gate,forward,14,interface_4x,T03_P2_BULK_TRAPS_FORMAL,enabled_symmetric_teaching_top_stack,0.2,0.0,0.0,0.2,0.01,-6.027944636869268e-06,6.027944636869169e-06,-3.616766782121561e-08,3.616766782121502e-08,-9.825582188149884e-20,1.6300053799520288e-14,0.040597008912796106,3.984459945877719e+16,0.0655851729970891,True
NGA,5e+16,0.0,5e+16,False,NTA,top_primary,top_gate,bottom_gate,forward,15,interface_4x,T03_P2_BULK_TRAPS_FORMAL,enabled_symmetric_teaching_top_stack,0.25,0.0,0.0,0.25,0.01,-8.02445337733181e-06,8.024453377331767e-06,-4.814672026399086e-08,4.814672026399061e-08,-4.2351647362715017e-20,5.2778233446222915e-15,0.047090066477479826,5.115573041712197e+16,0.06479279699851759,True
NGA,5e+16,0.0,5e+16,False,NTA,top_primary,top_gate,bottom_gate,forward,16,interface_4x,T03_P2_BULK_TRAPS_FORMAL,enabled_symmetric_teaching_top_stack,0.3,0.0,0.0,0.3,0.01,-1.0095418358781695e-05,1.0095418358781629e-05,-6.057251015269017e-08,6.057251015268978e-08,-6.606856988583543e-20,6.544411290133846e-15,0.052070316380422595,6.196628389653052e+16,0.0663719559997844,True
NGA,5e+16,0.0,5e+16,False,NTA,top_primary,top_gate,bottom_gate,forward,17,interface_4x,T03_P2_BULK_TRAPS_FORMAL,enabled_symmetric_teaching_top_stack,0.35,0.0,0.0,0.35,0.01,-1.2185921446365367e-05,1.21859214463653e-05,-7.31155286781922e-08,7.31155286781918e-08,-6.776263578034403e-20,5.56073137994462e-15,0.05596924817750357,7.200331921967955e+16,0.05928066699925694,True
NGA,5e+16,0.0,5e+16,False,NTA,top_primary,top_gate,bottom_gate,forward,18,interface_4x,T03_P2_BULK_TRAPS_FORMAL,enabled_symmetric_teaching_top_stack,0.4,0.0,0.0,0.4,0.01,-1.4261163402741026e-05,1.426116340274096e-05,-8.556698041644615e-08,8.556698041644576e-08,-6.606856988583543e-20,4.6327615791245266e-15,0.059082750813560216,8.117514569925822e+16,0.061837671000830596,True
NGA,5e+16,0.0,5e+16,False,NTA,top_primary,top_gate,bottom_gate,forward,19,interface_4x,T03_P2_BULK_TRAPS_FORMAL,enabled_symmetric_teaching_top_stack,0.45,0.0,0.0,0.45,0.01,-1.629956341018366e-05,1.629956341018338e-05,-9.779738046110197e-08,9.779738046110028e-08,-2.812149384884277e-19,1.7252912327254723e-14,0.06161431221944079,8.948784851278934e+16,0.0629125559971726,True
NGA,5e+16,0.0,5e+16,False,NTA,top_primary,top_gate,bottom_gate,forward,20,interface_4x,T03_P2_BULK_TRAPS_FORMAL,enabled_symmetric_teaching_top_stack,0.5,0.0,0.0,0.5,0.01,-1.8288054950470113e-05,1.828805495047005e-05,-1.0972832970282068e-07,1.097283297028203e-07,-6.437450399132683e-20,3.520030105206569e-15,0.06370597903035267,9.69946497831712e+16,0.062212255001213634,True
NGA,5e+16,0.0,5e+16,False,NTA,top_primary,top_gate,bottom_gate,forward,21,interface_4x,T03_P2_BULK_TRAPS_FORMAL,enabled_symmetric_teaching_top_stack,0.55,0.0,0.0,0.55,0.01,-2.0219060148655683e-05,2.0219060148655883e-05,-1.213143608919341e-07,1.213143608919353e-07,1.9989977555201488e-19,9.886699682492599e-15,0.06545880055747749,1.0376778238805365e+17,0.05082408200178179,True
NGA,5e+16,0.0,5e+16,False,NTA,top_primary,top_gate,bottom_gate,forward,22,interface_4x,T03_P2_BULK_TRAPS_FORMAL,enabled_symmetric_teaching_top_stack,0.6,0.0,0.0,0.6,0.01,-2.208856265291389e-05,2.2088562652913673e-05,-1.3253137591748335e-07,1.3253137591748205e-07,-2.168404344971009e-19,9.816864859176141e-15,0.06694607853726701,1.0988376569224563e+17,0.050512486002844526,True
NGA,5e+16,0.0,5e+16,False,NTA,top_primary,top_gate,bottom_gate,forward,23,interface_4x,T03_P2_BULK_TRAPS_FORMAL,enabled_symmetric_teaching_top_stack,0.65,0.0,0.0,0.65,0.01,-2.3894871134507024e-05,2.3894871134507786e-05,-1.4336922680704216e-07,1.433692268070467e-07,7.623296525288703e-19,3.190348456945439e-14,0.06822199368724723,1.1541618048005302e+17,0.04909183600102551,True
NGA,5e+16,0.0,5e+16,False,NTA,top_primary,top_gate,bottom_gate,forward,24,interface_4x,T03_P2_BULK_TRAPS_FORMAL,enabled_symmetric_teaching_top_stack,0.7,0.0,0.0,0.7,0.01,-2.563781552388575e-05,2.563781552388567e-05,-1.538268931433145e-07,1.5382689314331403e-07,-7.792703114739563e-20,3.0395347479895105e-15,0.06932730013870854,1.204324909901909e+17,0.04976783999882173,True
NGA,5e+16,0.0,5e+16,False,NTA,top_primary,top_gate,bottom_gate,forward,25,interface_4x,T03_P2_BULK_TRAPS_FORMAL,enabled_symmetric_teaching_top_stack,0.75,0.0,0.0,0.75,0.01,-2.7318217220467787e-05,2.7318217220468536e-05,-1.6390930332280672e-07,1.6390930332281122e-07,7.487771253728015e-19,2.740944327844975e-14,0.07029314956096275,1.249929827351428e+17,0.05119510599979549,True
NGA,5e+16,0.0,5e+16,False,NTA,top_primary,top_gate,bottom_gate,forward,26,interface_4x,T03_P2_BULK_TRAPS_FORMAL,enabled_symmetric_teaching_top_stack,0.8,0.0,0.0,0.8,0.01,-2.8937535417831484e-05,2.8937535417832345e-05,-1.7362521250698892e-07,1.7362521250699408e-07,8.605854744103691e-19,2.973941843990092e-14,0.07114370608260864,1.2915076054757686e+17,0.05124688700016122,True
NGA,5e+16,0.0,5e+16,False,NTA,top_primary,top_gate,bottom_gate,forward,27,interface_4x,T03_P2_BULK_TRAPS_FORMAL,enabled_symmetric_teaching_top_stack,0.85,0.0,0.0,0.85,0.01,-3.0497628497659067e-05,3.049762849765909e-05,-1.829857709859544e-07,1.8298577098595454e-07,2.371692252312041e-20,7.776644838119413e-16,0.07189796642690828,1.3295223971385347e+17,0.05232608900041669,True
NGA,5e+16,0.0,5e+16,False,NTA,top_primary,top_gate,bottom_gate,forward,28,interface_4x,T03_P2_BULK_TRAPS_FORMAL,enabled_symmetric_teaching_top_stack,0.9,0.0,0.0,0.9,0.01,-3.2000591794934365e-05,3.200059179493378e-05,-1.920035507696062e-07,1.9200355076960269e-07,-5.827586677109586e-19,1.8210871581543946e-14,0.07257104850763461,1.3643783133790533e+17,0.05114060000050813,True
NGA,5e+16,0.0,5e+16,False,NTA,top_primary,top_gate,bottom_gate,forward,29,interface_4x,T03_P2_BULK_TRAPS_FORMAL,enabled_symmetric_teaching_top_stack,0.95,0.0,0.0,0.95,0.01,-3.3448646782452034e-05,3.3448646782452414e-05,-2.006918806947122e-07,2.0069188069471448e-07,3.7947076036992655e-19,1.1344876306595511e-14,0.07317511838217765,1.3964266911724722e+17,0.05250867799986736,True
NGA,5e+16,0.0,5e+16,False,NTA,top_primary,top_gate,bottom_gate,forward,30,interface_4x,T03_P2_BULK_TRAPS_FORMAL,enabled_symmetric_teaching_top_stack,1.0,0.0,0.0,1.0,0.01,-3.4844065315306556e-05,3.48440653153055e-05,-2.0906439189183934e-07,2.09064391891833e-07,-1.0570971181733668e-18,3.033793871661116e-14,0.07372006705620618,1.4259730351728349e+17,0.05113692099985201,True
NGA,5e+17,0.0,5e+17,False,NTA,top_primary,top_gate,bottom_gate,forward,0,interface_4x,T03_P2_BULK_TRAPS_FORMAL,enabled_symmetric_teaching_top_stack,-0.5,0.0,0.0,-0.5,0.01,-7.277768047794049e-12,7.27776800403378e-12,-4.3666608286764296e-14,4.3666608024202685e-14,-4.37602680912332e-20,6.012869303315774e-09,-0.33021504473933716,23666620266.70318,0.10596345100202598,True
NGA,5e+17,0.0,5e+17,False,NTA,top_primary,top_gate,bottom_gate,forward,1,interface_4x,T03_P2_BULK_TRAPS_FORMAL,enabled_symmetric_teaching_top_stack,-0.45,0.0,0.0,-0.45,0.01,-1.2557563440858275e-11,1.2557563449162663e-11,-7.534538064514965e-14,7.534538069497598e-14,8.30438767125949e-21,6.613056509631433e-10,-0.31374509575091974,44751654104.1514,0.061592956000822596,True
NGA,5e+17,0.0,5e+17,False,NTA,top_primary,top_gate,bottom_gate,forward,2,interface_4x,T03_P2_BULK_TRAPS_FORMAL,enabled_symmetric_teaching_top_stack,-0.4,0.0,0.0,-0.4,0.01,-2.180737692567008e-11,2.1807376911379137e-11,-1.3084426155402048e-13,1.3084426146827484e-13,-1.4290944180311504e-20,6.553261416548099e-10,-0.2972861062184525,84589961093.80641,0.0623990580024838,True
NGA,5e+17,0.0,5e+17,False,NTA,top_primary,top_gate,bottom_gate,forward,3,interface_4x,T03_P2_BULK_TRAPS_FORMAL,enabled_symmetric_teaching_top_stack,-0.35,0.0,0.0,-0.35,0.01,-3.82528696242809e-11,3.8252869626989164e-11,-2.295172177456854e-13,2.29517217761935e-13,2.7082668736810395e-21,7.079905115851053e-11,-0.2807596229849277,160318620797.73523,0.06292987499909941,True
NGA,5e+17,0.0,5e+17,False,NTA,top_primary,top_gate,bottom_gate,forward,4,interface_4x,T03_P2_BULK_TRAPS_FORMAL,enabled_symmetric_teaching_top_stack,-0.3,0.0,0.0,-0.3,0.01,-6.80381475033687e-11,6.803814746766317e-11,-4.082288850202122e-13,4.08228884805979e-13,-3.5705535484187005e-20,5.247870025035463e-10,-0.2640856843173971,305596516930.7209,0.06302905000120518,True
NGA,5e+17,0.0,5e+17,False,NTA,top_primary,top_gate,bottom_gate,forward,5,interface_4x,T03_P2_BULK_TRAPS_FORMAL,enabled_symmetric_teaching_top_stack,-0.25,0.0,0.0,-0.25,0.01,-1.2320170596334265e-10,1.2320170595208196e-10,-7.392102357800559e-13,7.392102357124917e-13,-1.1260694022019931e-20,9.140047155978854e-11,-0.24718355955362356,587718015679.0876,0.060676528002659325,True
NGA,5e+17,0.0,5e+17,False,NTA,top_primary,top_gate,bottom_gate,forward,6,interface_4x,T03_P2_BULK_TRAPS_FORMAL,enabled_symmetric_teaching_top_stack,-0.2,0.0,0.0,-0.2,0.01,-2.2807190152886188e-10,2.2807190153179168e-10,-1.3684314091731713e-12,1.3684314091907501e-12,2.929796181480397e-21,1.2845932189818672e-11,-0.22997222065269837,1143950630670.0562,0.06191015500007779,True
NGA,5e+17,0.0,5e+17,False,NTA,top_primary,top_gate,bottom_gate,forward,7,interface_4x,T03_P2_BULK_TRAPS_FORMAL,enabled_symmetric_teaching_top_stack,-0.15,0.0,0.0,-0.15,0.01,-4.334721331713454e-10,4.3347213320336593e-10,-2.6008327990280724e-12,2.6008327992201956e-12,3.2020523403445693e-20,7.386985448594704e-11,-0.21237157384707717,2260522226070.3276,0.061207573002320714,True
NGA,5e+17,0.0,5e+17,False,NTA,top_primary,top_gate,bottom_gate,forward,8,interface_4x,T03_P2_BULK_TRAPS_FORMAL,enabled_symmetric_teaching_top_stack,-0.1,0.0,0.0,-0.1,0.01,-8.493541457246274e-10,8.493541457320741e-10,-5.096124874347764e-12,5.096124874392445e-12,7.446693464508632e-21,8.767477620410257e-12,-0.19430472936467566,4548458640597.1,0.06204244100081269,True
NGA,5e+17,0.0,5e+17,False,NTA,top_primary,top_gate,bottom_gate,forward,9,interface_4x,T03_P2_BULK_TRAPS_FORMAL,enabled_symmetric_teaching_top_stack,-0.05,0.0,0.0,-0.05,0.01,-1.7223588479181064e-09,1.7223588479472443e-09,-1.0334153087508639e-11,1.0334153087683466e-11,2.9137850667486676e-20,1.6917409924310482e-11,-0.17570097600274828,9344568928549.121,0.0617004489977262,True
NGA,5e+17,0.0,5e+17,False,NTA,top_primary,top_gate,bottom_gate,forward,10,interface_4x,T03_P2_BULK_TRAPS_FORMAL,enabled_symmetric_teaching_top_stack,0.0,0.0,0.0,0.0,0.01,-3.626228438101408e-09,3.6262284380639377e-09,-2.175737062860845e-11,2.175737062838363e-11,-3.74704545680396e-20,1.0333175421143099e-11,-0.1565011040136183,19646446801737.625,0.06102148200079682,True
NGA,5e+17,0.0,5e+17,False,NTA,top_primary,top_gate,bottom_gate,forward,11,interface_4x,T03_P2_BULK_TRAPS_FORMAL,enabled_symmetric_teaching_top_stack,0.05,0.0,0.0,0.05,0.01,-7.9432807251644e-09,7.943280725159466e-09,-4.76596843509864e-11,4.76596843509568e-11,-4.933305173266257e-21,6.21066451502525e-13,-0.13666516549888358,42335174321187.81,0.07283114600068075,True
NGA,5e+17,0.0,5e+17,False,NTA,top_primary,top_gate,bottom_gate,forward,12,interface_4x,T03_P2_BULK_TRAPS_FORMAL,enabled_symmetric_teaching_top_stack,0.1,0.0,0.0,0.1,0.01,-1.8109483981944962e-08,1.810948398196698e-08,-1.0865690389166978e-10,1.0865690389180188e-10,2.2016239183711385e-20,1.2157297913974062e-12,-0.1161862840038085,93521628193602.31,0.07277044700094848,True
NGA,5e+17,0.0,5e+17,False,NTA,top_primary,top_gate,bottom_gate,forward,13,interface_4x,T03_P2_BULK_TRAPS_FORMAL,enabled_symmetric_teaching_top_stack,0.15,0.0,0.0,0.15,0.01,-4.2856896434765314e-08,4.285689643476487e-08,-2.571413786085919e-10,2.5714137860858925e-10,-4.433688083284228e-22,1.034533167849187e-14,-0.09511844526496623,211339596581400.34,0.07396356100070989,True
NGA,5e+17,0.0,5e+17,False,NTA,top_primary,top_gate,bottom_gate,forward,14,interface_4x,T03_P2_BULK_TRAPS_FORMAL,enabled_symmetric_teaching_top_stack,0.2,0.0,0.0,0.2,0.01,-1.0440912803342458e-07,1.0440912803343946e-07,-6.264547682005475e-10,6.264547682006368e-10,1.4889251025954498e-20,1.4260487858097873e-13,-0.07363969479087956,485130052521117.25,0.07565922100184252,True
NGA,5e+17,0.0,5e+17,False,NTA,top_primary,top_gate,bottom_gate,forward,15,interface_4x,T03_P2_BULK_TRAPS_FORMAL,enabled_symmetric_teaching_top_stack,0.25,0.0,0.0,0.25,0.01,-2.567351686760994e-07,2.5673516867609477e-07,-1.5404110120565966e-09,1.5404110120565687e-09,-4.658681209898652e-21,1.8145863046040674e-14,-0.05219216707388171,1111726978916658.0,0.07537471400064533,True
NGA,5e+17,0.0,5e+17,False,NTA,top_primary,top_gate,bottom_gate,forward,16,interface_4x,T03_P2_BULK_TRAPS_FORMAL,enabled_symmetric_teaching_top_stack,0.3,0.0,0.0,0.3,0.01,-6.120384820832174e-07,6.120384820832148e-07,-3.672230892499304e-09,3.672230892499289e-09,-2.541098841762901e-21,4.1518612246629846e-15,-0.031702016683641164,2452813883320624.0,0.07404270800179802,True
NGA,5e+17,0.0,5e+17,False,NTA,top_primary,top_gate,bottom_gate,forward,17,interface_4x,T03_P2_BULK_TRAPS_FORMAL,enabled_symmetric_teaching_top_stack,0.35,0.0,0.0,0.35,0.01,-1.3312946218617389e-06,1.3312946218617492e-06,-7.987767731170432e-09,7.987767731170495e-09,1.0376153603865179e-20,7.794032540561641e-15,-0.013578167298847239,4933141771598585.0,0.072895717999927,True
NGA,5e+17,0.0,5e+17,False,NTA,top_primary,top_gate,bottom_gate,forward,18,interface_4x,T03_P2_BULK_TRAPS_FORMAL,enabled_symmetric_teaching_top_stack,0.4,0.0,0.0,0.4,0.01,-2.514259205084379e-06,2.5142592050843775e-06,-1.5085555230506273e-08,1.5085555230506266e-08,-1.2705494208814505e-21,5.053374840239715e-16,0.0010419667353852293,8660348102804197.0,0.07195529000091483,True
NGA,5e+17,0.0,5e+17,False,NTA,top_primary,top_gate,bottom_gate,forward,19,interface_4x,T03_P2_BULK_TRAPS_FORMAL,enabled_symmetric_teaching_top_stack,0.45,0.0,0.0,0.45,0.01,-4.104409621331096e-06,4.104409621331115e-06,-2.4626457727986578e-08,2.4626457727986687e-08,1.8634724839594607e-20,4.540171805159914e-15,0.012104996640239594,1.3254100841333504e+16,0.07002941600148915,True
NGA,5e+17,0.0,5e+17,False,NTA,top_primary,top_gate,bottom_gate,forward,20,interface_4x,T03_P2_BULK_TRAPS_FORMAL,enabled_symmetric_teaching_top_stack,0.5,0.0,0.0,0.5,0.01,-5.957785432047383e-06,5.957785432047428e-06,-3.57467125922843e-08,3.574671259228457e-08,4.573977915173222e-20,7.677312261984815e-15,0.020331650154106828,1.8188052346542904e+16,0.05923455300217029,True
NGA,5e+17,0.0,5e+17,False,NTA,top_primary,top_gate,bottom_gate,forward,21,interface_4x,T03_P2_BULK_TRAPS_FORMAL,enabled_symmetric_teaching_top_stack,0.55,0.0,0.0,0.55,0.01,-7.943482154489852e-06,7.94348215448969e-06,-4.766089292693911e-08,4.766089292693814e-08,-1.6093625997831706e-19,2.0260165107483992e-14,0.02652823426053095,2.308563749471872e+16,0.06080835800094064,True
NGA,5e+17,0.0,5e+17,False,NTA,top_primary,top_gate,bottom_gate,forward,22,interface_4x,T03_P2_BULK_TRAPS_FORMAL,enabled_symmetric_teaching_top_stack,0.6,0.0,0.0,0.6,0.01,-9.97341422087628e-06,9.9734142208766e-06,-5.984048532525768e-08,5.98404853252596e-08,3.2017845406212553e-19,3.210319424935946e-14,0.03130799658844647,2.7749104027877908e+16,0.05970528900070349,True
NGA,5e+17,0.0,5e+17,False,NTA,top_primary,top_gate,bottom_gate,forward,23,interface_4x,T03_P2_BULK_TRAPS_FORMAL,enabled_symmetric_teaching_top_stack,0.65,0.0,0.0,0.65,0.01,-1.1994554804976697e-05,1.1994554804976682e-05,-7.196732882986019e-08,7.196732882986009e-08,-1.5246593050577406e-20,1.2711262150598032e-15,0.035087632156267604,3.2096281294680544e+16,0.06061440400299034,True
NGA,5e+17,0.0,5e+17,False,NTA,top_primary,top_gate,bottom_gate,forward,24,interface_4x,T03_P2_BULK_TRAPS_FORMAL,enabled_symmetric_teaching_top_stack,0.7,0.0,0.0,0.7,0.01,-1.3976431723821006e-05,1.3976431723820482e-05,-8.385859034292603e-08,8.38585903429229e-08,-5.234663614031576e-19,3.7453505425921945e-14,0.038144461895340674,3.610635324465935e+16,0.06192315099906409,True
NGA,5e+17,0.0,5e+17,False,NTA,top_primary,top_gate,bottom_gate,forward,25,interface_4x,T03_P2_BULK_TRAPS_FORMAL,enabled_symmetric_teaching_top_stack,0.75,0.0,0.0,0.75,0.01,-1.5902162494049172e-05,1.590216249404929e-05,-9.541297496429503e-08,9.541297496429575e-08,1.1858461261560205e-19,7.457137522017983e-15,0.0406653287046835,3.978807899810126e+16,0.06170415099768434,True
NGA,5e+17,0.0,5e+17,False,NTA,top_primary,top_gate,bottom_gate,forward,26,interface_4x,T03_P2_BULK_TRAPS_FORMAL,enabled_symmetric_teaching_top_stack,0.8,0.0,0.0,0.8,0.01,-1.776295986470285e-05,1.7762959864702614e-05,-1.065777591882171e-07,1.0657775918821569e-07,-2.371692252312041e-19,1.3351897827708771e-14,0.04277904877946656,4.3163149952965944e+16,0.05124465200060513,True
NGA,5e+17,0.0,5e+17,False,NTA,top_primary,top_gate,bottom_gate,forward,27,interface_4x,T03_P2_BULK_TRAPS_FORMAL,enabled_symmetric_teaching_top_stack,0.85,0.0,0.0,0.85,0.01,-1.9554881060211618e-05,1.955488106021062e-05,-1.1732928636126971e-07,1.1732928636126373e-07,-9.961107459710572e-19,5.0939238285516706e-14,0.04457670359263348,4.62578447949696e+16,0.050546328002383234,True
NGA,5e+17,0.0,5e+17,False,NTA,top_primary,top_gate,bottom_gate,forward,28,interface_4x,T03_P2_BULK_TRAPS_FORMAL,enabled_symmetric_teaching_top_stack,0.9,0.0,0.0,0.9,0.01,-2.1276899279792028e-05,2.127689927979178e-05,-1.2766139567875217e-07,1.2766139567875069e-07,-2.473336205982557e-19,1.1624514331050275e-14,0.04612427726849585,4.909897363919066e+16,0.049833076998766046,True
NGA,5e+17,0.0,5e+17,False,NTA,top_primary,top_gate,bottom_gate,forward,29,interface_4x,T03_P2_BULK_TRAPS_FORMAL,enabled_symmetric_teaching_top_stack,0.95,0.0,0.0,0.95,0.01,-2.2929742492945908e-05,2.292974249294522e-05,-1.3757845495767546e-07,1.3757845495767133e-07,-6.877907531704919e-19,2.999557249201919e-14,0.047470648605904796,5.171200299913312e+16,0.050028398996801116,True
NGA,5e+17,0.0,5e+17,False,NTA,top_primary,top_gate,bottom_gate,forward,30,interface_4x,T03_P2_BULK_TRAPS_FORMAL,enabled_symmetric_teaching_top_stack,1.0,0.0,0.0,1.0,0.01,-2.4515182061753465e-05,2.451518206175365e-05,-1.470910923705208e-07,1.470910923705219e-07,1.8634724839594607e-19,7.601299795634316e-15,0.0486527576959489,5.41202823344931e+16,0.04817807899962645,True
