mesh_level,stage_id,vgs_v,vds_v,region,x_cm,y_cm,x_um,y_nm,potential_v,electron_density_cm3
fine,T01_A_STAGE_2,0.2,0.01,bottom_oxide,0.0,0.0,0.0,0.0,0.2,
fine,T01_A_STAGE_2,0.2,0.01,bottom_oxide,0.0,5e-07,0.0,5.0,0.1996949517369814,
fine,T01_A_STAGE_2,0.2,0.01,bottom_oxide,2.5e-05,0.0,0.25,0.0,0.2,
fine,T01_A_STAGE_2,0.2,0.01,bottom_oxide,2.5e-05,5e-07,0.25,5.0,0.17858500606442884,
fine,T01_A_STAGE_2,0.2,0.01,bottom_oxide,0.0,1e-06,0.0,10.0,0.19940679143050086,
fine,T01_A_STAGE_2,0.2,0.01,bottom_oxide,2.5e-05,1e-06,0.25,10.0,0.15716157788946783,
fine,T01_A_STAGE_2,0.2,0.01,bottom_oxide,0.0,1.5e-06,0.0,15.0,0.1991524272948531,
fine,T01_A_STAGE_2,0.2,0.01,bottom_oxide,2.5e-05,1.5e-06,0.25,15.0,0.13572126774160645,
fine,T01_A_STAGE_2,0.2,0.01,bottom_oxide,0.0,2e-06,0.0,20.0,0.19894880808684798,
fine,T01_A_STAGE_2,0.2,0.01,bottom_oxide,2.5e-05,2e-06,0.25,20.0,0.11425560087885184,
fine,T01_A_STAGE_2,0.2,0.01,bottom_oxide,0.0,2.5e-06,0.0,25.000000000000004,0.19881294344460923,
fine,T01_A_STAGE_2,0.2,0.01,bottom_oxide,2.5e-05,2.5e-06,0.25,25.000000000000004,0.09275606199585441,
fine,T01_A_STAGE_2,0.2,0.01,bottom_oxide,0.0,3e-06,0.0,30.0,0.1987619243075295,
fine,T01_A_STAGE_2,0.2,0.01,bottom_oxide,2.5e-05,3e-06,0.25,30.0,0.07121408160818941,
fine,T01_A_STAGE_2,0.2,0.01,bottom_oxide,5e-05,0.0,0.5,0.0,0.2,
fine,T01_A_STAGE_2,0.2,0.01,bottom_oxide,5e-05,5e-07,0.5,5.0,0.17856065886649916,
fine,T01_A_STAGE_2,0.2,0.01,bottom_oxide,5e-05,1e-06,0.5,10.0,0.15712129659929297,
fine,T01_A_STAGE_2,0.2,0.01,bottom_oxide,5e-05,1.5e-06,0.5,15.0,0.13568189542148487,
fine,T01_A_STAGE_2,0.2,0.01,bottom_oxide,5e-05,2e-06,0.5,20.0,0.1142424442778759,
fine,T01_A_STAGE_2,0.2,0.01,bottom_oxide,5e-05,2.5e-06,0.5,25.000000000000004,0.09280294221602763,
fine,T01_A_STAGE_2,0.2,0.01,bottom_oxide,5e-05,3e-06,0.5,30.0,0.07136340179162504,
fine,T01_A_STAGE_2,0.2,0.01,bottom_oxide,7.500000000000001e-05,0.0,0.7500000000000001,0.0,0.2,
fine,T01_A_STAGE_2,0.2,0.01,bottom_oxide,7.500000000000001e-05,5e-07,0.7500000000000001,5.0,0.17858914593200104,
fine,T01_A_STAGE_2,0.2,0.01,bottom_oxide,7.500000000000001e-05,1e-06,0.7500000000000001,10.0,0.15717829181379733,
fine,T01_A_STAGE_2,0.2,0.01,bottom_oxide,7.500000000000001e-05,1.5e-06,0.7500000000000001,15.0,0.13576743760360185,
fine,T01_A_STAGE_2,0.2,0.01,bottom_oxide,7.500000000000001e-05,2e-06,0.7500000000000001,20.0,0.11435658327512706,
fine,T01_A_STAGE_2,0.2,0.01,bottom_oxide,7.500000000000001e-05,2.5e-06,0.7500000000000001,25.000000000000004,0.09294572882199015,
fine,T01_A_STAGE_2,0.2,0.01,bottom_oxide,7.500000000000001e-05,3e-06,0.7500000000000001,30.0,0.07153487425809354,
fine,T01_A_STAGE_2,0.2,0.01,bottom_oxide,0.0001,0.0,1.0,0.0,0.2,
fine,T01_A_STAGE_2,0.2,0.01,bottom_oxide,0.0001,5e-07,1.0,5.0,0.17861775850933914,
fine,T01_A_STAGE_2,0.2,0.01,bottom_oxide,0.0001,1e-06,1.0,10.0,0.15723551700769076,
fine,T01_A_STAGE_2,0.2,0.01,bottom_oxide,0.0001,1.5e-06,1.0,15.0,0.13585327548408296,
fine,T01_A_STAGE_2,0.2,0.01,bottom_oxide,0.0001,2e-06,1.0,20.0,0.11447103392757198,
fine,T01_A_STAGE_2,0.2,0.01,bottom_oxide,0.0001,2.5e-06,1.0,25.000000000000004,0.09308879232724801,
fine,T01_A_STAGE_2,0.2,0.01,bottom_oxide,0.0001,3e-06,1.0,30.0,0.07170655067223371,
fine,T01_A_STAGE_2,0.2,0.01,bottom_oxide,0.000125,0.0,1.25,0.0,0.2,
fine,T01_A_STAGE_2,0.2,0.01,bottom_oxide,0.000125,5e-07,1.25,5.0,0.17864639855548192,
fine,T01_A_STAGE_2,0.2,0.01,bottom_oxide,0.000125,1e-06,1.25,10.0,0.15729279710001268,
fine,T01_A_STAGE_2,0.2,0.01,bottom_oxide,0.000125,1.5e-06,1.25,15.0,0.13593919562264115,
fine,T01_A_STAGE_2,0.2,0.01,bottom_oxide,0.000125,2e-06,1.25,20.0,0.11458559411241623,
fine,T01_A_STAGE_2,0.2,0.01,bottom_oxide,0.000125,2.5e-06,1.25,25.000000000000004,0.0932319925583869,
fine,T01_A_STAGE_2,0.2,0.01,bottom_oxide,0.000125,3e-06,1.25,30.0,0.07187839094960222,
fine,T01_A_STAGE_2,0.2,0.01,bottom_oxide,0.00015000000000000001,0.0,1.5000000000000002,0.0,0.2,
fine,T01_A_STAGE_2,0.2,0.01,bottom_oxide,0.00015000000000000001,5e-07,1.5000000000000002,5.0,0.17867506597952365,
fine,T01_A_STAGE_2,0.2,0.01,bottom_oxide,0.00015000000000000001,1e-06,1.5000000000000002,10.0,0.15735013194806388,
fine,T01_A_STAGE_2,0.2,0.01,bottom_oxide,0.00015000000000000001,1.5e-06,1.5000000000000002,15.0,0.13602519789463735,
fine,T01_A_STAGE_2,0.2,0.01,bottom_oxide,0.00015000000000000001,2e-06,1.5000000000000002,20.0,0.11470026380826066,
fine,T01_A_STAGE_2,0.2,0.01,bottom_oxide,0.00015000000000000001,2.5e-06,1.5000000000000002,25.000000000000004,0.09337532967795042,
fine,T01_A_STAGE_2,0.2,0.01,bottom_oxide,0.00015000000000000001,3e-06,1.5000000000000002,30.0,0.07205039549272325,
fine,T01_A_STAGE_2,0.2,0.01,bottom_oxide,0.000175,0.0,1.75,0.0,0.2,
fine,T01_A_STAGE_2,0.2,0.01,bottom_oxide,0.000175,5e-07,1.75,5.0,0.17870376086203174,
fine,T01_A_STAGE_2,0.2,0.01,bottom_oxide,0.000175,1e-06,1.75,10.0,0.15740752171304762,
fine,T01_A_STAGE_2,0.2,0.01,bottom_oxide,0.000175,1.5e-06,1.75,15.0,0.13611128254203167,
fine,T01_A_STAGE_2,0.2,0.01,bottom_oxide,0.000175,2e-06,1.75,20.0,0.11481504333796803,
fine,T01_A_STAGE_2,0.2,0.01,bottom_oxide,0.000175,2.5e-06,1.75,25.000000000000004,0.09351880408984083,
fine,T01_A_STAGE_2,0.2,0.01,bottom_oxide,0.000175,3e-06,1.75,30.0,0.07222256478663415,
fine,T01_A_STAGE_2,0.2,0.01,bottom_oxide,0.0002,0.0,2.0,0.0,0.2,
fine,T01_A_STAGE_2,0.2,0.01,bottom_oxide,0.0002,5e-07,2.0,5.0,0.17873248328427582,
fine,T01_A_STAGE_2,0.2,0.01,bottom_oxide,0.0002,1e-06,2.0,10.0,0.1574649665575031,
fine,T01_A_STAGE_2,0.2,0.01,bottom_oxide,0.0002,1.5e-06,2.0,15.0,0.13619744980863324,
fine,T01_A_STAGE_2,0.2,0.01,bottom_oxide,0.0002,2e-06,2.0,20.0,0.11492993302661769,
fine,T01_A_STAGE_2,0.2,0.01,bottom_oxide,0.0002,2.5e-06,2.0,25.000000000000004,0.09366241620040787,
fine,T01_A_STAGE_2,0.2,0.01,bottom_oxide,0.0002,3e-06,2.0,30.0,0.07239489931895524,
fine,T01_A_STAGE_2,0.2,0.01,bottom_oxide,0.00022500000000000002,0.0,2.25,0.0,0.2,
fine,T01_A_STAGE_2,0.2,0.01,bottom_oxide,0.00022500000000000002,5e-07,2.25,5.0,0.17876123332793065,
fine,T01_A_STAGE_2,0.2,0.01,bottom_oxide,0.00022500000000000002,1e-06,2.25,10.0,0.1575224666447799,
fine,T01_A_STAGE_2,0.2,0.01,bottom_oxide,0.00022500000000000002,1.5e-06,2.25,15.0,0.13628369993946637,
fine,T01_A_STAGE_2,0.2,0.01,bottom_oxide,0.00022500000000000002,2e-06,2.25,20.0,0.11504493320090863,
fine,T01_A_STAGE_2,0.2,0.01,bottom_oxide,0.00022500000000000002,2.5e-06,2.25,25.000000000000004,0.09380616641802529,
fine,T01_A_STAGE_2,0.2,0.01,bottom_oxide,0.00022500000000000002,3e-06,2.25,30.0,0.07256739957973499,
fine,T01_A_STAGE_2,0.2,0.01,bottom_oxide,0.00025,0.0,2.5,0.0,0.2,
fine,T01_A_STAGE_2,0.2,0.01,bottom_oxide,0.00025,5e-07,2.5,5.0,0.17879001107507841,
fine,T01_A_STAGE_2,0.2,0.01,bottom_oxide,0.00025,1e-06,2.5,10.0,0.1575800221390424,
fine,T01_A_STAGE_2,0.2,0.01,bottom_oxide,0.00025,1.5e-06,2.5,15.0,0.13637003318077762,
fine,T01_A_STAGE_2,0.2,0.01,bottom_oxide,0.00025,2e-06,2.5,20.0,0.11516004418916966,
fine,T01_A_STAGE_2,0.2,0.01,bottom_oxide,0.00025,2.5e-06,2.5,25.000000000000004,0.0939500551531041,
fine,T01_A_STAGE_2,0.2,0.01,bottom_oxide,0.00025,3e-06,2.5,30.0,0.07274006606146659,
fine,T01_A_STAGE_2,0.2,0.01,bottom_oxide,0.00027499999999999996,0.0,2.7499999999999996,0.0,0.2,
fine,T01_A_STAGE_2,0.2,0.01,bottom_oxide,0.00027499999999999996,5e-07,2.7499999999999996,5.0,0.1788188166082116,
fine,T01_A_STAGE_2,0.2,0.01,bottom_oxide,0.00027499999999999996,1e-06,2.7499999999999996,10.0,0.15763763320527566,
fine,T01_A_STAGE_2,0.2,0.01,bottom_oxide,0.00027499999999999996,1.5e-06,2.7499999999999996,15.0,0.1364564497800446,
fine,T01_A_STAGE_2,0.2,0.01,bottom_oxide,0.00027499999999999996,2e-06,2.7499999999999996,20.0,0.11527526632137086,
fine,T01_A_STAGE_2,0.2,0.01,bottom_oxide,0.00027499999999999996,2.5e-06,2.7499999999999996,25.000000000000004,0.09409408281810688,
fine,T01_A_STAGE_2,0.2,0.01,bottom_oxide,0.00027499999999999996,3e-06,2.7499999999999996,30.0,0.07291289925910514,
fine,T01_A_STAGE_2,0.2,0.01,bottom_oxide,0.00030000000000000003,0.0,3.0000000000000004,0.0,0.2,
fine,T01_A_STAGE_2,0.2,0.01,bottom_oxide,0.00030000000000000003,5e-07,3.0000000000000004,5.0,0.178847650010236,
fine,T01_A_STAGE_2,0.2,0.01,bottom_oxide,0.00030000000000000003,1e-06,3.0000000000000004,10.0,0.1576953000092911,
fine,T01_A_STAGE_2,0.2,0.01,bottom_oxide,0.00030000000000000003,1.5e-06,3.0000000000000004,15.0,0.13654294998598443,
fine,T01_A_STAGE_2,0.2,0.01,bottom_oxide,0.00030000000000000003,2e-06,3.0000000000000004,20.0,0.1153905999291351,
fine,T01_A_STAGE_2,0.2,0.01,bottom_oxide,0.00030000000000000003,2.5e-06,3.0000000000000004,25.000000000000004,0.09423824982756222,
fine,T01_A_STAGE_2,0.2,0.01,bottom_oxide,0.00030000000000000003,3e-06,3.0000000000000004,30.0,0.07308589967008494,
fine,T01_A_STAGE_2,0.2,0.01,bottom_oxide,0.00032500000000000004,0.0,3.2500000000000004,0.0,0.2,
fine,T01_A_STAGE_2,0.2,0.01,bottom_oxide,0.00032500000000000004,5e-07,3.2500000000000004,5.0,0.17887651136447338,
fine,T01_A_STAGE_2,0.2,0.01,bottom_oxide,0.00032500000000000004,1e-06,3.2500000000000004,10.0,0.15775302271773237,
fine,T01_A_STAGE_2,0.2,0.01,bottom_oxide,0.00032500000000000004,1.5e-06,3.2500000000000004,15.0,0.1366295340485626,
fine,T01_A_STAGE_2,0.2,0.01,bottom_oxide,0.00032500000000000004,2e-06,3.2500000000000004,20.0,0.11550604534574968,
fine,T01_A_STAGE_2,0.2,0.01,bottom_oxide,0.00032500000000000004,2.5e-06,3.2500000000000004,25.000000000000004,0.09438255659807923,
fine,T01_A_STAGE_2,0.2,0.01,bottom_oxide,0.00032500000000000004,3e-06,3.2500000000000004,30.0,0.07325906779433689,
fine,T01_A_STAGE_2,0.2,0.01,bottom_oxide,0.00035,0.0,3.5,0.0,0.2,
fine,T01_A_STAGE_2,0.2,0.01,bottom_oxide,0.00035,5e-07,3.5,5.0,0.17890540075466463,
fine,T01_A_STAGE_2,0.2,0.01,bottom_oxide,0.00035,1e-06,3.5,10.0,0.15781080149808122,
fine,T01_A_STAGE_2,0.2,0.01,bottom_oxide,0.00035,1.5e-06,3.5,15.0,0.13671620221900171,
fine,T01_A_STAGE_2,0.2,0.01,bottom_oxide,0.00035,2e-06,3.5,20.0,0.11562160290617807,
fine,T01_A_STAGE_2,0.2,0.01,bottom_oxide,0.00035,2.5e-06,3.5,25.000000000000004,0.09452700354836222,
fine,T01_A_STAGE_2,0.2,0.01,bottom_oxide,0.00035,3e-06,3.5,30.0,0.07343240413430616,
fine,T01_A_STAGE_2,0.2,0.01,bottom_oxide,0.000375,0.0,3.75,0.0,0.2,
fine,T01_A_STAGE_2,0.2,0.01,bottom_oxide,0.000375,5e-07,3.75,5.0,0.17893431826497264,
fine,T01_A_STAGE_2,0.2,0.01,bottom_oxide,0.000375,1e-06,3.75,10.0,0.1578686365186634,
fine,T01_A_STAGE_2,0.2,0.01,bottom_oxide,0.000375,1.5e-06,3.75,15.0,0.13680295474979037,
fine,T01_A_STAGE_2,0.2,0.01,bottom_oxide,0.000375,2e-06,3.75,20.0,0.11573727294707173,
fine,T01_A_STAGE_2,0.2,0.01,bottom_oxide,0.000375,2.5e-06,3.75,25.000000000000004,0.09467159109922554,
fine,T01_A_STAGE_2,0.2,0.01,bottom_oxide,0.000375,3e-06,3.75,30.0,0.07360590919496995,
fine,T01_A_STAGE_2,0.2,0.01,bottom_oxide,0.0004,0.0,4.0,0.0,0.2,
fine,T01_A_STAGE_2,0.2,0.01,bottom_oxide,0.0004,5e-07,4.0,5.0,0.17896326397998527,
fine,T01_A_STAGE_2,0.2,0.01,bottom_oxide,0.0004,1e-06,4.0,10.0,0.15792652794865464,
fine,T01_A_STAGE_2,0.2,0.01,bottom_oxide,0.0004,1.5e-06,4.0,15.0,0.13688979189469225,
fine,T01_A_STAGE_2,0.2,0.01,bottom_oxide,0.0004,2e-06,4.0,20.0,0.11585305580678218,
fine,T01_A_STAGE_2,0.2,0.01,bottom_oxide,0.0004,2.5e-06,4.0,25.000000000000004,0.09481631967360855,
fine,T01_A_STAGE_2,0.2,0.01,bottom_oxide,0.0004,3e-06,4.0,30.0,0.0737795834838555,
fine,T01_A_STAGE_2,0.2,0.01,bottom_oxide,0.00042500000000000003,0.0,4.25,0.0,0.2,
fine,T01_A_STAGE_2,0.2,0.01,bottom_oxide,0.00042500000000000003,5e-07,4.25,5.0,0.17899223798471842,
fine,T01_A_STAGE_2,0.2,0.01,bottom_oxide,0.00042500000000000003,1e-06,4.25,10.0,0.15798447595808673,
fine,T01_A_STAGE_2,0.2,0.01,bottom_oxide,0.00042500000000000003,1.5e-06,4.25,15.0,0.13697671390875493,
fine,T01_A_STAGE_2,0.2,0.01,bottom_oxide,0.00042500000000000003,2e-06,4.25,20.0,0.11596895182537294,
fine,T01_A_STAGE_2,0.2,0.01,bottom_oxide,0.00042500000000000003,2.5e-06,4.25,25.000000000000004,0.09496118969659066,
fine,T01_A_STAGE_2,0.2,0.01,bottom_oxide,0.00042500000000000003,3e-06,4.25,30.0,0.07395342751105806,
fine,T01_A_STAGE_2,0.2,0.01,bottom_oxide,0.00045000000000000004,0.0,4.5,0.0,0.2,
fine,T01_A_STAGE_2,0.2,0.01,bottom_oxide,0.00045000000000000004,5e-07,4.5,5.0,0.179021240364619,
fine,T01_A_STAGE_2,0.2,0.01,bottom_oxide,0.00045000000000000004,1e-06,4.5,10.0,0.15804248071785357,
fine,T01_A_STAGE_2,0.2,0.01,bottom_oxide,0.00045000000000000004,1.5e-06,4.5,15.0,0.1370637210483193,
fine,T01_A_STAGE_2,0.2,0.01,bottom_oxide,0.00045000000000000004,2e-06,4.5,20.0,0.11608496134463178,
fine,T01_A_STAGE_2,0.2,0.01,bottom_oxide,0.00045000000000000004,2.5e-06,4.5,25.000000000000004,0.09510620159540656,
fine,T01_A_STAGE_2,0.2,0.01,bottom_oxide,0.00045000000000000004,3e-06,4.5,30.0,0.07412744178925926,
fine,T01_A_STAGE_2,0.2,0.01,bottom_oxide,0.000475,0.0,4.75,0.0,0.2,
fine,T01_A_STAGE_2,0.2,0.01,bottom_oxide,0.000475,5e-07,4.75,5.0,0.17905027120556813,
fine,T01_A_STAGE_2,0.2,0.01,bottom_oxide,0.000475,1e-06,4.75,10.0,0.1581005423997173,
fine,T01_A_STAGE_2,0.2,0.01,bottom_oxide,0.000475,1.5e-06,4.75,15.0,0.13715081357102857,
fine,T01_A_STAGE_2,0.2,0.01,bottom_oxide,0.000475,2e-06,4.75,20.0,0.116201084708083,
fine,T01_A_STAGE_2,0.2,0.01,bottom_oxide,0.000475,2.5e-06,4.75,25.000000000000004,0.09525135579946165,
fine,T01_A_STAGE_2,0.2,0.01,bottom_oxide,0.000475,3e-06,4.75,30.0,0.07430162683374557,
fine,T01_A_STAGE_2,0.2,0.01,bottom_oxide,0.0005,0.0,5.0,0.0,0.2,
fine,T01_A_STAGE_2,0.2,0.01,bottom_oxide,0.0005,5e-07,5.0,5.0,0.1790793305938841,
fine,T01_A_STAGE_2,0.2,0.01,bottom_oxide,0.0005,1e-06,5.0,10.0,0.15815866117631455,
fine,T01_A_STAGE_2,0.2,0.01,bottom_oxide,0.0005,1.5e-06,5.0,15.0,0.13723799173583767,
fine,T01_A_STAGE_2,0.2,0.01,bottom_oxide,0.0005,2e-06,5.0,20.0,0.11631732226099988,
fine,T01_A_STAGE_2,0.2,0.01,bottom_oxide,0.0005,2.5e-06,5.0,25.000000000000004,0.09539665274034745,
fine,T01_A_STAGE_2,0.2,0.01,bottom_oxide,0.0005,3e-06,5.0,30.0,0.07447598316242679,
fine,T01_A_STAGE_2,0.2,0.01,bottom_oxide,0.0005250000000000001,0.0,5.250000000000001,0.0,0.2,
fine,T01_A_STAGE_2,0.2,0.01,bottom_oxide,0.0005250000000000001,5e-07,5.250000000000001,5.0,0.1791084186163256,
fine,T01_A_STAGE_2,0.2,0.01,bottom_oxide,0.0005250000000000001,1e-06,5.250000000000001,10.0,0.15821683722116264,
fine,T01_A_STAGE_2,0.2,0.01,bottom_oxide,0.0005250000000000001,1.5e-06,5.250000000000001,15.0,0.13732525580302266,
fine,T01_A_STAGE_2,0.2,0.01,bottom_oxide,0.0005250000000000001,2e-06,5.250000000000001,20.0,0.11643367435041704,
fine,T01_A_STAGE_2,0.2,0.01,bottom_oxide,0.0005250000000000001,2.5e-06,5.250000000000001,25.000000000000004,0.09554209285185732,
fine,T01_A_STAGE_2,0.2,0.01,bottom_oxide,0.0005250000000000001,3e-06,5.250000000000001,30.0,0.07465051129585494,
fine,T01_A_STAGE_2,0.2,0.01,bottom_oxide,0.0005499999999999999,0.0,5.499999999999999,0.0,0.2,
fine,T01_A_STAGE_2,0.2,0.01,bottom_oxide,0.0005499999999999999,5e-07,5.499999999999999,5.0,0.17913753536009483,
fine,T01_A_STAGE_2,0.2,0.01,bottom_oxide,0.0005499999999999999,1e-06,5.499999999999999,10.0,0.15827507070866603,
fine,T01_A_STAGE_2,0.2,0.01,bottom_oxide,0.0005499999999999999,1.5e-06,5.499999999999999,15.0,0.13741260603419006,
fine,T01_A_STAGE_2,0.2,0.01,bottom_oxide,0.0005499999999999999,2e-06,5.499999999999999,20.0,0.11655014132514334,
fine,T01_A_STAGE_2,0.2,0.01,bottom_oxide,0.0005499999999999999,2.5e-06,5.499999999999999,25.000000000000004,0.09568767657000221,
fine,T01_A_STAGE_2,0.2,0.01,bottom_oxide,0.0005499999999999999,3e-06,5.499999999999999,30.0,0.07482521175724317,
fine,T01_A_STAGE_2,0.2,0.01,bottom_oxide,0.000575,0.0,5.75,0.0,0.2,
fine,T01_A_STAGE_2,0.2,0.01,bottom_oxide,0.000575,5e-07,5.75,5.0,0.17916668091284066,
fine,T01_A_STAGE_2,0.2,0.01,bottom_oxide,0.000575,1e-06,5.75,10.0,0.1583333618141225,
fine,T01_A_STAGE_2,0.2,0.01,bottom_oxide,0.000575,1.5e-06,5.75,15.0,0.13750004269228663,
fine,T01_A_STAGE_2,0.2,0.01,bottom_oxide,0.000575,2e-06,5.75,20.0,0.11666672353577433,
fine,T01_A_STAGE_2,0.2,0.01,bottom_oxide,0.000575,2.5e-06,5.75,25.000000000000004,0.09583340433302667,
fine,T01_A_STAGE_2,0.2,0.01,bottom_oxide,0.000575,3e-06,5.75,30.0,0.07500008507248487,
fine,T01_A_STAGE_2,0.2,0.01,bottom_oxide,0.0006000000000000001,0.0,6.000000000000001,0.0,0.2,
fine,T01_A_STAGE_2,0.2,0.01,bottom_oxide,0.0006000000000000001,5e-07,6.000000000000001,5.0,0.17919585536266197,
fine,T01_A_STAGE_2,0.2,0.01,bottom_oxide,0.0006000000000000001,1e-06,6.000000000000001,10.0,0.1583917107137297,
fine,T01_A_STAGE_2,0.2,0.01,bottom_oxide,0.0006000000000000001,1.5e-06,6.000000000000001,15.0,0.1375875660416089,
fine,T01_A_STAGE_2,0.2,0.01,bottom_oxide,0.0006000000000000001,2e-06,6.000000000000001,20.0,0.11678342133470537,
fine,T01_A_STAGE_2,0.2,0.01,bottom_oxide,0.0006000000000000001,2.5e-06,6.000000000000001,25.000000000000004,0.09597927658142483,
fine,T01_A_STAGE_2,0.2,0.01,bottom_oxide,0.0006000000000000001,3e-06,6.000000000000001,30.0,0.07517513177017303,
fine,T01_A_STAGE_2,0.2,0.01,bottom_oxide,0.000625,0.0,6.25,0.0,0.2,
fine,T01_A_STAGE_2,0.2,0.01,bottom_oxide,0.000625,5e-07,6.25,5.0,0.17922505879811076,
fine,T01_A_STAGE_2,0.2,0.01,bottom_oxide,0.000625,1e-06,6.25,10.0,0.15845011758459168,
fine,T01_A_STAGE_2,0.2,0.01,bottom_oxide,0.000625,1.5e-06,6.25,15.0,0.13767517634781284,
fine,T01_A_STAGE_2,0.2,0.01,bottom_oxide,0.000625,2e-06,6.25,20.0,0.1169002350761445,
fine,T01_A_STAGE_2,0.2,0.01,bottom_oxide,0.000625,2.5e-06,6.25,25.000000000000004,0.0961252937579567,
fine,T01_A_STAGE_2,0.2,0.01,bottom_oxide,0.000625,3e-06,6.25,30.0,0.07535035238161965,
fine,T01_A_STAGE_2,0.2,0.01,bottom_oxide,0.0006500000000000001,0.0,6.500000000000001,0.0,0.2,
fine,T01_A_STAGE_2,0.2,0.01,bottom_oxide,0.0006500000000000001,5e-07,6.500000000000001,5.0,0.17925429130819548,
fine,T01_A_STAGE_2,0.2,0.01,bottom_oxide,0.0006500000000000001,1e-06,6.500000000000001,10.0,0.15850858260472533,
fine,T01_A_STAGE_2,0.2,0.01,bottom_oxide,0.0006500000000000001,1.5e-06,6.500000000000001,15.0,0.13776287387792388,
fine,T01_A_STAGE_2,0.2,0.01,bottom_oxide,0.0006500000000000001,2e-06,6.500000000000001,20.0,0.11701716511612553,
fine,T01_A_STAGE_2,0.2,0.01,bottom_oxide,0.0006500000000000001,2.5e-06,6.500000000000001,25.000000000000004,0.0962714563076646,
fine,T01_A_STAGE_2,0.2,0.01,bottom_oxide,0.0006500000000000001,3e-06,6.500000000000001,30.0,0.07552574744087545,
fine,T01_A_STAGE_2,0.2,0.01,bottom_oxide,0.000675,0.0,6.75,0.0,0.2,
fine,T01_A_STAGE_2,0.2,0.01,bottom_oxide,0.000675,5e-07,6.75,5.0,0.17928355298238438,
fine,T01_A_STAGE_2,0.2,0.01,bottom_oxide,0.000675,1e-06,6.75,10.0,0.15856710595306714,
fine,T01_A_STAGE_2,0.2,0.01,bottom_oxide,0.000675,1.5e-06,6.75,15.0,0.13785065890034667,
fine,T01_A_STAGE_2,0.2,0.01,bottom_oxide,0.000675,2e-06,6.75,20.0,0.11713421181252136,
fine,T01_A_STAGE_2,0.2,0.01,bottom_oxide,0.000675,2.5e-06,6.75,25.000000000000004,0.09641776467788958,
fine,T01_A_STAGE_2,0.2,0.01,bottom_oxide,0.000675,3e-06,6.75,30.0,0.07570131748474974,
fine,T01_A_STAGE_2,0.2,0.01,bottom_oxide,0.0007,0.0,7.0,0.0,0.2,
fine,T01_A_STAGE_2,0.2,0.01,bottom_oxide,0.0007,5e-07,7.0,5.0,0.17931284391060875,
fine,T01_A_STAGE_2,0.2,0.01,bottom_oxide,0.0007,1e-06,7.0,10.0,0.15862568780947972,
fine,T01_A_STAGE_2,0.2,0.01,bottom_oxide,0.0007,1.5e-06,7.0,15.0,0.13793853168487516,
fine,T01_A_STAGE_2,0.2,0.01,bottom_oxide,0.0007,2e-06,7.0,20.0,0.11725137552505727,
fine,T01_A_STAGE_2,0.2,0.01,bottom_oxide,0.0007,2.5e-06,7.0,25.000000000000004,0.09656421931828826,
fine,T01_A_STAGE_2,0.2,0.01,bottom_oxide,0.0007,3e-06,7.0,30.0,0.07587706305283042,
fine,T01_A_STAGE_2,0.2,0.01,bottom_oxide,0.0007250000000000001,0.0,7.250000000000001,0.0,0.2,
fine,T01_A_STAGE_2,0.2,0.01,bottom_oxide,0.0007250000000000001,5e-07,7.250000000000001,5.0,0.1793421641832664,
fine,T01_A_STAGE_2,0.2,0.01,bottom_oxide,0.0007250000000000001,1e-06,7.250000000000001,10.0,0.15868432835475868,
fine,T01_A_STAGE_2,0.2,0.01,bottom_oxide,0.0007250000000000001,1.5e-06,7.250000000000001,15.0,0.1380264925027027,
fine,T01_A_STAGE_2,0.2,0.01,bottom_oxide,0.0007250000000000001,2e-06,7.250000000000001,20.0,0.1173686566153244,
fine,T01_A_STAGE_2,0.2,0.01,bottom_oxide,0.0007250000000000001,2.5e-06,7.250000000000001,25.000000000000004,0.09671082068084959,
fine,T01_A_STAGE_2,0.2,0.01,bottom_oxide,0.0007250000000000001,3e-06,7.250000000000001,30.0,0.07605298468750418,
fine,T01_A_STAGE_2,0.2,0.01,bottom_oxide,0.00075,0.0,7.5,0.0,0.2,
fine,T01_A_STAGE_2,0.2,0.01,bottom_oxide,0.00075,5e-07,7.5,5.0,0.179371513891225,
fine,T01_A_STAGE_2,0.2,0.01,bottom_oxide,0.00075,1e-06,7.5,10.0,0.15874302777063934,
fine,T01_A_STAGE_2,0.2,0.01,bottom_oxide,0.00075,1.5e-06,7.5,15.0,0.13811454162643236,
fine,T01_A_STAGE_2,0.2,0.01,bottom_oxide,0.00075,2e-06,7.5,20.0,0.11748605544679341,
fine,T01_A_STAGE_2,0.2,0.01,bottom_oxide,0.00075,2.5e-06,7.5,25.000000000000004,0.09685756921991183,
fine,T01_A_STAGE_2,0.2,0.01,bottom_oxide,0.00075,3e-06,7.5,30.0,0.07622908293397697,
fine,T01_A_STAGE_2,0.2,0.01,bottom_oxide,0.000775,0.0,7.75,0.0,0.2,
fine,T01_A_STAGE_2,0.2,0.01,bottom_oxide,0.000775,5e-07,7.75,5.0,0.1794008931258255,
fine,T01_A_STAGE_2,0.2,0.01,bottom_oxide,0.000775,1e-06,7.75,10.0,0.15880178623980362,
fine,T01_A_STAGE_2,0.2,0.01,bottom_oxide,0.000775,1.5e-06,7.75,15.0,0.13820267933008695,
fine,T01_A_STAGE_2,0.2,0.01,bottom_oxide,0.000775,2e-06,7.75,20.0,0.11760357238482816,
fine,T01_A_STAGE_2,0.2,0.01,bottom_oxide,0.000775,2.5e-06,7.75,25.000000000000004,0.09700446539217981,
fine,T01_A_STAGE_2,0.2,0.01,bottom_oxide,0.000775,3e-06,7.75,30.0,0.07640535834029456,
fine,T01_A_STAGE_2,0.2,0.01,bottom_oxide,0.0008,0.0,8.0,0.0,0.2,
fine,T01_A_STAGE_2,0.2,0.01,bottom_oxide,0.0008,5e-07,8.0,5.0,0.17943030197888568,
fine,T01_A_STAGE_2,0.2,0.01,bottom_oxide,0.0008,1e-06,8.0,10.0,0.15886060394588702,
fine,T01_A_STAGE_2,0.2,0.01,bottom_oxide,0.0008,1.5e-06,8.0,15.0,0.13829090588911977,
fine,T01_A_STAGE_2,0.2,0.01,bottom_oxide,0.0008,2e-06,8.0,20.0,0.11772120779669962,
fine,T01_A_STAGE_2,0.2,0.01,bottom_oxide,0.0008,2.5e-06,8.0,25.000000000000004,0.09715150965674224,
fine,T01_A_STAGE_2,0.2,0.01,bottom_oxide,0.0008,3e-06,8.0,30.0,0.07658181145736336,
fine,T01_A_STAGE_2,0.2,0.01,bottom_oxide,0.000825,0.0,8.25,0.0,0.2,
fine,T01_A_STAGE_2,0.2,0.01,bottom_oxide,0.000825,5e-07,8.25,5.0,0.1794597405427035,
fine,T01_A_STAGE_2,0.2,0.01,bottom_oxide,0.000825,1e-06,8.25,10.0,0.15891948107348558,
fine,T01_A_STAGE_2,0.2,0.01,bottom_oxide,0.000825,1.5e-06,8.25,15.0,0.13837922158042482,
fine,T01_A_STAGE_2,0.2,0.01,bottom_oxide,0.000825,2e-06,8.25,20.0,0.11783896205159983,
fine,T01_A_STAGE_2,0.2,0.01,bottom_oxide,0.000825,2.5e-06,8.25,25.000000000000004,0.09729870247508915,
fine,T01_A_STAGE_2,0.2,0.01,bottom_oxide,0.000825,3e-06,8.25,30.0,0.0767584428389714,
fine,T01_A_STAGE_2,0.2,0.01,bottom_oxide,0.0008500000000000001,0.0,8.5,0.0,0.2,
fine,T01_A_STAGE_2,0.2,0.01,bottom_oxide,0.0008500000000000001,5e-07,8.5,5.0,0.17948920891006082,
fine,T01_A_STAGE_2,0.2,0.01,bottom_oxide,0.0008500000000000001,1e-06,8.5,10.0,0.1589784178081629,
fine,T01_A_STAGE_2,0.2,0.01,bottom_oxide,0.0008500000000000001,1.5e-06,8.5,15.0,0.13846762668234755,
fine,T01_A_STAGE_2,0.2,0.01,bottom_oxide,0.0008500000000000001,2e-06,8.5,20.0,0.11795683552065601,
fine,T01_A_STAGE_2,0.2,0.01,bottom_oxide,0.0008500000000000001,2.5e-06,8.5,25.000000000000004,0.09744604431112958,
fine,T01_A_STAGE_2,0.2,0.01,bottom_oxide,0.0008500000000000001,3e-06,8.5,30.0,0.07693525304180954,
fine,T01_A_STAGE_2,0.2,0.01,bottom_oxide,0.0008750000000000001,0.0,8.750000000000002,0.0,0.2,
fine,T01_A_STAGE_2,0.2,0.01,bottom_oxide,0.0008750000000000001,5e-07,8.750000000000002,5.0,0.17951870717422716,
fine,T01_A_STAGE_2,0.2,0.01,bottom_oxide,0.0008750000000000001,1e-06,8.750000000000002,10.0,0.159037414336458,
fine,T01_A_STAGE_2,0.2,0.01,bottom_oxide,0.0008750000000000001,1.5e-06,8.750000000000002,15.0,0.13855612147469618,
fine,T01_A_STAGE_2,0.2,0.01,bottom_oxide,0.0008750000000000001,2e-06,8.750000000000002,20.0,0.11807482857694551,
fine,T01_A_STAGE_2,0.2,0.01,bottom_oxide,0.0008750000000000001,2.5e-06,8.750000000000002,25.000000000000004,0.09759353563120973,
fine,T01_A_STAGE_2,0.2,0.01,bottom_oxide,0.0008750000000000001,3e-06,8.750000000000002,30.0,0.07711224262549274,
fine,T01_A_STAGE_2,0.2,0.01,bottom_oxide,0.0009000000000000001,0.0,9.0,0.0,0.2,
fine,T01_A_STAGE_2,0.2,0.01,bottom_oxide,0.0009000000000000001,5e-07,9.0,5.0,0.17954823542920353,
fine,T01_A_STAGE_2,0.2,0.01,bottom_oxide,0.0009000000000000001,1e-06,9.0,10.0,0.15909647084631245,
fine,T01_A_STAGE_2,0.2,0.01,bottom_oxide,0.0009000000000000001,1.5e-06,9.0,15.0,0.13864470623924663,
fine,T01_A_STAGE_2,0.2,0.01,bottom_oxide,0.0009000000000000001,2e-06,9.0,20.0,0.11819294159595169,
fine,T01_A_STAGE_2,0.2,0.01,bottom_oxide,0.0009000000000000001,2.5e-06,9.0,25.000000000000004,0.09774117690440454,
fine,T01_A_STAGE_2,0.2,0.01,bottom_oxide,0.0009000000000000001,3e-06,9.0,30.0,0.07728941215261144,
fine,T01_A_STAGE_2,0.2,0.01,bottom_oxide,0.0009249999999999999,0.0,9.25,0.0,0.2,
fine,T01_A_STAGE_2,0.2,0.01,bottom_oxide,0.0009249999999999999,5e-07,9.25,5.0,0.17957779392068074,
fine,T01_A_STAGE_2,0.2,0.01,bottom_oxide,0.0009249999999999999,1e-06,9.25,10.0,0.15915558779301922,
fine,T01_A_STAGE_2,0.2,0.01,bottom_oxide,0.0009249999999999999,1.5e-06,9.25,15.0,0.13873338157658027,
fine,T01_A_STAGE_2,0.2,0.01,bottom_oxide,0.0009249999999999999,2e-06,9.25,20.0,0.11831117524547885,
fine,T01_A_STAGE_2,0.2,0.01,bottom_oxide,0.0009249999999999999,2.5e-06,9.25,25.000000000000004,0.0978889687924916,
fine,T01_A_STAGE_2,0.2,0.01,bottom_oxide,0.0009249999999999999,3e-06,9.25,30.0,0.07746676222936091,
fine,T01_A_STAGE_2,0.2,0.01,bottom_oxide,0.00095,0.0,9.5,0.0,0.2,
fine,T01_A_STAGE_2,0.2,0.01,bottom_oxide,0.00095,5e-07,9.5,5.0,0.17960747326769483,
fine,T01_A_STAGE_2,0.2,0.01,bottom_oxide,0.00095,1e-06,9.5,10.0,0.1592149266833375,
fine,T01_A_STAGE_2,0.2,0.01,bottom_oxide,0.00095,1.5e-06,9.5,15.0,0.13882234357014234,
fine,T01_A_STAGE_2,0.2,0.01,bottom_oxide,0.00095,2e-06,9.5,20.0,0.11842971360950642,
fine,T01_A_STAGE_2,0.2,0.01,bottom_oxide,0.00095,2.5e-06,9.5,25.000000000000004,0.09803703603923984,
fine,T01_A_STAGE_2,0.2,0.01,bottom_oxide,0.00095,3e-06,9.5,30.0,0.07764432287480272,
fine,T01_A_STAGE_2,0.2,0.01,bottom_oxide,0.000975,0.0,9.75,0.0,0.2,
fine,T01_A_STAGE_2,0.2,0.01,bottom_oxide,0.000975,5e-07,9.75,5.0,0.17968678274508806,
fine,T01_A_STAGE_2,0.2,0.01,bottom_oxide,0.000975,1e-06,9.75,10.0,0.1593655876682451,
fine,T01_A_STAGE_2,0.2,0.01,bottom_oxide,0.000975,1.5e-06,9.75,15.0,0.13902842416558683,
fine,T01_A_STAGE_2,0.2,0.01,bottom_oxide,0.000975,2e-06,9.75,20.0,0.11866727605014767,
fine,T01_A_STAGE_2,0.2,0.01,bottom_oxide,0.000975,2.5e-06,9.75,25.000000000000004,0.09827408871237471,
fine,T01_A_STAGE_2,0.2,0.01,bottom_oxide,0.000975,3e-06,9.75,30.0,0.07784075622298327,
fine,T01_A_STAGE_2,0.2,0.01,bottom_oxide,0.001,0.0,10.0,0.0,0.2,
fine,T01_A_STAGE_2,0.2,0.01,bottom_oxide,0.001,5e-07,10.0,5.0,0.19971064704999958,
fine,T01_A_STAGE_2,0.2,0.01,bottom_oxide,0.001,1e-06,10.0,10.0,0.19943731319144306,
fine,T01_A_STAGE_2,0.2,0.01,bottom_oxide,0.001,1.5e-06,10.0,15.0,0.1991960367133051,
fine,T01_A_STAGE_2,0.2,0.01,bottom_oxide,0.001,2e-06,10.0,20.0,0.19900289432520532,
fine,T01_A_STAGE_2,0.2,0.01,bottom_oxide,0.001,2.5e-06,10.0,25.000000000000004,0.19887402043172558,
fine,T01_A_STAGE_2,0.2,0.01,bottom_oxide,0.001,3e-06,10.0,30.0,0.19882562648362131,
fine,T01_A_STAGE_2,0.2,0.01,channel,0.0,3e-06,0.0,30.0,0.0,1e+16
fine,T01_A_STAGE_2,0.2,0.01,channel,0.0,3.3e-06,0.0,33.0,0.0,1e+16
fine,T01_A_STAGE_2,0.2,0.01,channel,2.5e-05,3e-06,0.25,30.0,0.07121408160818941,1.5274594080716733e+17
fine,T01_A_STAGE_2,0.2,0.01,channel,2.5e-05,3.3e-06,0.25,33.0,0.06358200292757214,1.1369896481686554e+17
fine,T01_A_STAGE_2,0.2,0.01,channel,0.0,3.6000000000000003e-06,0.0,36.0,0.0,1e+16
fine,T01_A_STAGE_2,0.2,0.01,channel,2.5e-05,3.6000000000000003e-06,0.25,36.0,0.05764785371165215,9.037898630124744e+16
fine,T01_A_STAGE_2,0.2,0.01,channel,0.0,3.9e-06,0.0,39.0,0.0,1e+16
fine,T01_A_STAGE_2,0.2,0.01,channel,2.5e-05,3.9e-06,0.25,39.0,0.05303099453379709,7.559760407955347e+16
fine,T01_A_STAGE_2,0.2,0.01,channel,0.0,4.2000000000000004e-06,0.0,42.00000000000001,0.0,1e+16
fine,T01_A_STAGE_2,0.2,0.01,channel,2.5e-05,4.2000000000000004e-06,0.25,42.00000000000001,0.049490033091224885,6.5920870372756056e+16
fine,T01_A_STAGE_2,0.2,0.01,channel,0.0,4.5e-06,0.0,45.0,0.0,1e+16
fine,T01_A_STAGE_2,0.2,0.01,channel,2.5e-05,4.5e-06,0.25,45.0,0.04686686523349165,5.956018973663061e+16
fine,T01_A_STAGE_2,0.2,0.01,channel,0.0,4.8e-06,0.0,48.0,0.0,1e+16
fine,T01_A_STAGE_2,0.2,0.01,channel,2.5e-05,4.8e-06,0.25,48.0,0.04505752365943826,5.553423821622975e+16
fine,T01_A_STAGE_2,0.2,0.01,channel,0.0,5.1e-06,0.0,51.0,0.0,1e+16
fine,T01_A_STAGE_2,0.2,0.01,channel,2.5e-05,5.1e-06,0.25,51.0,0.043996181381349336,5.3300499755338376e+16
fine,T01_A_STAGE_2,0.2,0.01,channel,0.0,5.4e-06,0.0,54.0,0.0,1e+16
fine,T01_A_STAGE_2,0.2,0.01,channel,2.5e-05,5.4e-06,0.25,54.0,0.04364630697624239,5.258401328813885e+16
fine,T01_A_STAGE_2,0.2,0.01,channel,5e-05,3e-06,0.5,30.0,0.07136340179162504,1.523317046394198e+17
fine,T01_A_STAGE_2,0.2,0.01,channel,5e-05,3.3e-06,0.5,33.0,0.06377504559364837,1.135825273413402e+17
fine,T01_A_STAGE_2,0.2,0.01,channel,5e-05,3.6000000000000003e-06,0.5,36.0,0.057873596346809594,9.040064785483066e+16
fine,T01_A_STAGE_2,0.2,0.01,channel,5e-05,3.9e-06,0.5,39.0,0.05328152663302296,7.568819795989536e+16
fine,T01_A_STAGE_2,0.2,0.01,channel,5e-05,4.2000000000000004e-06,0.5,42.00000000000001,0.04975923803184129,6.604749025906889e+16
fine,T01_A_STAGE_2,0.2,0.01,channel,5e-05,4.5e-06,0.5,45.0,0.04714972787339691,5.970606875134851e+16
fine,T01_A_STAGE_2,0.2,0.01,channel,5e-05,4.8e-06,0.5,48.0,0.04534972381592071,5.569032318398379e+16
fine,T01_A_STAGE_2,0.2,0.01,channel,5e-05,5.1e-06,0.5,51.0,0.044293828076829536,5.346154060770488e+16
fine,T01_A_STAGE_2,0.2,0.01,channel,5e-05,5.4e-06,0.5,54.0,0.04394574420663028,5.2746532856669416e+16
fine,T01_A_STAGE_2,0.2,0.01,channel,7.500000000000001e-05,3e-06,0.7500000000000001,30.0,0.07153487425809354,1.520482346908121e+17
fine,T01_A_STAGE_2,0.2,0.01,channel,7.500000000000001e-05,3.3e-06,0.7500000000000001,33.0,0.06395591702119281,1.1341239040627784e+17
fine,T01_A_STAGE_2,0.2,0.01,channel,7.500000000000001e-05,3.6000000000000003e-06,0.7500000000000001,36.0,0.058061094173223325,9.028837535313445e+16
fine,T01_A_STAGE_2,0.2,0.01,channel,7.500000000000001e-05,3.9e-06,0.7500000000000001,39.0,0.0534738169039058,7.560821260973482e+16
fine,T01_A_STAGE_2,0.2,0.01,channel,7.500000000000001e-05,4.2000000000000004e-06,0.7500000000000001,42.00000000000001,0.04995500973365604,6.5986578778903096e+16
fine,T01_A_STAGE_2,0.2,0.01,channel,7.500000000000001e-05,4.5e-06,0.7500000000000001,45.0,0.047347978438633115,5.96567257050046e+16
fine,T01_A_STAGE_2,0.2,0.01,channel,7.500000000000001e-05,4.8e-06,0.7500000000000001,48.0,0.04554963746962469,5.564787874710204e+16
fine,T01_A_STAGE_2,0.2,0.01,channel,7.500000000000001e-05,5.1e-06,0.7500000000000001,51.0,0.044494700289471584,5.342277570580478e+16
fine,T01_A_STAGE_2,0.2,0.01,channel,7.500000000000001e-05,5.4e-06,0.7500000000000001,54.0,0.04414692972741707,5.270892521601789e+16
fine,T01_A_STAGE_2,0.2,0.01,channel,0.0001,3e-06,1.0,30.0,0.07170655067223371,1.517649926191589e+17
fine,T01_A_STAGE_2,0.2,0.01,channel,0.0001,3.3e-06,1.0,33.0,0.0641369611225973,1.1324214766858363e+17
fine,T01_A_STAGE_2,0.2,0.01,channel,0.0001,3.6000000000000003e-06,1.0,36.0,0.058248733453839414,9.017584604140954e+16
fine,T01_A_STAGE_2,0.2,0.01,channel,0.0001,3.9e-06,1.0,39.0,0.053666218748500576,7.55278924421816e+16
fine,T01_A_STAGE_2,0.2,0.01,channel,0.0001,4.2000000000000004e-06,1.0,42.00000000000001,0.050150866067345444,6.592528859020726e+16
fine,T01_A_STAGE_2,0.2,0.01,channel,0.0001,4.5e-06,1.0,45.0,0.047546291096728616,5.960697814226403e+16
fine,T01_A_STAGE_2,0.2,0.01,channel,0.0001,4.8e-06,1.0,48.0,0.04574959626233332,5.560501470485582e+16
fine,T01_A_STAGE_2,0.2,0.01,channel,0.0001,5.1e-06,1.0,51.0,0.044695607126494695,5.338358324627039e+16
fine,T01_A_STAGE_2,0.2,0.01,channel,0.0001,5.4e-06,1.0,54.0,0.04434814631067295,5.267088753092269e+16
fine,T01_A_STAGE_2,0.2,0.01,channel,0.000125,3e-06,1.25,30.0,0.07187839094960222,1.5148173670984963e+17
fine,T01_A_STAGE_2,0.2,0.01,channel,0.000125,3.3e-06,1.25,33.0,0.0643181800403717,1.1307180421173658e+17
fine,T01_A_STAGE_2,0.2,0.01,channel,0.000125,3.6000000000000003e-06,1.25,36.0,0.05843655686392976,9.006320564968858e+16
fine,T01_A_STAGE_2,0.2,0.01,channel,0.000125,3.9e-06,1.25,39.0,0.05385881223272709,7.544746897534762e+16
fine,T01_A_STAGE_2,0.2,0.01,channel,0.000125,4.2000000000000004e-06,1.25,42.00000000000001,0.05034691987996257,6.586390554062441e+16
fine,T01_A_STAGE_2,0.2,0.01,channel,0.000125,4.5e-06,1.25,45.0,0.047744805576891425,5.955714662298997e+16
fine,T01_A_STAGE_2,0.2,0.01,channel,0.000125,4.8e-06,1.25,48.0,0.04594975987296719,5.5562073091684056e+16
fine,T01_A_STAGE_2,0.2,0.01,channel,0.000125,5.1e-06,1.25,51.0,0.04489672053687888,5.334431698761809e+16
fine,T01_A_STAGE_2,0.2,0.01,channel,0.000125,5.4e-06,1.25,54.0,0.04454957004549253,5.2632777289107944e+16
fine,T01_A_STAGE_2,0.2,0.01,channel,0.00015000000000000001,3e-06,1.5000000000000002,30.0,0.07205039549272325,1.5119846642625933e+17
fine,T01_A_STAGE_2,0.2,0.01,channel,0.00015000000000000001,3.3e-06,1.5000000000000002,33.0,0.06449957427678872,1.1290135976506584e+17
fine,T01_A_STAGE_2,0.2,0.01,channel,0.00015000000000000001,3.6000000000000003e-06,1.5000000000000002,36.0,0.0586245650008692,8.995045408542344e+16
fine,T01_A_STAGE_2,0.2,0.01,channel,0.00015000000000000001,3.9e-06,1.5000000000000002,39.0,0.054051598041503134,7.536694225672336e+16
fine,T01_A_STAGE_2,0.2,0.01,channel,0.00015000000000000001,4.2000000000000004e-06,1.5000000000000002,42.00000000000001,0.05054317193332707,6.580242978652364e+16
fine,T01_A_STAGE_2,0.2,0.01,channel,0.00015000000000000001,4.5e-06,1.5000000000000002,45.0,0.047943522704273864,5.950723138434375e+16
fine,T01_A_STAGE_2,0.2,0.01,channel,0.00015000000000000001,4.8e-06,1.5000000000000002,48.0,0.04615012917390293,5.551905420020527e+16
fine,T01_A_STAGE_2,0.2,0.01,channel,0.00015000000000000001,5.1e-06,1.5000000000000002,51.0,0.045098041422159126,5.330497725480528e+16
fine,T01_A_STAGE_2,0.2,0.01,channel,0.00015000000000000001,5.4e-06,1.5000000000000002,54.0,0.04475120184327045,5.259459482615238e+16
fine,T01_A_STAGE_2,0.2,0.01,channel,0.000175,3e-06,1.75,30.0,0.07222256478663415,1.50915181708064e+17
fine,T01_A_STAGE_2,0.2,0.01,channel,0.000175,3.3e-06,1.75,33.0,0.06468114434950989,1.1273081411717813e+17
fine,T01_A_STAGE_2,0.2,0.01,channel,0.000175,3.6000000000000003e-06,1.75,36.0,0.05881275841150259,8.983759107156562e+16
fine,T01_A_STAGE_2,0.2,0.01,channel,0.000175,3.9e-06,1.75,39.0,0.05424457674633736,7.528631199412146e+16
fine,T01_A_STAGE_2,0.2,0.01,channel,0.000175,4.2000000000000004e-06,1.75,42.00000000000001,0.050739622818836205,6.5740861041243224e+16
fine,T01_A_STAGE_2,0.2,0.01,channel,0.000175,4.5e-06,1.75,45.0,0.0481424430854684,5.945723215104232e+16
fine,T01_A_STAGE_2,0.2,0.01,channel,0.000175,4.8e-06,1.75,48.0,0.04635070478241322,5.547595776576655e+16
fine,T01_A_STAGE_2,0.2,0.01,channel,0.000175,5.1e-06,1.75,51.0,0.04529957040594115,5.326556379026779e+16
fine,T01_A_STAGE_2,0.2,0.01,channel,0.000175,5.4e-06,1.75,54.0,0.0449530423297105,5.255633988694877e+16
fine,T01_A_STAGE_2,0.2,0.01,channel,0.0002,3e-06,2.0,30.0,0.07239489931895524,1.506318824955062e+17
fine,T01_A_STAGE_2,0.2,0.01,channel,0.0002,3.3e-06,2.0,33.0,0.06486289077882734,1.1256016705601462e+17
fine,T01_A_STAGE_2,0.2,0.01,channel,0.0002,3.6000000000000003e-06,2.0,36.0,0.0590011376453404,8.97246163296541e+16
fine,T01_A_STAGE_2,0.2,0.01,channel,0.0002,3.9e-06,2.0,39.0,0.05443774892142365,7.52055778935229e+16
fine,T01_A_STAGE_2,0.2,0.01,channel,0.0002,4.2000000000000004e-06,2.0,42.00000000000001,0.05093627313057894,6.567919901606174e+16
fine,T01_A_STAGE_2,0.2,0.01,channel,0.0002,4.5e-06,2.0,45.0,0.04834156732975708,5.940714864562082e+16
fine,T01_A_STAGE_2,0.2,0.01,channel,0.0002,4.8e-06,2.0,48.0,0.04655148731845439,5.543278352146938e+16
fine,T01_A_STAGE_2,0.2,0.01,channel,0.0002,5.1e-06,2.0,51.0,0.045501308114508955,5.322607633416553e+16
fine,T01_A_STAGE_2,0.2,0.01,channel,0.0002,5.4e-06,2.0,54.0,0.04515509213319259,5.251801221410498e+16
fine,T01_A_STAGE_2,0.2,0.01,channel,0.00022500000000000002,3e-06,2.25,30.0,0.07256739957973499,1.5034856872837398e+17
fine,T01_A_STAGE_2,0.2,0.01,channel,0.00022500000000000002,3.3e-06,2.25,33.0,0.06504481408762257,1.1238941836857837e+17
fine,T01_A_STAGE_2,0.2,0.01,channel,0.00022500000000000002,3.6000000000000003e-06,2.25,36.0,0.05918970325462832,8.961152957997946e+16
fine,T01_A_STAGE_2,0.2,0.01,channel,0.00022500000000000002,3.9e-06,2.25,39.0,0.054631115143816626,7.51247396595202e+16
fine,T01_A_STAGE_2,0.2,0.01,channel,0.00022500000000000002,4.2000000000000004e-06,2.25,42.00000000000001,0.05113312346560798,6.561744342082876e+16
fine,T01_A_STAGE_2,0.2,0.01,channel,0.00022500000000000002,4.5e-06,2.25,45.0,0.04854089604946537,5.93569805891904e+16
fine,T01_A_STAGE_2,0.2,0.01,channel,0.00022500000000000002,4.8e-06,2.25,48.0,0.04675247740508285,5.5389531199010456e+16
fine,T01_A_STAGE_2,0.2,0.01,channel,0.00022500000000000002,5.1e-06,2.25,51.0,0.045703255177280334,5.318651462527019e+16
fine,T01_A_STAGE_2,0.2,0.01,channel,0.00022500000000000002,5.4e-06,2.25,54.0,0.04535735188524168,5.247961154884696e+16
fine,T01_A_STAGE_2,0.2,0.01,channel,0.00025,3e-06,2.5,30.0,0.07274006606146659,1.5006524034599418e+17
fine,T01_A_STAGE_2,0.2,0.01,channel,0.00025,3.3e-06,2.5,33.0,0.06522691480138423,1.1221856784092664e+17
fine,T01_A_STAGE_2,0.2,0.01,channel,0.00025,3.6000000000000003e-06,2.5,36.0,0.05937845579436631,8.949833054157533e+16
fine,T01_A_STAGE_2,0.2,0.01,channel,0.00025,3.9e-06,2.5,39.0,0.05482467599345186,7.504379699530837e+16
fine,T01_A_STAGE_2,0.2,0.01,channel,0.00025,4.2000000000000004e-06,2.5,42.00000000000001,0.0513301744239608,6.555559396395559e+16
fine,T01_A_STAGE_2,0.2,0.01,channel,0.00025,4.5e-06,2.5,45.0,0.04874042985998399,5.930672770142914e+16
fine,T01_A_STAGE_2,0.2,0.01,channel,0.00025,4.8e-06,2.5,48.0,0.0469536756684773,5.5346200528672616e+16
fine,T01_A_STAGE_2,0.2,0.01,channel,0.00025,5.1e-06,2.5,51.0,0.045905412226829506,5.314687840095634e+16
fine,T01_A_STAGE_2,0.2,0.01,channel,0.00025,5.4e-06,2.5,54.0,0.04555982222055046,5.244113763100987e+16
fine,T01_A_STAGE_2,0.2,0.01,channel,0.00027499999999999996,3e-06,2.7499999999999996,30.0,0.07291289925910514,1.4978189728722902e+17
fine,T01_A_STAGE_2,0.2,0.01,channel,0.00027499999999999996,3.3e-06,2.7499999999999996,33.0,0.06540919344822654,1.1204761525816488e+17
fine,T01_A_STAGE_2,0.2,0.01,channel,0.00027499999999999996,3.6000000000000003e-06,2.7499999999999996,36.0,0.05956739582232799,8.938501893221014e+16
fine,T01_A_STAGE_2,0.2,0.01,channel,0.00027499999999999996,3.9e-06,2.7499999999999996,39.0,0.05501843205316604,7.496274960267552e+16
fine,T01_A_STAGE_2,0.2,0.01,channel,0.00027499999999999996,4.2000000000000004e-06,2.7499999999999996,42.00000000000001,0.051527426608680656,6.549365035240549e+16
fine,T01_A_STAGE_2,0.2,0.01,channel,0.00027499999999999996,4.5e-06,2.7499999999999996,45.0,0.048940169379790406,5.92563897005719e+16
fine,T01_A_STAGE_2,0.2,0.01,channel,0.00027499999999999996,4.8e-06,2.7499999999999996,48.0,0.047155082737960735,5.5302791239314824e+16
fine,T01_A_STAGE_2,0.2,0.01,channel,0.00027499999999999996,5.1e-06,2.7499999999999996,51.0,0.04610777989890927,5.310716739719144e+16
fine,T01_A_STAGE_2,0.2,0.01,channel,0.00027499999999999996,5.4e-06,2.7499999999999996,54.0,0.045762503777001605,5.240259019902818e+16
fine,T01_A_STAGE_2,0.2,0.01,channel,0.00030000000000000003,3e-06,3.0000000000000004,30.0,0.07308589967008494,1.4949853949047178e+17
fine,T01_A_STAGE_2,0.2,0.01,channel,0.00030000000000000003,3.3e-06,3.0000000000000004,33.0,0.06559165055890766,1.1187656040443995e+17
fine,T01_A_STAGE_2,0.2,0.01,channel,0.00030000000000000003,3.6000000000000003e-06,3.0000000000000004,36.0,0.05975652389908009,8.927159446837872e+16
fine,T01_A_STAGE_2,0.2,0.01,channel,0.00030000000000000003,3.9e-06,3.0000000000000004,39.0,0.05521238390871741,7.488159718199342e+16
fine,T01_A_STAGE_2,0.2,0.01,channel,0.00030000000000000003,4.2000000000000004e-06,3.0000000000000004,42.00000000000001,0.051724880625837626,6.5431612291683496e+16
fine,T01_A_STAGE_2,0.2,0.01,channel,0.00030000000000000003,4.5e-06,3.0000000000000004,45.0,0.04914011523047056,5.92059663034002e+16
fine,T01_A_STAGE_2,0.2,0.01,channel,0.00030000000000000003,4.8e-06,3.0000000000000004,48.0,0.04735669924602254,5.525930305836185e+16
fine,T01_A_STAGE_2,0.2,0.01,channel,0.00030000000000000003,5.1e-06,3.0000000000000004,51.0,0.046310358832473406,5.3067381348525544e+16
fine,T01_A_STAGE_2,0.2,0.01,channel,0.00030000000000000003,5.4e-06,3.0000000000000004,54.0,0.04596539719569026,5.2363968989925224e+16
fine,T01_A_STAGE_2,0.2,0.01,channel,0.00032500000000000004,3e-06,3.2500000000000004,30.0,0.07325906779433689,1.49215166893643e+17
fine,T01_A_STAGE_2,0.2,0.01,channel,0.00032500000000000004,3.3e-06,3.2500000000000004,33.0,0.06577428666684827,1.117054030629337e+17
fine,T01_A_STAGE_2,0.2,0.01,channel,0.00032500000000000004,3.6000000000000003e-06,3.2500000000000004,36.0,0.059945840588002064,8.915805686529366e+16
fine,T01_A_STAGE_2,0.2,0.01,channel,0.00032500000000000004,3.9e-06,3.2500000000000004,39.0,0.055406532148806274,7.480033943220768e+16
fine,T01_A_STAGE_2,0.2,0.01,channel,0.00032500000000000004,4.2000000000000004e-06,3.2500000000000004,42.00000000000001,0.05192253708455001,6.536947948582632e+16
fine,T01_A_STAGE_2,0.2,0.01,channel,0.00032500000000000004,4.5e-06,3.2500000000000004,45.0,0.04934026803674077,5.915545722523168e+16
fine,T01_A_STAGE_2,0.2,0.01,channel,0.00032500000000000004,4.8e-06,3.2500000000000004,48.0,0.04755852582834083,5.5215735711793864e+16
fine,T01_A_STAGE_2,0.2,0.01,channel,0.00032500000000000004,5.1e-06,3.2500000000000004,51.0,0.046513149669699244,5.302751998808091e+16
fine,T01_A_STAGE_2,0.2,0.01,channel,0.00032500000000000004,5.4e-06,3.2500000000000004,54.0,0.046168503120946704,5.232527373930298e+16
fine,T01_A_STAGE_2,0.2,0.01,channel,0.00035,3e-06,3.5,30.0,0.07343240413430616,1.4893177943418662e+17
fine,T01_A_STAGE_2,0.2,0.01,channel,0.00035,3.3e-06,3.5,33.0,0.06595710230815045,1.1153414301585635e+17
fine,T01_A_STAGE_2,0.2,0.01,channel,0.00035,3.6000000000000003e-06,3.5,36.0,0.06013534645530603,8.904440583687702e+16
fine,T01_A_STAGE_2,0.2,0.01,channel,0.00035,3.9e-06,3.5,39.0,0.05560087736509582,7.471897605082821e+16
fine,T01_A_STAGE_2,0.2,0.01,channel,0.00035,4.2000000000000004e-06,3.5,42.00000000000001,0.052120396597005826,6.530725163739213e+16
fine,T01_A_STAGE_2,0.2,0.01,channel,0.00035,4.5e-06,3.5,45.0,0.04954062842646986,5.9104862179909896e+16
fine,T01_A_STAGE_2,0.2,0.01,channel,0.00035,4.8e-06,3.5,48.0,0.047760563123805014,5.51720889241361e+16
fine,T01_A_STAGE_2,0.2,0.01,channel,0.00035,5.1e-06,3.5,51.0,0.046716153056010484,5.298758304754168e+16
fine,T01_A_STAGE_2,0.2,0.01,channel,0.00035,5.4e-06,3.5,54.0,0.046371822200359236,5.228650418133168e+16
fine,T01_A_STAGE_2,0.2,0.01,channel,0.000375,3e-06,3.75,30.0,0.07360590919496995,1.4864837704906557e+17
fine,T01_A_STAGE_2,0.2,0.01,channel,0.000375,3.3e-06,3.75,33.0,0.06614009802161655,1.1136278004443974e+17
fine,T01_A_STAGE_2,0.2,0.01,channel,0.000375,3.6000000000000003e-06,3.75,36.0,0.060325042070056706,8.893064109575138e+16
fine,T01_A_STAGE_2,0.2,0.01,channel,0.000375,3.9e-06,3.75,39.0,0.055795420152233016,7.463750673391938e+16
fine,T01_A_STAGE_2,0.2,0.01,channel,0.000375,4.2000000000000004e-06,3.75,42.00000000000001,0.05231845977848451,6.524492844745021e+16
fine,T01_A_STAGE_2,0.2,0.01,channel,0.000375,4.5e-06,3.75,45.0,0.049741197030701484,5.905418087979369e+16
fine,T01_A_STAGE_2,0.2,0.01,channel,0.000375,4.8e-06,3.75,48.0,0.04796281177453852,5.512836241844821e+16
fine,T01_A_STAGE_2,0.2,0.01,channel,0.000375,5.1e-06,3.75,51.0,0.046919369640100184,5.294757025714327e+16
fine,T01_A_STAGE_2,0.2,0.01,channel,0.000375,5.4e-06,3.75,54.0,0.04657535508479727,5.224766004873924e+16
fine,T01_A_STAGE_2,0.2,0.01,channel,0.0004,3e-06,4.0,30.0,0.0737795834838555,1.483649596747582e+17
fine,T01_A_STAGE_2,0.2,0.01,channel,0.0004,3.3e-06,4.0,33.0,0.06632327434876836,1.1119131392893083e+17
fine,T01_A_STAGE_2,0.2,0.01,channel,0.0004,3.6000000000000003e-06,4.0,36.0,0.06051492800419167,8.881676235323136e+16
fine,T01_A_STAGE_2,0.2,0.01,channel,0.0004,3.9e-06,4.0,39.0,0.0559901611078698,7.45559311760902e+16
fine,T01_A_STAGE_2,0.2,0.01,channel,0.0004,4.2000000000000004e-06,4.0,42.00000000000001,0.05251672724737889,6.518250961557059e+16
fine,T01_A_STAGE_2,0.2,0.01,channel,0.0004,4.5e-06,4.0,45.0,0.049941974483676634,5.900341303574662e+16
fine,T01_A_STAGE_2,0.2,0.01,channel,0.0004,4.8e-06,4.0,48.0,0.048165272425921744,5.508455591631372e+16
fine,T01_A_STAGE_2,0.2,0.01,channel,0.0004,5.1e-06,4.0,51.0,0.047122800073953974,5.2907481345661816e+16
fine,T01_A_STAGE_2,0.2,0.01,channel,0.0004,5.4e-06,4.0,54.0,0.0467791024284346,5.2208741072800696e+16
fine,T01_A_STAGE_2,0.2,0.01,channel,0.00042500000000000003,3e-06,4.25,30.0,0.07395342751105806,1.4808152724725386e+17
fine,T01_A_STAGE_2,0.2,0.01,channel,0.00042500000000000003,3.3e-06,4.25,33.0,0.06650663183386643,1.1101974444858477e+17
fine,T01_A_STAGE_2,0.2,0.01,channel,0.00042500000000000003,3.6000000000000003e-06,4.25,36.0,0.060705004832541744,8.87027693193148e+16
fine,T01_A_STAGE_2,0.2,0.01,channel,0.00042500000000000003,3.9e-06,4.25,39.0,0.05618510083268439,7.447424907048438e+16
fine,T01_A_STAGE_2,0.2,0.01,channel,0.00042500000000000003,4.2000000000000004e-06,4.25,42.00000000000001,0.05271519962521723,6.511999483981348e+16
fine,T01_A_STAGE_2,0.2,0.01,channel,0.00042500000000000003,4.5e-06,4.25,45.0,0.05014296142285636,5.895255835712625e+16
fine,T01_A_STAGE_2,0.2,0.01,channel,0.00042500000000000003,4.8e-06,4.25,48.0,0.04836794572661524,5.504066913782923e+16
fine,T01_A_STAGE_2,0.2,0.01,channel,0.00042500000000000003,5.1e-06,4.25,51.0,0.047326445012873496,5.286731604040344e+16
fine,T01_A_STAGE_2,0.2,0.01,channel,0.00042500000000000003,5.4e-06,4.25,54.0,0.04698306488877298,5.216974698332755e+16
fine,T01_A_STAGE_2,0.2,0.01,channel,0.00045000000000000004,3e-06,4.5,30.0,0.07412744178925926,1.477980797020487e+17
fine,T01_A_STAGE_2,0.2,0.01,channel,0.00045000000000000004,3.3e-06,4.5,33.0,0.06669017102392948,1.1084807138165797e+17
fine,T01_A_STAGE_2,0.2,0.01,channel,0.00045000000000000004,3.6000000000000003e-06,4.5,36.0,0.06089527313285151,8.858866170267376e+16
fine,T01_A_STAGE_2,0.2,0.01,channel,0.00045000000000000004,3.9e-06,4.5,39.0,0.056380239930402795,7.439246010877013e+16
fine,T01_A_STAGE_2,0.2,0.01,channel,0.00045000000000000004,4.2000000000000004e-06,4.5,42.00000000000001,0.05291387753668558,6.505738381671869e+16
fine,T01_A_STAGE_2,0.2,0.01,channel,0.00045000000000000004,4.5e-06,4.5,45.0,0.050344158488944725,5.890161655177331e+16
fine,T01_A_STAGE_2,0.2,0.01,channel,0.00045000000000000004,4.8e-06,4.5,48.0,0.04857083232858307,5.499670180159357e+16
fine,T01_A_STAGE_2,0.2,0.01,channel,0.00045000000000000004,5.1e-06,4.5,51.0,0.04753030511550001,5.282707406719337e+16
fine,T01_A_STAGE_2,0.2,0.01,channel,0.00045000000000000004,5.4e-06,4.5,54.0,0.04718724312666575,5.213067750865682e+16
fine,T01_A_STAGE_2,0.2,0.01,channel,0.000475,3e-06,4.75,30.0,0.07430162683374557,1.4751461697414176e+17
fine,T01_A_STAGE_2,0.2,0.01,channel,0.000475,3.3e-06,4.75,33.0,0.06687389246875412,1.1067629450540147e+17
fine,T01_A_STAGE_2,0.2,0.01,channel,0.000475,3.6000000000000003e-06,4.75,36.0,0.06108573348580017,8.847443921064576e+16
fine,T01_A_STAGE_2,0.2,0.01,channel,0.000475,3.9e-06,4.75,39.0,0.05657557900782059,7.431056398113026e+16
fine,T01_A_STAGE_2,0.2,0.01,channel,0.000475,4.2000000000000004e-06,4.75,42.00000000000001,0.05311276160965034,6.4994676241294984e+16
fine,T01_A_STAGE_2,0.2,0.01,channel,0.000475,4.5e-06,4.75,45.0,0.050545566325911936,5.88505873260009e+16
fine,T01_A_STAGE_2,0.2,0.01,channel,0.000475,4.8e-06,4.75,48.0,0.0487739328871164,5.495265362469694e+16
fine,T01_A_STAGE_2,0.2,0.01,channel,0.000475,5.1e-06,4.75,51.0,0.047734381043838287,5.278675515036517e+16
fine,T01_A_STAGE_2,0.2,0.01,channel,0.000475,5.4e-06,4.75,54.0,0.047391637806341896,5.209153237564028e+16
fine,T01_A_STAGE_2,0.2,0.01,channel,0.0005,3e-06,5.0,30.0,0.07447598316242679,1.4723113899803043e+17
fine,T01_A_STAGE_2,0.2,0.01,channel,0.0005,3.3e-06,5.0,33.0,0.06705779672093468,1.1050441359605373e+17
fine,T01_A_STAGE_2,0.2,0.01,channel,0.0005,3.6000000000000003e-06,5.0,36.0,0.06127638647502241,8.836010154922458e+16
fine,T01_A_STAGE_2,0.2,0.01,channel,0.0005,3.9e-06,5.0,39.0,0.05677111867482479,7.422856037625174e+16
fine,T01_A_STAGE_2,0.2,0.01,channel,0.0005,4.2000000000000004e-06,5.0,42.00000000000001,0.05331185247518088,6.4931871807009176e+16
fine,T01_A_STAGE_2,0.2,0.01,channel,0.0005,4.5e-06,5.0,45.0,0.050747185581017706,5.879947038458331e+16
fine,T01_A_STAGE_2,0.2,0.01,channel,0.0005,4.8e-06,5.0,48.0,0.04897724806085731,5.490852432270974e+16
fine,T01_A_STAGE_2,0.2,0.01,channel,0.0005,5.1e-06,5.0,51.0,0.047938673463280665,5.27463590127495e+16
fine,T01_A_STAGE_2,0.2,0.01,channel,0.0005,5.4e-06,5.0,54.0,0.04759624959543012,5.205231130963335e+16
fine,T01_A_STAGE_2,0.2,0.01,channel,0.0005250000000000001,3e-06,5.250000000000001,30.0,0.07465051129585494,1.4694764570770643e+17
fine,T01_A_STAGE_2,0.2,0.01,channel,0.0005250000000000001,3.3e-06,5.250000000000001,33.0,0.0672418843358832,1.1033242842883374e+17
fine,T01_A_STAGE_2,0.2,0.01,channel,0.0005250000000000001,3.6000000000000003e-06,5.250000000000001,36.0,0.06146723268712964,8.824564842305131e+16
fine,T01_A_STAGE_2,0.2,0.01,channel,0.0005250000000000001,3.9e-06,5.250000000000001,39.0,0.056966859544416014,7.414644898131554e+16
fine,T01_A_STAGE_2,0.2,0.01,channel,0.0005250000000000001,4.2000000000000004e-06,5.250000000000001,42.00000000000001,0.05351115076757263,6.486897020577534e+16
fine,T01_A_STAGE_2,0.2,0.01,channel,0.0005250000000000001,4.5e-06,5.250000000000001,45.0,0.05094901690483483,5.874826543074512e+16
fine,T01_A_STAGE_2,0.2,0.01,channel,0.0005250000000000001,4.8e-06,5.250000000000001,48.0,0.049180778511822835,5.486431360967159e+16
fine,T01_A_STAGE_2,0.2,0.01,channel,0.0005250000000000001,5.1e-06,5.250000000000001,51.0,0.048143183042631356,5.2705885375663256e+16
fine,T01_A_STAGE_2,0.2,0.01,channel,0.0005250000000000001,5.4e-06,5.250000000000001,54.0,0.0478010791649833,5.201301403448408e+16
fine,T01_A_STAGE_2,0.2,0.01,channel,0.0005499999999999999,3e-06,5.499999999999999,30.0,0.07482521175724317,1.4666413703665133e+17
fine,T01_A_STAGE_2,0.2,0.01,channel,0.0005499999999999999,3.3e-06,5.499999999999999,33.0,0.06742615587184966,1.101603387779339e+17
fine,T01_A_STAGE_2,0.2,0.01,channel,0.0005499999999999999,3.6000000000000003e-06,5.499999999999999,36.0,0.06165827271173124,8.813107953540506e+16
fine,T01_A_STAGE_2,0.2,0.01,channel,0.0005499999999999999,3.9e-06,5.499999999999999,39.0,0.05716280223273079,7.406422948198613e+16
fine,T01_A_STAGE_2,0.2,0.01,channel,0.0005499999999999999,4.2000000000000004e-06,5.499999999999999,42.00000000000001,0.05371065712437009,6.480597112794378e+16
fine,T01_A_STAGE_2,0.2,0.01,channel,0.0005499999999999999,4.5e-06,5.499999999999999,45.0,0.05115106095127299,5.869697216614982e+16
fine,T01_A_STAGE_2,0.2,0.01,channel,0.0005499999999999999,4.8e-06,5.499999999999999,48.0,0.04938452490542919,5.4820021198079944e+16
fine,T01_A_STAGE_2,0.2,0.01,channel,0.0005499999999999999,5.1e-06,5.499999999999999,51.0,0.04834791045413097,5.266533395889809e+16
fine,T01_A_STAGE_2,0.2,0.01,channel,0.0005499999999999999,5.4e-06,5.499999999999999,54.0,0.048006127189503055,5.197364027252184e+16
fine,T01_A_STAGE_2,0.2,0.01,channel,0.000575,3e-06,5.75,30.0,0.07500008507248487,1.4638061291783213e+17
fine,T01_A_STAGE_2,0.2,0.01,channel,0.000575,3.3e-06,5.75,33.0,0.06761061188994238,1.0998814441651274e+17
fine,T01_A_STAGE_2,0.2,0.01,channel,0.000575,3.6000000000000003e-06,5.75,36.0,0.0618495071414562,8.801639458819365e+16
fine,T01_A_STAGE_2,0.2,0.01,channel,0.000575,3.9e-06,5.75,39.0,0.05735894735906413,7.398190156240101e+16
fine,T01_A_STAGE_2,0.2,0.01,channel,0.000575,4.2000000000000004e-06,5.75,42.00000000000001,0.05391037218639028,6.474287426228988e+16
fine,T01_A_STAGE_2,0.2,0.01,channel,0.000575,4.5e-06,5.75,45.0,0.05135331837760271,5.8645590290888616e+16
fine,T01_A_STAGE_2,0.2,0.01,channel,0.000575,4.8e-06,5.75,48.0,0.04958848791051623,5.47756467988788e+16
fine,T01_A_STAGE_2,0.2,0.01,channel,0.000575,5.1e-06,5.75,51.0,0.04855285637348123,5.2624704480709256e+16
fine,T01_A_STAGE_2,0.2,0.01,channel,0.000575,5.4e-06,5.75,54.0,0.0482113943469646,5.193418974454606e+16
fine,T01_A_STAGE_2,0.2,0.01,channel,0.0006000000000000001,3e-06,6.000000000000001,30.0,0.07517513177017303,1.4609707328369715e+17
fine,T01_A_STAGE_2,0.2,0.01,channel,0.0006000000000000001,3.3e-06,6.000000000000001,33.0,0.06779525295414858,1.0981584511668795e+17
fine,T01_A_STAGE_2,0.2,0.01,channel,0.0006000000000000001,3.6000000000000003e-06,6.000000000000001,36.0,0.062040936571974764,8.790159328194446e+16
fine,T01_A_STAGE_2,0.2,0.01,channel,0.0006000000000000001,3.9e-06,6.000000000000001,39.0,0.05755529554589224,7.389946490516011e+16
fine,T01_A_STAGE_2,0.2,0.01,channel,0.0006000000000000001,4.2000000000000004e-06,6.000000000000001,42.00000000000001,0.054110296597746306,6.4679679296003e+16
fine,T01_A_STAGE_2,0.2,0.01,channel,0.0006000000000000001,4.5e-06,6.000000000000001,45.0,0.051555789844479664,5.859411950346892e+16
fine,T01_A_STAGE_2,0.2,0.01,channel,0.0006000000000000001,4.8e-06,6.000000000000001,48.0,0.04979266819937222,5.4731190121447256e+16
fine,T01_A_STAGE_2,0.2,0.01,channel,0.0006000000000000001,5.1e-06,6.000000000000001,51.0,0.04875802147987002,5.258399665780407e+16
fine,T01_A_STAGE_2,0.2,0.01,channel,0.0006000000000000001,5.4e-06,6.000000000000001,54.0,0.048416881318841844,5.189466216981478e+16
fine,T01_A_STAGE_2,0.2,0.01,channel,0.000625,3e-06,6.25,30.0,0.07535035238161965,1.458135180661711e+17
fine,T01_A_STAGE_2,0.2,0.01,channel,0.000625,3.3e-06,6.25,33.0,0.06798007963135516,1.096434406495288e+17
fine,T01_A_STAGE_2,0.2,0.01,channel,0.000625,3.6000000000000003e-06,6.25,36.0,0.06223256160202044,8.778667531579475e+16
fine,T01_A_STAGE_2,0.2,0.01,channel,0.000625,3.9e-06,6.25,39.0,0.05775184741889549,7.381691919131507e+16
fine,T01_A_STAGE_2,0.2,0.01,channel,0.000625,4.2000000000000004e-06,6.25,42.00000000000001,0.05431043100587112,6.461638591467511e+16
fine,T01_A_STAGE_2,0.2,0.01,channel,0.000625,4.5e-06,6.25,45.0,0.0517584760159691,5.8542559500802904e+16
fine,T01_A_STAGE_2,0.2,0.01,channel,0.000625,4.8e-06,6.25,48.0,0.04999706644775866,5.4686650873587896e+16
fine,T01_A_STAGE_2,0.2,0.01,channel,0.000625,5.1e-06,6.25,51.0,0.04896340645599653,5.254321020533038e+16
fine,T01_A_STAGE_2,0.2,0.01,channel,0.000625,5.4e-06,6.25,54.0,0.04862258879013264,5.185505726603308e+16
fine,T01_A_STAGE_2,0.2,0.01,channel,0.0006500000000000001,3e-06,6.500000000000001,30.0,0.07552574744087545,1.455299471966512e+17
fine,T01_A_STAGE_2,0.2,0.01,channel,0.0006500000000000001,3.3e-06,6.500000000000001,33.0,0.06816509249136966,1.0947093078504906e+17
fine,T01_A_STAGE_2,0.2,0.01,channel,0.0006500000000000001,3.6000000000000003e-06,6.500000000000001,36.0,0.062424382833412145,8.76716403874823e+16
fine,T01_A_STAGE_2,0.2,0.01,channel,0.0006500000000000001,3.9e-06,6.500000000000001,39.0,0.05794860360698162,7.373426410035851e+16
fine,T01_A_STAGE_2,0.2,0.01,channel,0.0006500000000000001,4.2000000000000004e-06,6.500000000000001,42.00000000000001,0.05451077606154163,6.455299380228945e+16
fine,T01_A_STAGE_2,0.2,0.01,channel,0.0006500000000000001,4.5e-06,6.500000000000001,45.0,0.051961377559570504,5.849090997819583e+16
fine,T01_A_STAGE_2,0.2,0.01,channel,0.0006500000000000001,4.8e-06,6.500000000000001,48.0,0.05020168333493556,5.464202876151516e+16
fine,T01_A_STAGE_2,0.2,0.01,channel,0.0006500000000000001,5.1e-06,6.500000000000001,51.0,0.04916901198809675,5.250234483686496e+16
fine,T01_A_STAGE_2,0.2,0.01,channel,0.0006500000000000001,5.4e-06,6.500000000000001,54.0,0.048828517449384407,5.1815374749341496e+16
fine,T01_A_STAGE_2,0.2,0.01,channel,0.000675,3e-06,6.75,30.0,0.07570131748474974,1.452463606060019e+17
fine,T01_A_STAGE_2,0.2,0.01,channel,0.000675,3.3e-06,6.75,33.0,0.06835029210694145,1.092983152921993e+17
fine,T01_A_STAGE_2,0.2,0.01,channel,0.000675,3.6000000000000003e-06,6.75,36.0,0.0626164008710765,8.75564881933357e+16
fine,T01_A_STAGE_2,0.2,0.01,channel,0.000675,3.9e-06,6.75,39.0,0.05814556474230905,7.365149931021304e+16
fine,T01_A_STAGE_2,0.2,0.01,channel,0.000675,4.2000000000000004e-06,6.75,42.00000000000001,0.05471133241890283,6.448950264120892e+16
fine,T01_A_STAGE_2,0.2,0.01,channel,0.000675,4.5e-06,6.75,45.0,0.05216449514624256,5.843917062933432e+16
fine,T01_A_STAGE_2,0.2,0.01,channel,0.000675,4.8e-06,6.75,48.0,0.050406519543686724,5.459732348984352e+16
fine,T01_A_STAGE_2,0.2,0.01,channel,0.000675,5.1e-06,6.75,51.0,0.0493748387659691,5.246140026440164e+16
fine,T01_A_STAGE_2,0.2,0.01,channel,0.000675,5.4e-06,6.75,54.0,0.04903466798871981,5.177561433430423e+16
fine,T01_A_STAGE_2,0.2,0.01,channel,0.0007,3e-06,7.0,30.0,0.07587706305283042,1.4496275822455114e+17
fine,T01_A_STAGE_2,0.2,0.01,channel,0.0007,3.3e-06,7.0,33.0,0.06853567905378308,1.091255939388597e+17
fine,T01_A_STAGE_2,0.2,0.01,channel,0.0007,3.6000000000000003e-06,7.0,36.0,0.06280861632307048,8.744121842826478e+16
fine,T01_A_STAGE_2,0.2,0.01,channel,0.0007,3.9e-06,7.0,39.0,0.058342731460310604,7.35686244972204e+16
fine,T01_A_STAGE_2,0.2,0.01,channel,0.0007,4.2000000000000004e-06,7.0,42.00000000000001,0.0549121007354924,6.44259121121646e+16
fine,T01_A_STAGE_2,0.2,0.01,channel,0.0007,4.5e-06,7.0,45.0,0.052367829450428297,5.838734114627453e+16
fine,T01_A_STAGE_2,0.2,0.01,channel,0.0007,4.8e-06,7.0,48.0,0.050611575760345494,5.4552534761575656e+16
fine,T01_A_STAGE_2,0.2,0.01,channel,0.0007,5.1e-06,7.0,51.0,0.04958088748300044,5.2420376198339544e+16
fine,T01_A_STAGE_2,0.2,0.01,channel,0.0007,5.4e-06,7.0,54.0,0.04924104110386289,5.173577573389725e+16
fine,T01_A_STAGE_2,0.2,0.01,channel,0.0007250000000000001,3e-06,7.250000000000001,30.0,0.07605298468750418,1.4467913998208486e+17
fine,T01_A_STAGE_2,0.2,0.01,channel,0.0007250000000000001,3.3e-06,7.250000000000001,33.0,0.06872125391059178,1.0895276649183221e+17
fine,T01_A_STAGE_2,0.2,0.01,channel,0.0007250000000000001,3.6000000000000003e-06,7.250000000000001,36.0,0.06300102980060412,8.73258307857507e+16
fine,T01_A_STAGE_2,0.2,0.01,channel,0.0007250000000000001,3.9e-06,7.250000000000001,39.0,0.05854010439971722,7.348563933613024e+16
fine,T01_A_STAGE_2,0.2,0.01,channel,0.0007250000000000001,4.2000000000000004e-06,7.250000000000001,42.00000000000001,0.05511308167226529,6.436222189424393e+16
fine,T01_A_STAGE_2,0.2,0.01,channel,0.0007250000000000001,4.5e-06,7.250000000000001,45.0,0.05257138115008043,5.833542121943012e+16
fine,T01_A_STAGE_2,0.2,0.01,channel,0.0007250000000000001,4.8e-06,7.250000000000001,48.0,0.05081685267482053,5.450766227809034e+16
fine,T01_A_STAGE_2,0.2,0.01,channel,0.0007250000000000001,5.1e-06,7.250000000000001,51.0,0.04978715883619215,5.237927234747098e+16
fine,T01_A_STAGE_2,0.2,0.01,channel,0.0007250000000000001,5.4e-06,7.250000000000001,54.0,0.049447637494165246,5.169585865949636e+16
fine,T01_A_STAGE_2,0.2,0.01,channel,0.00075,3e-06,7.5,30.0,0.07622908293397697,1.4439550580784288e+17
fine,T01_A_STAGE_2,0.2,0.01,channel,0.00075,3.3e-06,7.5,33.0,0.06890701725907132,1.0877983271683302e+17
fine,T01_A_STAGE_2,0.2,0.01,channel,0.00075,3.6000000000000003e-06,7.5,36.0,0.06319364191806352,8.721032495783606e+16
fine,T01_A_STAGE_2,0.2,0.01,channel,0.00075,3.9e-06,7.5,39.0,0.058737684202582074,7.340254350008901e+16
fine,T01_A_STAGE_2,0.2,0.01,channel,0.00075,4.2000000000000004e-06,7.5,42.00000000000001,0.05531427589361873,6.429843166487887e+16
fine,T01_A_STAGE_2,0.2,0.01,channel,0.00075,4.5e-06,7.5,45.0,0.052775150926687005,5.828341053756027e+16
fine,T01_A_STAGE_2,0.2,0.01,channel,0.00075,4.8e-06,7.5,48.0,0.05102235098062197,5.4462705739130376e+16
fine,T01_A_STAGE_2,0.2,0.01,channel,0.00075,5.1e-06,7.5,51.0,0.049993653526186566,5.233808841896939e+16
fine,T01_A_STAGE_2,0.2,0.01,channel,0.00075,5.4e-06,7.5,54.0,0.049654457862632555,5.165586282086506e+16
fine,T01_A_STAGE_2,0.2,0.01,channel,0.000775,3e-06,7.75,30.0,0.07640535834029456,1.44111855630514e+17
fine,T01_A_STAGE_2,0.2,0.01,channel,0.000775,3.3e-06,7.75,33.0,0.06909296968395388,1.0860679237848491e+17
fine,T01_A_STAGE_2,0.2,0.01,channel,0.000775,3.6000000000000003e-06,7.75,36.0,0.06338645329303402,8.709470063511509e+16
fine,T01_A_STAGE_2,0.2,0.01,channel,0.000775,3.9e-06,7.75,39.0,0.05893547151430482,7.331933666062862e+16
fine,T01_A_STAGE_2,0.2,0.01,channel,0.000775,4.2000000000000004e-06,7.75,42.00000000000001,0.05551568406741738,6.4234541099834056e+16
fine,T01_A_STAGE_2,0.2,0.01,channel,0.000775,4.5e-06,7.75,45.0,0.052979139465297316,5.823130878775744e+16
fine,T01_A_STAGE_2,0.2,0.01,channel,0.000775,4.8e-06,7.75,48.0,0.051228071374887815,5.441766484279035e+16
fine,T01_A_STAGE_2,0.2,0.01,channel,0.000775,5.1e-06,7.75,51.0,0.050200372257293686,5.229682411837714e+16
fine,T01_A_STAGE_2,0.2,0.01,channel,0.000775,5.4e-06,7.75,54.0,0.04986150291595138,5.161578792614234e+16
fine,T01_A_STAGE_2,0.2,0.01,channel,0.0008,3e-06,8.0,30.0,0.07658181145736336,1.4382818937823122e+17
fine,T01_A_STAGE_2,0.2,0.01,channel,0.0008,3.3e-06,8.0,33.0,0.06927911177302233,1.0843364524030947e+17
fine,T01_A_STAGE_2,0.2,0.01,channel,0.0008,3.6000000000000003e-06,8.0,36.0,0.06357946454632371,8.697895750672347e+16
fine,T01_A_STAGE_2,0.2,0.01,channel,0.0008,3.9e-06,8.0,39.0,0.059133466983656145,7.323601848765512e+16
fine,T01_A_STAGE_2,0.2,0.01,channel,0.0008,4.2000000000000004e-06,8.0,42.00000000000001,0.05571730686501873,6.417054987319465e+16
fine,T01_A_STAGE_2,0.2,0.01,channel,0.0008,4.5e-06,8.0,45.0,0.05318334745454794,5.8179115655435064e+16
fine,T01_A_STAGE_2,0.2,0.01,channel,0.0008,4.8e-06,8.0,48.0,0.05143401455841049,5.437253928550432e+16
fine,T01_A_STAGE_2,0.2,0.01,channel,0.0008,5.1e-06,8.0,51.0,0.05040731573751804,5.225547914959311e+16
fine,T01_A_STAGE_2,0.2,0.01,channel,0.0008,5.4e-06,8.0,54.0,0.05006877336451616,5.157563368183036e+16
fine,T01_A_STAGE_2,0.2,0.01,channel,0.000825,3e-06,8.25,30.0,0.0767584428389714,1.4354450697856693e+17
fine,T01_A_STAGE_2,0.2,0.01,channel,0.000825,3.3e-06,8.25,33.0,0.0694654441171325,1.0826039106471912e+17
fine,T01_A_STAGE_2,0.2,0.01,channel,0.000825,3.6000000000000003e-06,8.25,36.0,0.06377267630198699,8.686309526032826e+16
fine,T01_A_STAGE_2,0.2,0.01,channel,0.000825,3.9e-06,8.25,39.0,0.05933167126280245,7.315258864943707e+16
fine,T01_A_STAGE_2,0.2,0.01,channel,0.000825,4.2000000000000004e-06,8.25,42.00000000000001,0.05591914496129875,6.410645765735423e+16
fine,T01_A_STAGE_2,0.2,0.01,channel,0.000825,4.5e-06,8.25,45.0,0.053387775586689126,5.812683082431519e+16
fine,T01_A_STAGE_2,0.2,0.01,channel,0.000825,4.8e-06,8.25,48.0,0.05164018123566376,5.4327328762033256e+16
fine,T01_A_STAGE_2,0.2,0.01,channel,0.000825,5.1e-06,8.25,51.0,0.050614484678585855,5.221405321486033e+16
fine,T01_A_STAGE_2,0.2,0.01,channel,0.000825,5.4e-06,8.25,54.0,0.050276269922456436,5.1535399792782024e+16
fine,T01_A_STAGE_2,0.2,0.01,channel,0.0008500000000000001,3e-06,8.5,30.0,0.07693525304180954,1.4326080835852789e+17
fine,T01_A_STAGE_2,0.2,0.01,channel,0.0008500000000000001,3.3e-06,8.5,33.0,0.06965196731023583,1.080870296130093e+17
fine,T01_A_STAGE_2,0.2,0.01,channel,0.0008500000000000001,3.6000000000000003e-06,8.5,36.0,0.06396608918734843,8.674711358211752e+16
fine,T01_A_STAGE_2,0.2,0.01,channel,0.0008500000000000001,3.9e-06,8.5,39.0,0.059530085007330855,7.306904681259405e+16
fine,T01_A_STAGE_2,0.2,0.01,channel,0.0008500000000000001,4.2000000000000004e-06,8.5,42.00000000000001,0.05612119903467778,6.404226412300249e+16
fine,T01_A_STAGE_2,0.2,0.01,channel,0.0008500000000000001,4.5e-06,8.5,45.0,0.053592424557611394,5.807445397641583e+16
fine,T01_A_STAGE_2,0.2,0.01,channel,0.0008500000000000001,4.8e-06,8.5,48.0,0.05184657211482979,5.428203296545247e+16
fine,T01_A_STAGE_2,0.2,0.01,channel,0.0008500000000000001,5.1e-06,8.5,51.0,0.05082187979597251,5.2172546014753224e+16
fine,T01_A_STAGE_2,0.2,0.01,channel,0.0008500000000000001,5.4e-06,8.5,54.0,0.050483993307664454,5.1495085962188264e+16
fine,T01_A_STAGE_2,0.2,0.01,channel,0.0008750000000000001,3e-06,8.750000000000002,30.0,0.07711224262549274,1.4297709344455e+17
fine,T01_A_STAGE_2,0.2,0.01,channel,0.0008750000000000001,3.3e-06,8.750000000000002,33.0,0.06983868194940193,1.0791356064534931e+17
fine,T01_A_STAGE_2,0.2,0.01,channel,0.0008750000000000001,3.6000000000000003e-06,8.750000000000002,36.0,0.06415970383302651,8.663101215678862e+16
fine,T01_A_STAGE_2,0.2,0.01,channel,0.0008750000000000001,3.9e-06,8.750000000000002,39.0,0.05972870887627378,7.298539264208309e+16
fine,T01_A_STAGE_2,0.2,0.01,channel,0.0008750000000000001,4.2000000000000004e-06,8.750000000000002,42.00000000000001,0.056323469767145855,6.397796893911089e+16
fine,T01_A_STAGE_2,0.2,0.01,channel,0.0008750000000000001,4.5e-06,8.750000000000002,45.0,0.053797295066871476,5.802198479203638e+16
fine,T01_A_STAGE_2,0.2,0.01,channel,0.0008750000000000001,4.8e-06,8.750000000000002,48.0,0.05205318790782553,5.423665158713679e+16
fine,T01_A_STAGE_2,0.2,0.01,channel,0.0008750000000000001,5.1e-06,8.750000000000002,51.0,0.05102950180892909,5.213095724816293e+16
fine,T01_A_STAGE_2,0.2,0.01,channel,0.0008750000000000001,5.4e-06,8.750000000000002,54.0,0.050691944241821774,5.145469189156332e+16
fine,T01_A_STAGE_2,0.2,0.01,channel,0.0009000000000000001,3e-06,9.0,30.0,0.07728941215261144,1.4269336216264454e+17
fine,T01_A_STAGE_2,0.2,0.01,channel,0.0009000000000000001,3.3e-06,9.0,33.0,0.07002558863476686,1.0773998392045368e+17
fine,T01_A_STAGE_2,0.2,0.01,channel,0.0009000000000000001,3.6000000000000003e-06,9.0,36.0,0.06435352087277674,8.651479066692536e+16
fine,T01_A_STAGE_2,0.2,0.01,channel,0.0009000000000000001,3.9e-06,9.0,39.0,0.059927543531849405,7.290162580037906e+16
fine,T01_A_STAGE_2,0.2,0.01,channel,0.0009000000000000001,4.2000000000000004e-06,9.0,42.00000000000001,0.05652595784390833,6.391357177197634e+16
fine,T01_A_STAGE_2,0.2,0.01,channel,0.0009000000000000001,4.5e-06,9.0,45.0,0.05400238781725672,5.796942294870619e+16
fine,T01_A_STAGE_2,0.2,0.01,channel,0.0009000000000000001,4.8e-06,9.0,48.0,0.052260029329804926,5.4191184315646296e+16
fine,T01_A_STAGE_2,0.2,0.01,channel,0.0009000000000000001,5.1e-06,9.0,51.0,0.05123735143994554,5.208928661114683e+16
fine,T01_A_STAGE_2,0.2,0.01,channel,0.0009000000000000001,5.4e-06,9.0,54.0,0.050900123449849094,5.14142172795826e+16
fine,T01_A_STAGE_2,0.2,0.01,channel,0.0009249999999999999,3e-06,9.25,30.0,0.07746676222936091,1.424096146559309e+17
fine,T01_A_STAGE_2,0.2,0.01,channel,0.0009249999999999999,3.3e-06,9.25,33.0,0.07021268794650258,1.0756629909521938e+17
fine,T01_A_STAGE_2,0.2,0.01,channel,0.0009249999999999999,3.6000000000000003e-06,9.25,36.0,0.06454754085670818,8.6398448499762e+16
fine,T01_A_STAGE_2,0.2,0.01,channel,0.0009249999999999999,3.9e-06,9.25,39.0,0.06012658949126909,7.281774552790496e+16
fine,T01_A_STAGE_2,0.2,0.01,channel,0.0009249999999999999,4.2000000000000004e-06,9.25,42.00000000000001,0.056728663749237476,6.38490717796832e+16
fine,T01_A_STAGE_2,0.2,0.01,channel,0.0009249999999999999,4.5e-06,9.25,45.0,0.054207703263272095,5.791676755700014e+16
fine,T01_A_STAGE_2,0.2,0.01,channel,0.0009249999999999999,4.8e-06,9.25,48.0,0.052467096811641634,5.414563023425645e+16
fine,T01_A_STAGE_2,0.2,0.01,channel,0.0009249999999999999,5.1e-06,9.25,51.0,0.05144542910473079,5.2047533172746664e+16
fine,T01_A_STAGE_2,0.2,0.01,channel,0.0009249999999999999,5.4e-06,9.25,54.0,0.05110853134223248,5.137366119085732e+16
fine,T01_A_STAGE_2,0.2,0.01,channel,0.00095,3e-06,9.5,30.0,0.07764432287480272,1.4212601002364818e+17
fine,T01_A_STAGE_2,0.2,0.01,channel,0.00095,3.3e-06,9.5,33.0,0.0703999696941295,1.0739245909481074e+17
fine,T01_A_STAGE_2,0.2,0.01,channel,0.00095,3.6000000000000003e-06,9.5,36.0,0.06474171463688771,8.628181772280402e+16
fine,T01_A_STAGE_2,0.2,0.01,channel,0.00095,3.9e-06,9.5,39.0,0.06032576151031719,7.273350871323678e+16
fine,T01_A_STAGE_2,0.2,0.01,channel,0.00095,4.2000000000000004e-06,9.5,42.00000000000001,0.05693147052426411,6.378417756370414e+16
fine,T01_A_STAGE_2,0.2,0.01,channel,0.00095,4.5e-06,9.5,45.0,0.0544130984107228,5.7863696050518504e+16
fine,T01_A_STAGE_2,0.2,0.01,channel,0.00095,4.8e-06,9.5,48.0,0.05267422802782152,5.409964735601998e+16
fine,T01_A_STAGE_2,0.2,0.01,channel,0.00095,5.1e-06,9.5,51.0,0.051653560585179836,5.200534429451086e+16
fine,T01_A_STAGE_2,0.2,0.01,channel,0.00095,5.4e-06,9.5,54.0,0.05131698968773976,5.1332667591256776e+16
fine,T01_A_STAGE_2,0.2,0.01,channel,0.000975,3e-06,9.75,30.0,0.07784075622298327,1.4194405297140254e+17
fine,T01_A_STAGE_2,0.2,0.01,channel,0.000975,3.3e-06,9.75,33.0,0.07057339395649027,1.0715952435544328e+17
fine,T01_A_STAGE_2,0.2,0.01,channel,0.000975,3.6000000000000003e-06,9.75,36.0,0.06489708187420462,8.603450374591461e+16
fine,T01_A_STAGE_2,0.2,0.01,channel,0.000975,3.9e-06,9.75,39.0,0.06046696602681892,7.24852438945154e+16
fine,T01_A_STAGE_2,0.2,0.01,channel,0.000975,4.2000000000000004e-06,9.75,42.00000000000001,0.057061748403842975,6.353953557274317e+16
fine,T01_A_STAGE_2,0.2,0.01,channel,0.000975,4.5e-06,9.75,45.0,0.05453525071563655,5.762359227454174e+16
fine,T01_A_STAGE_2,0.2,0.01,channel,0.000975,4.8e-06,9.75,48.0,0.05279076319939332,5.386341529413217e+16
fine,T01_A_STAGE_2,0.2,0.01,channel,0.000975,5.1e-06,9.75,51.0,0.051766797044048664,5.1771624064797544e+16
fine,T01_A_STAGE_2,0.2,0.01,channel,0.000975,5.4e-06,9.75,54.0,0.05142913821608355,5.109981083127411e+16
fine,T01_A_STAGE_2,0.2,0.01,channel,0.001,3e-06,10.0,30.0,0.01,1e+16
fine,T01_A_STAGE_2,0.2,0.01,channel,0.001,3.3e-06,10.0,33.0,0.01,1e+16
fine,T01_A_STAGE_2,0.2,0.01,channel,0.001,3.6000000000000003e-06,10.0,36.0,0.01,1e+16
fine,T01_A_STAGE_2,0.2,0.01,channel,0.001,3.9e-06,10.0,39.0,0.01,1e+16
fine,T01_A_STAGE_2,0.2,0.01,channel,0.001,4.2000000000000004e-06,10.0,42.00000000000001,0.01,1e+16
fine,T01_A_STAGE_2,0.2,0.01,channel,0.001,4.5e-06,10.0,45.0,0.01,1e+16
fine,T01_A_STAGE_2,0.2,0.01,channel,0.001,4.8e-06,10.0,48.0,0.01,1e+16
fine,T01_A_STAGE_2,0.2,0.01,channel,0.001,5.1e-06,10.0,51.0,0.01,1e+16
fine,T01_A_STAGE_2,0.2,0.01,channel,0.001,5.4e-06,10.0,54.0,0.01,1e+16
