dataset_id,source_id,source_path,source_role,use_status,scope,bytes,sha256,expected_sha256,hash_status
IGZO_FROZEN_BASELINE_V1,baseline_source:data/raw/baseline/ngspice/data/igzo_output.csv,/mnt/c/Users/ReachGao/Desktop/deepseek_work/大学课程/氧化物/数据/ngspice_results/data/igzo_output.csv,frozen_baseline_source,reference_only,IGZO-only whitelisted import,39724,90f770f523202e99988aaf255107afc5054420e4d7c1cf0d1611d791661c29f5,90f770f523202e99988aaf255107afc5054420e4d7c1cf0d1611d791661c29f5,PASS
IGZO_FROZEN_BASELINE_V1,baseline_copy:data/raw/baseline/ngspice/data/igzo_output.csv,/mnt/c/Users/ReachGao/Desktop/SDU/科研/氧化物TFT_铁电双栅课程项目/data/raw/baseline/ngspice/data/igzo_output.csv,project_raw_copy,reference_only,IGZO-only whitelisted import,39724,90f770f523202e99988aaf255107afc5054420e4d7c1cf0d1611d791661c29f5,90f770f523202e99988aaf255107afc5054420e4d7c1cf0d1611d791661c29f5,PASS
IGZO_FROZEN_BASELINE_V1,baseline_source:data/raw/baseline/ngspice/data/igzo_transfer.csv,/mnt/c/Users/ReachGao/Desktop/deepseek_work/大学课程/氧化物/数据/ngspice_results/data/igzo_transfer.csv,frozen_baseline_source,reference_only,IGZO-only whitelisted import,25342,91a390a58775b6c8c534fb66e4d74fc477afaeb9aadcdf3aed54f4f96e702483,91a390a58775b6c8c534fb66e4d74fc477afaeb9aadcdf3aed54f4f96e702483,PASS
IGZO_FROZEN_BASELINE_V1,baseline_copy:data/raw/baseline/ngspice/data/igzo_transfer.csv,/mnt/c/Users/ReachGao/Desktop/SDU/科研/氧化物TFT_铁电双栅课程项目/data/raw/baseline/ngspice/data/igzo_transfer.csv,project_raw_copy,reference_only,IGZO-only whitelisted import,25342,91a390a58775b6c8c534fb66e4d74fc477afaeb9aadcdf3aed54f4f96e702483,91a390a58775b6c8c534fb66e4d74fc477afaeb9aadcdf3aed54f4f96e702483,PASS
IGZO_FROZEN_BASELINE_V1,baseline_source:data/raw/baseline/ngspice/spice/netlists/igzo_output.cir,/mnt/c/Users/ReachGao/Desktop/deepseek_work/大学课程/氧化物/数据/ngspice_results/spice/netlists/igzo_output.cir,frozen_baseline_source,reference_only,IGZO-only whitelisted import,277,66fa155b7bc72bad6777c71c190330fcac820c8324479a4ea91e8ee96265f51f,66fa155b7bc72bad6777c71c190330fcac820c8324479a4ea91e8ee96265f51f,PASS
IGZO_FROZEN_BASELINE_V1,baseline_copy:data/raw/baseline/ngspice/spice/netlists/igzo_output.cir,/mnt/c/Users/ReachGao/Desktop/SDU/科研/氧化物TFT_铁电双栅课程项目/data/raw/baseline/ngspice/spice/netlists/igzo_output.cir,project_raw_copy,reference_only,IGZO-only whitelisted import,277,66fa155b7bc72bad6777c71c190330fcac820c8324479a4ea91e8ee96265f51f,66fa155b7bc72bad6777c71c190330fcac820c8324479a4ea91e8ee96265f51f,PASS
IGZO_FROZEN_BASELINE_V1,baseline_source:data/raw/baseline/ngspice/spice/netlists/igzo_transfer.cir,/mnt/c/Users/ReachGao/Desktop/deepseek_work/大学课程/氧化物/数据/ngspice_results/spice/netlists/igzo_transfer.cir,frozen_baseline_source,reference_only,IGZO-only whitelisted import,280,6ce5a476d312ea4c247f3d3ea10b6f389fa7d4798804ede4fddd56dfeb1890ba,6ce5a476d312ea4c247f3d3ea10b6f389fa7d4798804ede4fddd56dfeb1890ba,PASS
IGZO_FROZEN_BASELINE_V1,baseline_copy:data/raw/baseline/ngspice/spice/netlists/igzo_transfer.cir,/mnt/c/Users/ReachGao/Desktop/SDU/科研/氧化物TFT_铁电双栅课程项目/data/raw/baseline/ngspice/spice/netlists/igzo_transfer.cir,project_raw_copy,reference_only,IGZO-only whitelisted import,280,6ce5a476d312ea4c247f3d3ea10b6f389fa7d4798804ede4fddd56dfeb1890ba,6ce5a476d312ea4c247f3d3ea10b6f389fa7d4798804ede4fddd56dfeb1890ba,PASS
IGZO_FROZEN_BASELINE_V1,baseline_source:data/raw/baseline/aimspice/01_igzo_transfer.cir,/mnt/c/Users/ReachGao/Desktop/deepseek_work/大学课程/氧化物/数据/AIMSPICE_improved/01_igzo_transfer.cir,frozen_baseline_source,reference_only,IGZO-only whitelisted import,397,77c3b90c1fb334fee83fd49dd01efd8ae0fb2bca92bd64b34248dcb8a8cba7f1,77c3b90c1fb334fee83fd49dd01efd8ae0fb2bca92bd64b34248dcb8a8cba7f1,PASS
IGZO_FROZEN_BASELINE_V1,baseline_copy:data/raw/baseline/aimspice/01_igzo_transfer.cir,/mnt/c/Users/ReachGao/Desktop/SDU/科研/氧化物TFT_铁电双栅课程项目/data/raw/baseline/aimspice/01_igzo_transfer.cir,project_raw_copy,reference_only,IGZO-only whitelisted import,397,77c3b90c1fb334fee83fd49dd01efd8ae0fb2bca92bd64b34248dcb8a8cba7f1,77c3b90c1fb334fee83fd49dd01efd8ae0fb2bca92bd64b34248dcb8a8cba7f1,PASS
IGZO_FROZEN_BASELINE_V1,baseline_source:data/raw/baseline/aimspice/02_igzo_output.cir,/mnt/c/Users/ReachGao/Desktop/deepseek_work/大学课程/氧化物/数据/AIMSPICE_improved/02_igzo_output.cir,frozen_baseline_source,reference_only,IGZO-only whitelisted import,363,d161b8886e217c9777dd295e6e1327f2938898c2d3ec90e8f807bd892d67022c,d161b8886e217c9777dd295e6e1327f2938898c2d3ec90e8f807bd892d67022c,PASS
IGZO_FROZEN_BASELINE_V1,baseline_copy:data/raw/baseline/aimspice/02_igzo_output.cir,/mnt/c/Users/ReachGao/Desktop/SDU/科研/氧化物TFT_铁电双栅课程项目/data/raw/baseline/aimspice/02_igzo_output.cir,project_raw_copy,reference_only,IGZO-only whitelisted import,363,d161b8886e217c9777dd295e6e1327f2938898c2d3ec90e8f807bd892d67022c,d161b8886e217c9777dd295e6e1327f2938898c2d3ec90e8f807bd892d67022c,PASS
IGZO_FROZEN_BASELINE_V1,baseline_source:data/raw/baseline/klayout_pdk/layouts/igzo_tft_W60_L10.gds,/mnt/c/Users/ReachGao/Desktop/deepseek_work/大学课程/氧化物/数据/klayout_oxide_pdk/layouts/igzo_tft_W60_L10.gds,frozen_baseline_source,reference_only,IGZO-only whitelisted import,1498,c90660dc68c4a698688735b92d2e1e4418b13808db900cdcd3569a49ed1051d1,c90660dc68c4a698688735b92d2e1e4418b13808db900cdcd3569a49ed1051d1,PASS
IGZO_FROZEN_BASELINE_V1,baseline_copy:data/raw/baseline/klayout_pdk/layouts/igzo_tft_W60_L10.gds,/mnt/c/Users/ReachGao/Desktop/SDU/科研/氧化物TFT_铁电双栅课程项目/data/raw/baseline/klayout_pdk/layouts/igzo_tft_W60_L10.gds,project_raw_copy,reference_only,IGZO-only whitelisted import,1498,c90660dc68c4a698688735b92d2e1e4418b13808db900cdcd3569a49ed1051d1,c90660dc68c4a698688735b92d2e1e4418b13808db900cdcd3569a49ed1051d1,PASS
COURSE_REQUIREMENT_CONTRACT_V1,senior:../实验课程项目与报告要求(1).html,/mnt/c/Users/ReachGao/Desktop/deepseek_work/大学课程/氧化物/实验/实验课程项目与报告要求(1).html,课程项目与报告权威要求,authoritative_requirement,teacher requirement,16370,26dc9ce853fb72e382bea3d346ed437292e4724a9b29ba150540eea22c636162,26dc9ce853fb72e382bea3d346ed437292e4724a9b29ba150540eea22c636162,PASS
SENIOR_REFERENCE_INDEX_V1,senior:2026_07_30_s41928-021-00671-0 (1)/1.xlsx,/mnt/c/Users/ReachGao/Desktop/deepseek_work/大学课程/氧化物/实验/学长/2026_07_30_s41928-021-00671-0 (1)/1.xlsx,VisualTCAD导出的IGZO Id-Vg参考数据,reference_only,senior reference only,11189,f08bda1bb5a5292d2dfe31c5b6798d86584471217d4945d9f4c4fd24216e0954,f08bda1bb5a5292d2dfe31c5b6798d86584471217d4945d9f4c4fd24216e0954,PASS
SENIOR_REFERENCE_INDEX_V1,senior:2026_07_30_s41928-021-00671-0 (1)/41928_2021_671_MOESM1_ESM.pdf,/mnt/c/Users/ReachGao/Desktop/deepseek_work/大学课程/氧化物/实验/学长/2026_07_30_s41928-021-00671-0 (1)/41928_2021_671_MOESM1_ESM.pdf,学长资料中的背景论文或软件手册,reference_only,senior reference only,2521004,2980a36c6f1dce348aa9736a979da0d4d6fdf3002bba0de04373c63f433cc8b7,2980a36c6f1dce348aa9736a979da0d4d6fdf3002bba0de04373c63f433cc8b7,PASS
SENIOR_REFERENCE_INDEX_V1,senior:2026_07_30_s41928-021-00671-0 (1)/Adv Elect Materials - 2017 - Nakamura - Material Design of Transparent Oxide Semiconductors for Organic Electronics  Why Do.pdf,/mnt/c/Users/ReachGao/Desktop/deepseek_work/大学课程/氧化物/实验/学长/2026_07_30_s41928-021-00671-0 (1)/Adv Elect Materials - 2017 - Nakamura - Material Design of Transparent Oxide Semiconductors for Organic Electronics  Why Do.pdf,学长资料中的背景论文或软件手册,reference_only,senior reference only,3265893,831d8b32ced738bbe60f1e2314800ec2ae4ba78035d4ab39f92e907f86d6a45f,831d8b32ced738bbe60f1e2314800ec2ae4ba78035d4ab39f92e907f86d6a45f,PASS
SENIOR_REFERENCE_INDEX_V1,senior:2026_07_30_s41928-021-00671-0 (1)/Advanced Materials - 2012 - Fortunato - Oxide Semiconductor Thin‐Film Transistors  A Review of Recent Advances.pdf,/mnt/c/Users/ReachGao/Desktop/deepseek_work/大学课程/氧化物/实验/学长/2026_07_30_s41928-021-00671-0 (1)/Advanced Materials - 2012 - Fortunato - Oxide Semiconductor Thin‐Film Transistors  A Review of Recent Advances.pdf,学长资料中的背景论文或软件手册,reference_only,senior reference only,7675475,86f5f8dfe6408822d60c405aca91c0377555bc143d0dd20c41d44e8b695379b9,86f5f8dfe6408822d60c405aca91c0377555bc143d0dd20c41d44e8b695379b9,PASS
SENIOR_REFERENCE_INDEX_V1,senior:2026_07_30_s41928-021-00671-0 (1)/First_Demonstration_of_Dual-Gate_IGZO_2T0C_DRAM_with_Novel_Read_Operation_One_Bit_Line_in_Single_Cell_ION1500_A_mVDS1V_and_Retention_Timegt300s.pdf,/mnt/c/Users/ReachGao/Desktop/deepseek_work/大学课程/氧化物/实验/学长/2026_07_30_s41928-021-00671-0 (1)/First_Demonstration_of_Dual-Gate_IGZO_2T0C_DRAM_with_Novel_Read_Operation_One_Bit_Line_in_Single_Cell_ION1500_A_mVDS1V_and_Retention_Timegt300s.pdf,学长资料中的背景论文或软件手册,reference_only,senior reference only,703254,96cf85563f3940cb3a70092f31ae5ede3a8b250a9be63d0aa67ad505e55baa96,96cf85563f3940cb3a70092f31ae5ede3a8b250a9be63d0aa67ad505e55baa96,PASS
SENIOR_REFERENCE_INDEX_V1,senior:2026_07_30_s41928-021-00671-0 (1)/First_Demonstration_of_Dual-Gate_IGZO_2T0C_DRAM_with_Novel_Read_Operation_One_Bit_Line_in_Single_Cell_ION1500_A_mVDS1V_and_Retention_Timegt300s的全文翻译.docx,/mnt/c/Users/ReachGao/Desktop/deepseek_work/大学课程/氧化物/实验/学长/2026_07_30_s41928-021-00671-0 (1)/First_Demonstration_of_Dual-Gate_IGZO_2T0C_DRAM_with_Novel_Read_Operation_One_Bit_Line_in_Single_Cell_ION1500_A_mVDS1V_and_Retention_Timegt300s的全文翻译.docx,学长项目辅助文件,reference_only,senior reference only,927037,25bcf45cf4fd628c277c9c284110728b0cd8547b2f17ec7539a5b71619242e6c,25bcf45cf4fd628c277c9c284110728b0cd8547b2f17ec7539a5b71619242e6c,PASS
SENIOR_REFERENCE_INDEX_V1,senior:2026_07_30_s41928-021-00671-0 (1)/Physica Status Solidi  a - 2009 - Ogo - Tin monoxide as an s‐orbital‐based p‐type oxide semiconductor  Electronic.pdf,/mnt/c/Users/ReachGao/Desktop/deepseek_work/大学课程/氧化物/实验/学长/2026_07_30_s41928-021-00671-0 (1)/Physica Status Solidi  a - 2009 - Ogo - Tin monoxide as an s‐orbital‐based p‐type oxide semiconductor  Electronic.pdf,学长资料中的背景论文或软件手册,reference_only,senior reference only,501053,ce5007c1f4d35f6d12bef5069b5b0bf1aaabed58dc8127ad1fc0413db0d916db,ce5007c1f4d35f6d12bef5069b5b0bf1aaabed58dc8127ad1fc0413db0d916db,PASS
SENIOR_REFERENCE_INDEX_V1,senior:2026_07_30_s41928-021-00671-0 (1)/Physica Status Solidi  a - 2010 - Kamiya - Subgap states  doping and defect formation energies in amorphous oxide.pdf,/mnt/c/Users/ReachGao/Desktop/deepseek_work/大学课程/氧化物/实验/学长/2026_07_30_s41928-021-00671-0 (1)/Physica Status Solidi  a - 2010 - Kamiya - Subgap states  doping and defect formation energies in amorphous oxide.pdf,学长资料中的背景论文或软件手册,reference_only,senior reference only,515500,2f9adbcb1d5888a76e56f3f43c0ed3963457ba470caad84f36d9a2b94f204cdf,2f9adbcb1d5888a76e56f3f43c0ed3963457ba470caad84f36d9a2b94f204cdf,PASS
SENIOR_REFERENCE_INDEX_V1,senior:2026_07_30_s41928-021-00671-0 (1)/Resilience_of_Fluorinated_Indium-Gallium-Zinc_Oxide_Thin-Film_Transistor_Against_Hydrogen-Induced_Degradation.pdf,/mnt/c/Users/ReachGao/Desktop/deepseek_work/大学课程/氧化物/实验/学长/2026_07_30_s41928-021-00671-0 (1)/Resilience_of_Fluorinated_Indium-Gallium-Zinc_Oxide_Thin-Film_Transistor_Against_Hydrogen-Induced_Degradation.pdf,学长资料中的背景论文或软件手册,reference_only,senior reference only,1097065,a01a3566f699b2c14271e4c66872110048aa83d0c4958df8ee724c88a802bc9a,a01a3566f699b2c14271e4c66872110048aa83d0c4958df8ee724c88a802bc9a,PASS
SENIOR_REFERENCE_INDEX_V1,senior:2026_07_30_s41928-021-00671-0 (1)/Unintended_Carbon-Related_Impurity_and_Negative_Bias_Instability_in_High-Mobility_Oxide_TFTs.pdf,/mnt/c/Users/ReachGao/Desktop/deepseek_work/大学课程/氧化物/实验/学长/2026_07_30_s41928-021-00671-0 (1)/Unintended_Carbon-Related_Impurity_and_Negative_Bias_Instability_in_High-Mobility_Oxide_TFTs.pdf,学长资料中的背景论文或软件手册,reference_only,senior reference only,2557078,7715c05f784d17645f465af1f882e95ca3b0bf2ae4fa49497d468e6da2707fa5,7715c05f784d17645f465af1f882e95ca3b0bf2ae4fa49497d468e6da2707fa5,PASS
SENIOR_REFERENCE_INDEX_V1,senior:2026_07_30_s41928-021-00671-0 (1)/VisualTCAD_Inverter.pptx,/mnt/c/Users/ReachGao/Desktop/deepseek_work/大学课程/氧化物/实验/学长/2026_07_30_s41928-021-00671-0 (1)/VisualTCAD_Inverter.pptx,VisualTCAD二维硅CMOS反相器操作流程,reference_only,senior reference only,2173350,31d4cd0ece12bdc7d860b3bd030fe3ec1ad646cb8554c52dd14f59067242e78e,31d4cd0ece12bdc7d860b3bd030fe3ec1ad646cb8554c52dd14f59067242e78e,PASS
SENIOR_REFERENCE_INDEX_V1,senior:2026_07_30_s41928-021-00671-0 (1)/Yamazaki_2014_ECS_Trans._64_155.pdf,/mnt/c/Users/ReachGao/Desktop/deepseek_work/大学课程/氧化物/实验/学长/2026_07_30_s41928-021-00671-0 (1)/Yamazaki_2014_ECS_Trans._64_155.pdf,学长资料中的背景论文或软件手册,reference_only,senior reference only,347469,0792abb0b34f68aa947543ef94811937c2d839c3d36202595c3c022a7ebb366e,0792abb0b34f68aa947543ef94811937c2d839c3d36202595c3c022a7ebb366e,PASS
SENIOR_REFERENCE_INDEX_V1,senior:2026_07_30_s41928-021-00671-0 (1)/genius_ug_en.pdf,/mnt/c/Users/ReachGao/Desktop/deepseek_work/大学课程/氧化物/实验/学长/2026_07_30_s41928-021-00671-0 (1)/genius_ug_en.pdf,学长资料中的背景论文或软件手册,reference_only,senior reference only,2613187,ad65c450b274c1f6057d5c7f8c16a46a347e73180479095b93dd928913417181,ad65c450b274c1f6057d5c7f8c16a46a347e73180479095b93dd928913417181,PASS
SENIOR_REFERENCE_INDEX_V1,senior:2026_07_30_s41928-021-00671-0 (1)/p-Type_hboxCu_xhboxO_Films_Deposited_at_Room_Temperature_for_Thin-Film_Transistors.pdf,/mnt/c/Users/ReachGao/Desktop/deepseek_work/大学课程/氧化物/实验/学长/2026_07_30_s41928-021-00671-0 (1)/p-Type_hboxCu_xhboxO_Films_Deposited_at_Room_Temperature_for_Thin-Film_Transistors.pdf,学长资料中的背景论文或软件手册,reference_only,senior reference only,1243509,0c62f0c384f9108117977f0649b3742997f753b31d89f58f222afeeefc6091ba,0c62f0c384f9108117977f0649b3742997f753b31d89f58f222afeeefc6091ba,PASS
SENIOR_REFERENCE_INDEX_V1,senior:2026_07_30_s41928-021-00671-0 (1)/s11664-016-4816-7.pdf,/mnt/c/Users/ReachGao/Desktop/deepseek_work/大学课程/氧化物/实验/学长/2026_07_30_s41928-021-00671-0 (1)/s11664-016-4816-7.pdf,学长资料中的背景论文或软件手册,reference_only,senior reference only,2549842,85be20ac5011e23f4e53a2603c3e3d68ce43530ee9f62c9df6d30e3373e81a88,85be20ac5011e23f4e53a2603c3e3d68ce43530ee9f62c9df6d30e3373e81a88,PASS
SENIOR_REFERENCE_INDEX_V1,senior:2026_07_30_s41928-021-00671-0 (1)/s41586-021-03625-w.pdf,/mnt/c/Users/ReachGao/Desktop/deepseek_work/大学课程/氧化物/实验/学长/2026_07_30_s41928-021-00671-0 (1)/s41586-021-03625-w.pdf,学长资料中的背景论文或软件手册,reference_only,senior reference only,4617064,d6c89f2dc7b0a24ef13360349f957870c620d8867da77f851bc0cb04c51c17c4,d6c89f2dc7b0a24ef13360349f957870c620d8867da77f851bc0cb04c51c17c4,PASS
SENIOR_REFERENCE_INDEX_V1,senior:2026_07_30_s41928-021-00671-0 (1)/s41928-021-00671-0 (1).pdf,/mnt/c/Users/ReachGao/Desktop/deepseek_work/大学课程/氧化物/实验/学长/2026_07_30_s41928-021-00671-0 (1)/s41928-021-00671-0 (1).pdf,学长资料中的背景论文或软件手册,reference_only,senior reference only,1775046,d28d82e76836dc5fe37fa808c25799947f0d1bf66e851251db959fdad1b7ebe8,d28d82e76836dc5fe37fa808c25799947f0d1bf66e851251db959fdad1b7ebe8,PASS
SENIOR_REFERENCE_INDEX_V1,senior:小组周四论文汇报(1).pptx,/mnt/c/Users/ReachGao/Desktop/deepseek_work/大学课程/氧化物/实验/学长/小组周四论文汇报(1).pptx,论文汇报PPT章节结构,reference_only,senior reference only,2176356,1ef7ae4fdce9c578e705cc9642e13d62b904321f63abdbabe9a35688c7edaf03,1ef7ae4fdce9c578e705cc9642e13d62b904321f63abdbabe9a35688c7edaf03,PASS
SENIOR_REFERENCE_INDEX_V1,senior:小组：李延顺、韩佳辰、王道玺、王法楊、孙金良、赵原登.docx,/mnt/c/Users/ReachGao/Desktop/deepseek_work/大学课程/氧化物/实验/学长/小组：李延顺、韩佳辰、王道玺、王法楊、孙金良、赵原登.docx,二极管参数调节报告示例,reference_only,senior reference only,795692,f37025ef01365b7484bdd704572a4da80cdb9e83635fa2beb2efacf4e930477d,f37025ef01365b7484bdd704572a4da80cdb9e83635fa2beb2efacf4e930477d,PASS
SENIOR_REFERENCE_INDEX_V1,senior:王道玺的实验数据1(4).xlsx,/mnt/c/Users/ReachGao/Desktop/deepseek_work/大学课程/氧化物/实验/学长/王道玺的实验数据1(4).xlsx,两组反相器VTC参考数据,reference_only,senior reference only,13723,a03ea5f35be99465675943aeb08439509f12341d574621df7b6fce542c0dcb74,a03ea5f35be99465675943aeb08439509f12341d574621df7b6fce542c0dcb74,PASS
SENIOR_REFERENCE_INDEX_V1,senior:研究方法以及结果(1).docx,/mnt/c/Users/ReachGao/Desktop/deepseek_work/大学课程/氧化物/实验/学长/研究方法以及结果(1).docx,a-IGZO缺陷文献的研究方法摘要,reference_only,senior reference only,12733,2adf756c93c91d9cd42c3e8c0a4639ee151a01ae4e9b4e13c6f6d1e54e23eb7c,2adf756c93c91d9cd42c3e8c0a4639ee151a01ae4e9b4e13c6f6d1e54e23eb7c,PASS
SENIOR_REFERENCE_INDEX_V1,senior:结果分析与讨论（排版后）.pptx,/mnt/c/Users/ReachGao/Desktop/deepseek_work/大学课程/氧化物/实验/学长/结果分析与讨论（排版后）.pptx,双栅IGZO 2T0C DRAM结果分析PPT模板,reference_only,senior reference only,1765363,48f66098b5155d3c3922950993c23d1e7ecf08064ea6788a9e0384916ccb4fa9,48f66098b5155d3c3922950993c23d1e7ecf08064ea6788a9e0384916ccb4fa9,PASS
HZO_LITERATURE_MATRIX_V1,paper:P01,"/mnt/c/Users/ReachGao/Desktop/SDU/科研/论文/2022, The fundamentals and applications of FE HfO2, Uwe, Nature Materials.pdf",Material and device overview; FeFET and switching background,reference_only,optional HZO literature; not IGZO T01 I-V input,3935373,79cdd37f206f81f89788e1bd691d8ef5ad1aeef5382b0206850fd06eb5683ad2,computed_from_source,PASS
HZO_LITERATURE_MATRIX_V1,paper:P02,/mnt/c/Users/ReachGao/Desktop/SDU/科研/论文/ACS AEM Xu 45nm Si doped ZrO2online 2022.pdf,Doping-strain-phase sensitivity,reference_only,optional HZO literature; not IGZO T01 I-V input,2408178,a8557cb9ffadc7167608f280775c767c7809039a176ce30c211a129faa00aba4,computed_from_source,PASS
HZO_LITERATURE_MATRIX_V1,paper:P03,/mnt/c/Users/ReachGao/Desktop/SDU/科研/论文/acsaelm.3c00117.pdf,Process and wake-up sensitivity,reference_only,optional HZO literature; not IGZO T01 I-V input,5992973,5c381b9d9c9c9dfc53211124bb4de387cd8ab85c86eb0137b558ead13d9064ef,computed_from_source,PASS
HZO_LITERATURE_MATRIX_V1,paper:P04,/mnt/c/Users/ReachGao/Desktop/SDU/科研/论文/Adv Funct Materials - 2016 - Pešić - Nonvolatile Random Access Memory and Energy Storage Based on Antiferroelectric Like.pdf,LGD and built-in-field model basis,reference_only,optional HZO literature; not IGZO T01 I-V input,2315227,da2abbd4604293d441ed209d8ef2ef6ad50851dbfb6421718f02c4e4f588b5e3,computed_from_source,PASS
HZO_LITERATURE_MATRIX_V1,paper:P05,/mnt/c/Users/ReachGao/Desktop/SDU/科研/论文/Adv Funct Materials online 2023 Xu - Strain as a Global Factor in Stabilizing the Ferroelectric Properties of ZrO2.pdf,Strain-to-switching-field sensitivity,reference_only,optional HZO literature; not IGZO T01 I-V input,5421753,652d85028b3e05864448210151ff80df208e7e36a62547dcb39e67dd64064e36,computed_from_source,PASS
HZO_LITERATURE_MATRIX_V1,paper:P06,"/mnt/c/Users/ReachGao/Desktop/SDU/科研/论文/AM, Miko.pdf",Application motivation and multistate extension,reference_only,optional HZO literature; not IGZO T01 I-V input,2717036,831de69f8e5848a6e4a88522b230a027aa0dd547154658dad033e94f55a50186,computed_from_source,PASS
HZO_LITERATURE_MATRIX_V1,paper:P07,/mnt/c/Users/ReachGao/Desktop/SDU/科研/论文/Comparative_Study_of_Reliability_of_Ferroelectric_and_Anti-Ferroelectric_Memories.pdf,Reliability limitations and evidence boundary,reference_only,optional HZO literature; not IGZO T01 I-V input,1635972,1df987d277881f0dc72e9b9baa031d58f987c057a586e9cfc476d68e1c18e484,computed_from_source,PASS
HZO_LITERATURE_MATRIX_V1,paper:P08,/mnt/c/Users/ReachGao/Desktop/SDU/科研/论文/guido-et-al-2024-ferroelectric-al0-85sc0-15n-and-hf0-5zr0-5o2-domain-switching-dynamics.pdf,Nucleation and domain-wall dynamics,reference_only,optional HZO literature; not IGZO T01 I-V input,3932693,937ff9b5a69a47613683148bdce1de5e45d67aa6963e202851f2a9c4fca05186,computed_from_source,PASS
HZO_LITERATURE_MATRIX_V1,paper:P09,/mnt/c/Users/ReachGao/Desktop/SDU/科研/论文/How_to_make_DRAM_non-volatile_Anti-ferroelectrics_A_new_paradigm_for_universal_memories.pdf,Built-in bias and compact AFE concept,reference_only,optional HZO literature; not IGZO T01 I-V input,561632,4d62c54e83486049250a5575e6ca8225c57385dff4a5cbee16802e5def728966,computed_from_source,PASS
HZO_LITERATURE_MATRIX_V1,paper:P10,"/mnt/c/Users/ReachGao/Desktop/SDU/科研/论文/JAP, Miko.pdf",Semiconductor integration background,reference_only,optional HZO literature; not IGZO T01 I-V input,4499927,5aab3e72604437f373517a48c971af65576c278e665e3042760e2b95fa717ff6,computed_from_source,PASS
HZO_LITERATURE_MATRIX_V1,paper:P11,/mnt/c/Users/ReachGao/Desktop/SDU/科研/论文/NLS_based_Modeling_and_Characterization_of_Switching_Dynamics_for_Antiferroelectric_Ferroelectric_Hafnium_Zirconium_Oxides.pdf,Advanced dynamic polarization model,reference_only,optional HZO literature; not IGZO T01 I-V input,653461,cec077d31465546447b9f287a7da6522b1366f0298b036d0a28b4fc5e45dc4a5,computed_from_source,PASS
HZO_LITERATURE_MATRIX_V1,paper:P12,/mnt/c/Users/ReachGao/Desktop/SDU/科研/论文/Small - 2025 - Wunderwald - Interaction Between Strain and Phase Formation in HfxZr1‐xO2 Thin Films.pdf,Phase-fraction and strain sensitivity,reference_only,optional HZO literature; not IGZO T01 I-V input,3467195,bc45b920e814c6f9043f523cb0d9cd479988a8ed8b618afeeeb7be0fd0aedb7e,computed_from_source,PASS
HZO_LITERATURE_MATRIX_V1,paper:P13,/mnt/c/Users/ReachGao/Desktop/SDU/科研/论文/xu-et-al-2024-influence-of-biaxial-strain-and-interfacial-layer-growth-on-ferroelectric-wake-up-and-phase-transition.pdf,Separate interface and strain effects,reference_only,optional HZO literature; not IGZO T01 I-V input,5067436,1e50bbdf41d472bc4aac78afc4aa5ffed8e601b044b222b2e2effb500a92889f,computed_from_source,PASS
