row_uid,curve_id,dataset_id,split,kind,topology,source_path,source_row_number,source_row_sha256,selection_role,optimizer_input,vbg_v,vtg_v,vds_v,primary_axis_v,target_current_a_per_cm,w_um,l_um,temperature_k
train_t01_single_idvg_l10:000,train_t01_single_idvg_l10,T01_D_C_IDVG,train,transfer,single_bottom_gate,results/tables/tcad_t01_d_extraction_idvg.csv,2,5a356dec8798a1f2bcb11cb6fa450143de1a10a0f851a6b2696b2ba39b12ced7,scored,True,-1.0,0.0,0.01,-1.0,1.4396342722143404e-22,60.0,10.0,300.0
train_t01_single_idvg_l10:001,train_t01_single_idvg_l10,T01_D_C_IDVG,train,transfer,single_bottom_gate,results/tables/tcad_t01_d_extraction_idvg.csv,3,1e85790467aca48ccdc3d2c2188e20df5bfccd63d5bd1773af620af716eabed9,scored,True,-0.75,0.0,0.01,-0.75,7.28621303081562e-19,60.0,10.0,300.0
train_t01_single_idvg_l10:002,train_t01_single_idvg_l10,T01_D_C_IDVG,train,transfer,single_bottom_gate,results/tables/tcad_t01_d_extraction_idvg.csv,4,1aaf7ae2c32a5f804d5c0866d4f9e7a190bfd8f4e368bf4f1ec2bc6b8538c4fe,scored,True,-0.5,0.0,0.01,-0.5,1.1489829793277076e-14,60.0,10.0,300.0
train_t01_single_idvg_l10:003,train_t01_single_idvg_l10,T01_D_C_IDVG,train,transfer,single_bottom_gate,results/tables/tcad_t01_d_extraction_idvg.csv,5,39330f549740395f8431ee60ae4f9005902a8f2c57a347821f086bdfbf57fb18,scored,True,-0.475,0.0,0.01,-0.475,3.020301716978869e-14,60.0,10.0,300.0
train_t01_single_idvg_l10:004,train_t01_single_idvg_l10,T01_D_C_IDVG,train,transfer,single_bottom_gate,results/tables/tcad_t01_d_extraction_idvg.csv,6,caea3e3e2ae81220f5f5bbd46da4c90c01ca6890eaf4e1d956857283200a9888,scored,True,-0.45,0.0,0.01,-0.45,7.939207664878849e-14,60.0,10.0,300.0
train_t01_single_idvg_l10:005,train_t01_single_idvg_l10,T01_D_C_IDVG,train,transfer,single_bottom_gate,results/tables/tcad_t01_d_extraction_idvg.csv,7,80d5b23d66d411853f31d8e5211b5087ebf491482b4bc3ea1db4f30a7351dfbb,scored,True,-0.425,0.0,0.01,-0.425,2.0868566979241513e-13,60.0,10.0,300.0
train_t01_single_idvg_l10:006,train_t01_single_idvg_l10,T01_D_C_IDVG,train,transfer,single_bottom_gate,results/tables/tcad_t01_d_extraction_idvg.csv,8,0f988ade7fde1abe267e236f1ac0a5dbe31eeb45fbe90af54ea20ec24849d5e5,scored,True,-0.4,0.0,0.01,-0.4,5.485228773872765e-13,60.0,10.0,300.0
train_t01_single_idvg_l10:007,train_t01_single_idvg_l10,T01_D_C_IDVG,train,transfer,single_bottom_gate,results/tables/tcad_t01_d_extraction_idvg.csv,9,07b3fade62d6df366c4fafcbb0bee71a676b32d4479d973899cea411b9d81a6e,scored,True,-0.375,0.0,0.01,-0.375,1.4417207234939495e-12,60.0,10.0,300.0
train_t01_single_idvg_l10:008,train_t01_single_idvg_l10,T01_D_C_IDVG,train,transfer,single_bottom_gate,results/tables/tcad_t01_d_extraction_idvg.csv,10,f9fa05497718d2d24105cadeee91b20dc5d3ae1b563cbd17c74fcbc9cfc7fdaa,scored,True,-0.35,0.0,0.01,-0.35,3.789208143029197e-12,60.0,10.0,300.0
train_t01_single_idvg_l10:009,train_t01_single_idvg_l10,T01_D_C_IDVG,train,transfer,single_bottom_gate,results/tables/tcad_t01_d_extraction_idvg.csv,11,e702212559ca30b72bd71c3a1a0a02fb818d4b6ce2344e41f4512172c16dbac6,scored,True,-0.325,0.0,0.01,-0.325,9.958456145131035e-12,60.0,10.0,300.0
train_t01_single_idvg_l10:010,train_t01_single_idvg_l10,T01_D_C_IDVG,train,transfer,single_bottom_gate,results/tables/tcad_t01_d_extraction_idvg.csv,12,afedbc05b57191aa47aae1ad23879410ef2eb1c13d1f3bae1d30889544d9505a,scored,True,-0.3,0.0,0.01,-0.3,2.617005383010425e-11,60.0,10.0,300.0
train_t01_single_idvg_l10:011,train_t01_single_idvg_l10,T01_D_C_IDVG,train,transfer,single_bottom_gate,results/tables/tcad_t01_d_extraction_idvg.csv,13,2de99d2839af6ce0eaea98850f44b04400ee74e8d9ccf466eabf8645ac7700f3,scored,True,-0.275,0.0,0.01,-0.275,6.876607652832139e-11,60.0,10.0,300.0
train_t01_single_idvg_l10:012,train_t01_single_idvg_l10,T01_D_C_IDVG,train,transfer,single_bottom_gate,results/tables/tcad_t01_d_extraction_idvg.csv,14,461c3754f64bd3d1eb54381681c5f886cee9821af7a5b1e9f37305c2f7bd9dac,scored,True,-0.25,0.0,0.01,-0.25,1.8066684629015165e-10,60.0,10.0,300.0
train_t01_single_idvg_l10:013,train_t01_single_idvg_l10,T01_D_C_IDVG,train,transfer,single_bottom_gate,results/tables/tcad_t01_d_extraction_idvg.csv,15,e7aef59e8811b616277a506fa8390e781d160505935747c98eafe7ab70256ec8,scored,True,-0.225,0.0,0.01,-0.225,4.745378162136911e-10,60.0,10.0,300.0
train_t01_single_idvg_l10:014,train_t01_single_idvg_l10,T01_D_C_IDVG,train,transfer,single_bottom_gate,results/tables/tcad_t01_d_extraction_idvg.csv,16,d3fd0f465234cab5c97d6a4fe8507a0ead6339d1f4e27c220036327d05fbdbda,scored,True,-0.2,0.0,0.01,-0.2,1.2457960457274115e-09,60.0,10.0,300.0
train_t01_single_idvg_l10:015,train_t01_single_idvg_l10,T01_D_C_IDVG,train,transfer,single_bottom_gate,results/tables/tcad_t01_d_extraction_idvg.csv,17,5e85e3019bf9a95be077812dc9c3fb6cb6f9238d5f2c16fe4d637e2e5bd32381,scored,True,-0.175,0.0,0.01,-0.175,3.267070457543217e-09,60.0,10.0,300.0
train_t01_single_idvg_l10:016,train_t01_single_idvg_l10,T01_D_C_IDVG,train,transfer,single_bottom_gate,results/tables/tcad_t01_d_extraction_idvg.csv,18,c1da938a9067483d7004456539297489ba57d0ecd2bb3af5d6abfb5943a04990,scored,True,-0.15,0.0,0.01,-0.15,8.546642137537902e-09,60.0,10.0,300.0
train_t01_single_idvg_l10:017,train_t01_single_idvg_l10,T01_D_C_IDVG,train,transfer,single_bottom_gate,results/tables/tcad_t01_d_extraction_idvg.csv,19,d4cd65bac16c87df3636c56aef77707889ad8d861c8f85647e87c29a752902e6,scored,True,-0.125,0.0,0.01,-0.125,2.222527864249598e-08,60.0,10.0,300.0
train_t01_single_idvg_l10:018,train_t01_single_idvg_l10,T01_D_C_IDVG,train,transfer,single_bottom_gate,results/tables/tcad_t01_d_extraction_idvg.csv,20,9587baae0cc5a41de6bd9631609d76c4328a3b0e16f56fcda2745567a7018d94,scored,True,-0.1,0.0,0.01,-0.1,5.697155066181209e-08,60.0,10.0,300.0
train_t01_single_idvg_l10:019,train_t01_single_idvg_l10,T01_D_C_IDVG,train,transfer,single_bottom_gate,results/tables/tcad_t01_d_extraction_idvg.csv,21,6502da946b80a9b113e2843eed5ff9945c022f40a93a1aaac6cd81f282b6e5f9,scored,True,-0.075,0.0,0.01,-0.075,1.412789611105068e-07,60.0,10.0,300.0
train_t01_single_idvg_l10:020,train_t01_single_idvg_l10,T01_D_C_IDVG,train,transfer,single_bottom_gate,results/tables/tcad_t01_d_extraction_idvg.csv,22,5aed79f9effcbbf2442148c2090dfd31e79d01eb4bcc18dff0ded623ddefb0a9,scored,True,-0.05,0.0,0.01,-0.05,3.274565428440231e-07,60.0,10.0,300.0
train_t01_single_idvg_l10:021,train_t01_single_idvg_l10,T01_D_C_IDVG,train,transfer,single_bottom_gate,results/tables/tcad_t01_d_extraction_idvg.csv,23,f9aef524d8d8902bbbdfafbde0408de35ddac3d13fc6d15404d7b7f7dec8003d,scored,True,-0.025,0.0,0.01,-0.025,6.796881577291168e-07,60.0,10.0,300.0
train_t01_single_idvg_l10:022,train_t01_single_idvg_l10,T01_D_C_IDVG,train,transfer,single_bottom_gate,results/tables/tcad_t01_d_extraction_idvg.csv,24,bac83e6cd119185fe8ba68fa5d24519e7adcaa4a0882e3ce0265bb6e37b19d2d,scored,True,0.0,0.0,0.01,0.0,1.2325117540658298e-06,60.0,10.0,300.0
train_t01_single_idvg_l10:023,train_t01_single_idvg_l10,T01_D_C_IDVG,train,transfer,single_bottom_gate,results/tables/tcad_t01_d_extraction_idvg.csv,25,52741d6f99bae132360d75d29e2b85a5b1d65fa836f29e223fe3f5e219b70ad1,scored,True,0.025,0.0,0.01,0.025,1.9684998969818886e-06,60.0,10.0,300.0
train_t01_single_idvg_l10:024,train_t01_single_idvg_l10,T01_D_C_IDVG,train,transfer,single_bottom_gate,results/tables/tcad_t01_d_extraction_idvg.csv,26,5b5b94c7be34ea9941ddd59d4391aa8ba78daae750b3fb5e163ad6ee6129cf86,scored,True,0.05,0.0,0.01,0.05,2.8429456554713332e-06,60.0,10.0,300.0
train_t01_single_idvg_l10:025,train_t01_single_idvg_l10,T01_D_C_IDVG,train,transfer,single_bottom_gate,results/tables/tcad_t01_d_extraction_idvg.csv,27,042498b0de4b253200519e49b6da83ca3fadb51435ce06a73ebe16b9abe39ae7,scored,True,0.075,0.0,0.01,0.075,3.8123876142556255e-06,60.0,10.0,300.0
train_t01_single_idvg_l10:026,train_t01_single_idvg_l10,T01_D_C_IDVG,train,transfer,single_bottom_gate,results/tables/tcad_t01_d_extraction_idvg.csv,28,4ed98f0340988a450eac4f59d6a3394132d1f51cab67a5557231a69caadc3fed,scored,True,0.1,0.0,0.01,0.1,4.844135552338161e-06,60.0,10.0,300.0
train_t01_single_idvg_l10:027,train_t01_single_idvg_l10,T01_D_C_IDVG,train,transfer,single_bottom_gate,results/tables/tcad_t01_d_extraction_idvg.csv,29,9f60a43aca6c79c6812870cd253f1e011c1cb8999b196e6d0892502cf744017b,scored,True,0.125,0.0,0.01,0.125,5.915463943365446e-06,60.0,10.0,300.0
train_t01_single_idvg_l10:028,train_t01_single_idvg_l10,T01_D_C_IDVG,train,transfer,single_bottom_gate,results/tables/tcad_t01_d_extraction_idvg.csv,30,f777fc7e348739a1094bbd4dbe2a6cb03f7ba2ec7666a92e4c036cdb987afac7,scored,True,0.15,0.0,0.01,0.15,7.010740648763861e-06,60.0,10.0,300.0
train_t01_single_idvg_l10:029,train_t01_single_idvg_l10,T01_D_C_IDVG,train,transfer,single_bottom_gate,results/tables/tcad_t01_d_extraction_idvg.csv,31,c8cfe1c794de56b4a9b01df6c1e5765d76b17149dd19c06982bdbe78709d08dc,scored,True,0.175,0.0,0.01,0.175,8.119053455514625e-06,60.0,10.0,300.0
train_t01_single_idvg_l10:030,train_t01_single_idvg_l10,T01_D_C_IDVG,train,transfer,single_bottom_gate,results/tables/tcad_t01_d_extraction_idvg.csv,32,455eb67ee4a5ae67619d6ef02edcfd8b7e464f03c77d6906f9f1af24a4e7d2fa,scored,True,0.2,0.0,0.01,0.2,9.232616560278914e-06,60.0,10.0,300.0
train_t01_single_idvg_l10:031,train_t01_single_idvg_l10,T01_D_C_IDVG,train,transfer,single_bottom_gate,results/tables/tcad_t01_d_extraction_idvg.csv,33,d9bf248ddc615f2da15fd16dfb17dc5e3ce7dbd5669ac3bde96f2c1de9d50da2,scored,True,0.225,0.0,0.01,0.225,1.0345754808769341e-05,60.0,10.0,300.0
train_t01_single_idvg_l10:032,train_t01_single_idvg_l10,T01_D_C_IDVG,train,transfer,single_bottom_gate,results/tables/tcad_t01_d_extraction_idvg.csv,34,a22fa9de96be4579dfdc9af9a016b183be08e89df3a4225d0743e3e8a395a4b0,scored,True,0.25,0.0,0.01,0.25,1.1454257140732251e-05,60.0,10.0,300.0
train_t01_single_idvg_l10:033,train_t01_single_idvg_l10,T01_D_C_IDVG,train,transfer,single_bottom_gate,results/tables/tcad_t01_d_extraction_idvg.csv,35,128963494c74f60c49f544f071909f112bf7431f6610d874e8e8a128c6fdaebe,scored,True,0.275,0.0,0.01,0.275,1.2554957358367043e-05,60.0,10.0,300.0
train_t01_single_idvg_l10:034,train_t01_single_idvg_l10,T01_D_C_IDVG,train,transfer,single_bottom_gate,results/tables/tcad_t01_d_extraction_idvg.csv,36,b58a1c22c1f0164cdc39b641971fd1e6b67cfe400828646c62b5af7be39ae2e7,scored,True,0.3,0.0,0.01,0.3,1.3645454981973562e-05,60.0,10.0,300.0
train_t01_single_idvg_l10:035,train_t01_single_idvg_l10,T01_D_C_IDVG,train,transfer,single_bottom_gate,results/tables/tcad_t01_d_extraction_idvg.csv,37,94e1b303f14fd6f55cacc707f077929455f6b7ae8ed20e355e73f34659f243d0,scored,True,0.325,0.0,0.01,0.325,1.4723923899111031e-05,60.0,10.0,300.0
train_t01_single_idvg_l10:036,train_t01_single_idvg_l10,T01_D_C_IDVG,train,transfer,single_bottom_gate,results/tables/tcad_t01_d_extraction_idvg.csv,38,5bb00286bef4224bb8b1754595ea279c506eac79edb0e9dfed628c99435f316b,scored,True,0.35,0.0,0.01,0.35,1.5788977373151794e-05,60.0,10.0,300.0
train_t01_single_idvg_l10:037,train_t01_single_idvg_l10,T01_D_C_IDVG,train,transfer,single_bottom_gate,results/tables/tcad_t01_d_extraction_idvg.csv,39,0ab8b6da387c3f6c28d3a9d18568607afdd8bd7fa36738ed56b08a7bc81856a0,scored,True,0.375,0.0,0.01,0.375,1.6839570226567458e-05,60.0,10.0,300.0
train_t01_single_idvg_l10:038,train_t01_single_idvg_l10,T01_D_C_IDVG,train,transfer,single_bottom_gate,results/tables/tcad_t01_d_extraction_idvg.csv,40,a11955dac5274590be4777b81304638dbc4bfad81313cb79a083a247c9b4bace,scored,True,0.4,0.0,0.01,0.4,1.7874926238777034e-05,60.0,10.0,300.0
train_t01_single_idvg_l10:039,train_t01_single_idvg_l10,T01_D_C_IDVG,train,transfer,single_bottom_gate,results/tables/tcad_t01_d_extraction_idvg.csv,41,5617a5ede31a9418f23a29d3a913e455292d47b1fad7ad82482c56fb0371221c,scored,True,0.425,0.0,0.01,0.425,1.8894483118975373e-05,60.0,10.0,300.0
train_t01_single_idvg_l10:040,train_t01_single_idvg_l10,T01_D_C_IDVG,train,transfer,single_bottom_gate,results/tables/tcad_t01_d_extraction_idvg.csv,42,acd400c163c73d5f057198db61e67756d7cfef0ce6a2750295766707988b1196,scored,True,0.45,0.0,0.01,0.45,1.989785004737032e-05,60.0,10.0,300.0
train_t01_single_idvg_l10:041,train_t01_single_idvg_l10,T01_D_C_IDVG,train,transfer,single_bottom_gate,results/tables/tcad_t01_d_extraction_idvg.csv,43,455afde947fbbce3063571baa05abe17e0dbe95171f883a11eb1c420ddb73c7e,scored,True,0.475,0.0,0.01,0.475,2.0884774417710973e-05,60.0,10.0,300.0
train_t01_single_idvg_l10:042,train_t01_single_idvg_l10,T01_D_C_IDVG,train,transfer,single_bottom_gate,results/tables/tcad_t01_d_extraction_idvg.csv,44,d0e6dd56f3a277cfdf5ac36d9275a09e8fedeae50df7d6a5f06059702bb64daf,scored,True,0.5,0.0,0.01,0.5,2.185511545854263e-05,60.0,10.0,300.0
train_t01_single_idvg_l10:043,train_t01_single_idvg_l10,T01_D_C_IDVG,train,transfer,single_bottom_gate,results/tables/tcad_t01_d_extraction_idvg.csv,45,5fa677242428cd12420418f5183f5463b94bed65e5c8ba4a63581069209f3d58,scored,True,0.525,0.0,0.01,0.525,2.2808823092092458e-05,60.0,10.0,300.0
train_t01_single_idvg_l10:044,train_t01_single_idvg_l10,T01_D_C_IDVG,train,transfer,single_bottom_gate,results/tables/tcad_t01_d_extraction_idvg.csv,46,edbb23ea71b08080628057b9ecf20dc1ab317d472d50ec5bf4f29601f9329840,scored,True,0.55,0.0,0.01,0.55,2.3745920844987868e-05,60.0,10.0,300.0
train_t01_single_idvg_l10:045,train_t01_single_idvg_l10,T01_D_C_IDVG,train,transfer,single_bottom_gate,results/tables/tcad_t01_d_extraction_idvg.csv,47,9ee4ad33a4dd527c2a316f5ba6c0996594f2a7291c28013ba4345d1775d9c1ed,scored,True,0.575,0.0,0.01,0.575,2.4666491936367426e-05,60.0,10.0,300.0
train_t01_single_idvg_l10:046,train_t01_single_idvg_l10,T01_D_C_IDVG,train,transfer,single_bottom_gate,results/tables/tcad_t01_d_extraction_idvg.csv,48,dbcc4586ed0678672620a66c3753028ca2222b34642ea516a2880ef6e51eb323,scored,True,0.6,0.0,0.01,0.6,2.557066788670198e-05,60.0,10.0,300.0
train_t01_single_idvg_l10:047,train_t01_single_idvg_l10,T01_D_C_IDVG,train,transfer,single_bottom_gate,results/tables/tcad_t01_d_extraction_idvg.csv,49,fb70fd292093cb8430d052893e7dc1658d00aa3ffe4704048dda180ae332783e,scored,True,0.7,0.0,0.01,0.7,2.902725974192924e-05,60.0,10.0,300.0
train_t01_single_idvg_l10:048,train_t01_single_idvg_l10,T01_D_C_IDVG,train,transfer,single_bottom_gate,results/tables/tcad_t01_d_extraction_idvg.csv,50,25cf96234a14d34cbaea5528935c027a9993f9c3ba8e5e2647c736aadbf6a8c7,scored,True,0.8,0.0,0.01,0.8,3.223944525686692e-05,60.0,10.0,300.0
train_t01_single_idvg_l10:049,train_t01_single_idvg_l10,T01_D_C_IDVG,train,transfer,single_bottom_gate,results/tables/tcad_t01_d_extraction_idvg.csv,51,7e16a1cfe8859b35cc62a870585b9cb3bd10775e1bb36da5a016bd885b5edab9,scored,True,0.9,0.0,0.01,0.9,3.522508862349955e-05,60.0,10.0,300.0
train_t01_single_idvg_l10:050,train_t01_single_idvg_l10,T01_D_C_IDVG,train,transfer,single_bottom_gate,results/tables/tcad_t01_d_extraction_idvg.csv,52,9e13ca4a1a3f76caa793710098ecd869636e9a36e0df84cc4dd309dabeffc968,scored,True,1.0,0.0,0.01,1.0,3.8002708377239875e-05,60.0,10.0,300.0
train_t01_single_idvd_vgs_0p0:000,train_t01_single_idvd_vgs_0p0,T01_D_B_IDVD,train,output,single_bottom_gate,results/tables/tcad_t01_d_idvd_points.csv,2,e74392bca81af3560bd17e0f52504ee272d40198cea18ddaf53fa0581c839c7d,zero_vds_invariant,False,0.0,0.0,0.0,0.0,0.0,60.0,10.0,300.0
train_t01_single_idvd_vgs_0p0:001,train_t01_single_idvd_vgs_0p0,T01_D_B_IDVD,train,output,single_bottom_gate,results/tables/tcad_t01_d_idvd_points.csv,3,0e9c7ff240667caf117d9ff6ac2e37a2dc03e875af8665a497b6cab8550d2649,repeated_low_vds_audit,False,0.0,0.0,0.01,0.01,1.2325117540658337e-06,60.0,10.0,300.0
train_t01_single_idvd_vgs_0p0:002,train_t01_single_idvd_vgs_0p0,T01_D_B_IDVD,train,output,single_bottom_gate,results/tables/tcad_t01_d_idvd_points.csv,4,817f3d573ca9c8c812f70a40381af71abbb50fae37deb0a685518be27db39810,scored,True,0.0,0.0,0.05,0.05,4.039328969169728e-06,60.0,10.0,300.0
train_t01_single_idvd_vgs_0p0:003,train_t01_single_idvd_vgs_0p0,T01_D_B_IDVD,train,output,single_bottom_gate,results/tables/tcad_t01_d_idvd_points.csv,5,1e5af322b7e0178e912b382a220d7a2f6e1cf46079610f95d0cf053d5cbef805,scored,True,0.0,0.0,0.1,0.1,4.990186125465876e-06,60.0,10.0,300.0
train_t01_single_idvd_vgs_0p0:004,train_t01_single_idvd_vgs_0p0,T01_D_B_IDVD,train,output,single_bottom_gate,results/tables/tcad_t01_d_idvd_points.csv,6,c506d01130375698bf19177dd9d41b3bd07d2e2ce96eed837a0d3a7e1c47638a,scored,True,0.0,0.0,0.2,0.2,5.190756321362378e-06,60.0,10.0,300.0
train_t01_single_idvd_vgs_0p5:000,train_t01_single_idvd_vgs_0p5,T01_D_B_IDVD,train,output,single_bottom_gate,results/tables/tcad_t01_d_idvd_points.csv,12,b4593012c2336aca819bf53c8b60f78358cd297d6b9e5aedb9d61928f449f806,zero_vds_invariant,False,0.5,0.0,0.0,0.0,1.486014091315591e-20,60.0,10.0,300.0
train_t01_single_idvd_vgs_0p5:001,train_t01_single_idvd_vgs_0p5,T01_D_B_IDVD,train,output,single_bottom_gate,results/tables/tcad_t01_d_idvd_points.csv,13,2f7261d785e6e840f539f1dd0a62adb59de895f868d4161cb896003f4f3b9ac4,repeated_low_vds_audit,False,0.5,0.0,0.01,0.01,2.1855115458542673e-05,60.0,10.0,300.0
train_t01_single_idvd_vgs_0p5:002,train_t01_single_idvd_vgs_0p5,T01_D_B_IDVD,train,output,single_bottom_gate,results/tables/tcad_t01_d_idvd_points.csv,14,194e11c54383f19b2141b67b8eba727c377a39e3a0df65b84df2a1b74116054c,scored,True,0.5,0.0,0.05,0.05,0.0001052667090477718,60.0,10.0,300.0
train_t01_single_idvd_vgs_0p5:003,train_t01_single_idvd_vgs_0p5,T01_D_B_IDVD,train,output,single_bottom_gate,results/tables/tcad_t01_d_idvd_points.csv,15,535ee76811900bbac099323931befbd67407be58451b0e3edd6f384da9fc3e32,scored,True,0.5,0.0,0.1,0.1,0.000200014905089826,60.0,10.0,300.0
train_t01_single_idvd_vgs_0p5:004,train_t01_single_idvd_vgs_0p5,T01_D_B_IDVD,train,output,single_bottom_gate,results/tables/tcad_t01_d_idvd_points.csv,16,e6e8bc2b9aca1f2b634828cd934426252b9b5d36489c90011dc4f7e5915bd29d,scored,True,0.5,0.0,0.2,0.2,0.0003561717502476149,60.0,10.0,300.0
train_t01_single_idvd_vgs_1p0:000,train_t01_single_idvd_vgs_1p0,T01_D_B_IDVD,train,output,single_bottom_gate,results/tables/tcad_t01_d_idvd_points.csv,17,00f4c2100416c99d04d5dc7b941f4d3f014c44c7cb74376236bc72c11d75e08a,zero_vds_invariant,False,1.0,0.0,0.0,0.0,3.379165716833452e-19,60.0,10.0,300.0
train_t01_single_idvd_vgs_1p0:001,train_t01_single_idvd_vgs_1p0,T01_D_B_IDVD,train,output,single_bottom_gate,results/tables/tcad_t01_d_idvd_points.csv,18,281caa058b65eee5c9b53529dc5ec06a785a385cffb840235504117fd1a4d5b2,repeated_low_vds_audit,False,1.0,0.0,0.01,0.01,3.800270837723992e-05,60.0,10.0,300.0
train_t01_single_idvd_vgs_1p0:002,train_t01_single_idvd_vgs_1p0,T01_D_B_IDVD,train,output,single_bottom_gate,results/tables/tcad_t01_d_idvd_points.csv,19,27adbc4a7075ceec55fb89837a3613258020ee7c99c37f3af3e9cb29be3793a2,scored,True,1.0,0.0,0.05,0.05,0.00018645946223379113,60.0,10.0,300.0
train_t01_single_idvd_vgs_1p0:003,train_t01_single_idvd_vgs_1p0,T01_D_B_IDVD,train,output,single_bottom_gate,results/tables/tcad_t01_d_idvd_points.csv,20,8d7d93ce1965a872b3d0bf438f497235155cec816dd18e19fd9449214246559f,scored,True,1.0,0.0,0.1,0.1,0.0003612710661579342,60.0,10.0,300.0
train_t01_single_idvd_vgs_1p0:004,train_t01_single_idvd_vgs_1p0,T01_D_B_IDVD,train,output,single_bottom_gate,results/tables/tcad_t01_d_idvd_points.csv,21,3f96ef8e1a2b8291c7ad2abe2ff8f084faf3181f050898fff296e2ddb4ab584c,scored,True,1.0,0.0,0.2,0.2,0.0006652668981208667,60.0,10.0,300.0
train_t02_dual_secondary_m0p3:000,train_t02_dual_secondary_m0p3,T02_C_DG_TRANSFER,train,transfer,symmetric_dual_gate,results/tables/tcad_t02_c_bidirectional_families.csv,2,15bad3ecbede4d5724ba26537e4a65a4c3446c40ced5db708b3c2f721f87e35a,scored,True,-0.3,-0.5,0.01,-0.5,3.802631747464787e-13,60.0,10.0,300.0
train_t02_dual_secondary_m0p3:001,train_t02_dual_secondary_m0p3,T02_C_DG_TRANSFER,train,transfer,symmetric_dual_gate,results/tables/tcad_t02_c_bidirectional_families.csv,3,817469f68e9cd8f14210866272f3039c8596a248e8f614d852692cf3f239e478,scored,True,-0.3,-0.45,0.01,-0.45,9.531624202190283e-13,60.0,10.0,300.0
train_t02_dual_secondary_m0p3:002,train_t02_dual_secondary_m0p3,T02_C_DG_TRANSFER,train,transfer,symmetric_dual_gate,results/tables/tcad_t02_c_bidirectional_families.csv,4,384955933f997494dba46a3c7d7cfadda8bdd7b0a7aa33b0f60d697d66c44edb,scored,True,-0.3,-0.4,0.01,-0.4,2.4205511186451624e-12,60.0,10.0,300.0
train_t02_dual_secondary_m0p3:003,train_t02_dual_secondary_m0p3,T02_C_DG_TRANSFER,train,transfer,symmetric_dual_gate,results/tables/tcad_t02_c_bidirectional_families.csv,5,9f25742062f2ad6caaa07f34b67aa605746c2ea90c95183c05fc137fe5d89555,scored,True,-0.3,-0.35,0.01,-0.35,6.230953865413727e-12,60.0,10.0,300.0
train_t02_dual_secondary_m0p3:004,train_t02_dual_secondary_m0p3,T02_C_DG_TRANSFER,train,transfer,symmetric_dual_gate,results/tables/tcad_t02_c_bidirectional_families.csv,6,e1831cb8923af609c91991c5d919c2b51c2737b1699676afaa05808acec84952,scored,True,-0.3,-0.3,0.01,-0.3,1.6264038843614528e-11,60.0,10.0,300.0
train_t02_dual_secondary_m0p3:005,train_t02_dual_secondary_m0p3,T02_C_DG_TRANSFER,train,transfer,symmetric_dual_gate,results/tables/tcad_t02_c_bidirectional_families.csv,7,7f9973e764cbe0712a1076bf26e58d3a6ca2fe7da8566c5e0155f2a627415c04,scored,True,-0.3,-0.25,0.01,-0.25,4.305034653376105e-11,60.0,10.0,300.0
train_t02_dual_secondary_m0p3:006,train_t02_dual_secondary_m0p3,T02_C_DG_TRANSFER,train,transfer,symmetric_dual_gate,results/tables/tcad_t02_c_bidirectional_families.csv,8,27f5c5ee563044fdf9493bfd921683d7d239016cc281cdc9b806afa1a346d614,scored,True,-0.3,-0.2,0.01,-0.2,1.1554028788316725e-10,60.0,10.0,300.0
train_t02_dual_secondary_m0p3:007,train_t02_dual_secondary_m0p3,T02_C_DG_TRANSFER,train,transfer,symmetric_dual_gate,results/tables/tcad_t02_c_bidirectional_families.csv,9,0b17466357923d6ac19b6eecf71ece186f87e74e78c3af8cdb134f85d17889d3,scored,True,-0.3,-0.15,0.01,-0.15,3.142849302647695e-10,60.0,10.0,300.0
train_t02_dual_secondary_m0p3:008,train_t02_dual_secondary_m0p3,T02_C_DG_TRANSFER,train,transfer,symmetric_dual_gate,results/tables/tcad_t02_c_bidirectional_families.csv,10,24ee771e601d825ba76668913bd2504e142734b1b7c7333c4ad77e9257a5eeba,scored,True,-0.3,-0.1,0.01,-0.1,8.658782775411904e-10,60.0,10.0,300.0
train_t02_dual_secondary_m0p3:009,train_t02_dual_secondary_m0p3,T02_C_DG_TRANSFER,train,transfer,symmetric_dual_gate,results/tables/tcad_t02_c_bidirectional_families.csv,11,c29dacdaa85a5c4eeb2ffd64d957e53951a24a156ddde93c17271717e0b31e45,scored,True,-0.3,-0.05,0.01,-0.05,2.413799429556351e-09,60.0,10.0,300.0
train_t02_dual_secondary_m0p3:010,train_t02_dual_secondary_m0p3,T02_C_DG_TRANSFER,train,transfer,symmetric_dual_gate,results/tables/tcad_t02_c_bidirectional_families.csv,12,655f36816bb55b94c29e69d1834c28f0bb7c83358a91cb0ea1967f342be52f62,scored,True,-0.3,0.0,0.01,0.0,6.798036727848865e-09,60.0,10.0,300.0
train_t02_dual_secondary_m0p3:011,train_t02_dual_secondary_m0p3,T02_C_DG_TRANSFER,train,transfer,symmetric_dual_gate,results/tables/tcad_t02_c_bidirectional_families.csv,13,d51ec19df5ab7ab3c2dc3fa160d82a5c02f3f2300e16eb281b5308f0b91b4e99,scored,True,-0.3,0.05,0.01,0.05,1.9287772026257463e-08,60.0,10.0,300.0
train_t02_dual_secondary_m0p3:012,train_t02_dual_secondary_m0p3,T02_C_DG_TRANSFER,train,transfer,symmetric_dual_gate,results/tables/tcad_t02_c_bidirectional_families.csv,14,f7b97ab593da696d90d7cea264bec21c9568148ab7316093649649b6a96643fb,scored,True,-0.3,0.1,0.01,0.1,5.4795936219161016e-08,60.0,10.0,300.0
train_t02_dual_secondary_m0p3:013,train_t02_dual_secondary_m0p3,T02_C_DG_TRANSFER,train,transfer,symmetric_dual_gate,results/tables/tcad_t02_c_bidirectional_families.csv,15,15012d8d8856605e2e213d148019f4780bb49be0f7319bd7fb75a5fbc046bdb5,scored,True,-0.3,0.15,0.01,0.15,1.5362256518591723e-07,60.0,10.0,300.0
train_t02_dual_secondary_m0p3:014,train_t02_dual_secondary_m0p3,T02_C_DG_TRANSFER,train,transfer,symmetric_dual_gate,results/tables/tcad_t02_c_bidirectional_families.csv,16,8e61d7f12ed0d8441516f9b8ff77458ab947a62b78b007c3fe80cc8921b6cfcb,scored,True,-0.3,0.2,0.01,0.2,4.111591504808959e-07,60.0,10.0,300.0
train_t02_dual_secondary_m0p3:015,train_t02_dual_secondary_m0p3,T02_C_DG_TRANSFER,train,transfer,symmetric_dual_gate,results/tables/tcad_t02_c_bidirectional_families.csv,17,beada6d9f1d2733abbebc78c2820037c915dbfc5148ab37e70acd3ee3660bc13,scored,True,-0.3,0.25,0.01,0.25,9.913384154986575e-07,60.0,10.0,300.0
train_t02_dual_secondary_m0p3:016,train_t02_dual_secondary_m0p3,T02_C_DG_TRANSFER,train,transfer,symmetric_dual_gate,results/tables/tcad_t02_c_bidirectional_families.csv,18,29e64e540991e59b619daef9dc152ecf0af493f81719b3f8d4b3d4fea08d9612,scored,True,-0.3,0.3,0.01,0.3,2.0345721951130514e-06,60.0,10.0,300.0
train_t02_dual_secondary_m0p3:017,train_t02_dual_secondary_m0p3,T02_C_DG_TRANSFER,train,transfer,symmetric_dual_gate,results/tables/tcad_t02_c_bidirectional_families.csv,19,e62ed50d723732a08eefdcfe53ef8c97b7c1ff2a12448db2f69aaaf010dd43ba,scored,True,-0.3,0.35,0.01,0.35,3.5195696351103623e-06,60.0,10.0,300.0
train_t02_dual_secondary_m0p3:018,train_t02_dual_secondary_m0p3,T02_C_DG_TRANSFER,train,transfer,symmetric_dual_gate,results/tables/tcad_t02_c_bidirectional_families.csv,20,83efc72f55591aeea081c885ccf48e0235abf7fcdf33ab8d0daecd15d4b6f556,scored,True,-0.3,0.4,0.01,0.4,5.3015795563180085e-06,60.0,10.0,300.0
train_t02_dual_secondary_m0p3:019,train_t02_dual_secondary_m0p3,T02_C_DG_TRANSFER,train,transfer,symmetric_dual_gate,results/tables/tcad_t02_c_bidirectional_families.csv,21,257e15d302a700f8600937368eb470efa783d868839b9e6665f8a0134e8a34ac,scored,True,-0.3,0.45,0.01,0.45,7.235406713421363e-06,60.0,10.0,300.0
train_t02_dual_secondary_m0p3:020,train_t02_dual_secondary_m0p3,T02_C_DG_TRANSFER,train,transfer,symmetric_dual_gate,results/tables/tcad_t02_c_bidirectional_families.csv,22,38bc93fcd91cec9a7ca68df4e83821652016a2a72941cb47bcf944109a9f5f32,scored,True,-0.3,0.5,0.01,0.5,9.222050396344935e-06,60.0,10.0,300.0
train_t02_dual_secondary_m0p3:021,train_t02_dual_secondary_m0p3,T02_C_DG_TRANSFER,train,transfer,symmetric_dual_gate,results/tables/tcad_t02_c_bidirectional_families.csv,23,403a75e9f2d896a4360f999ef14c26c36970e6099199c54bcae2968847369713,scored,True,-0.3,0.55,0.01,0.55,1.1202627874488718e-05,60.0,10.0,300.0
train_t02_dual_secondary_m0p3:022,train_t02_dual_secondary_m0p3,T02_C_DG_TRANSFER,train,transfer,symmetric_dual_gate,results/tables/tcad_t02_c_bidirectional_families.csv,24,139584d88ae65e6acd4c3b0001e53cae811e927d762cff70333b00967174d495,scored,True,-0.3,0.6,0.01,0.6,1.314394075337021e-05,60.0,10.0,300.0
train_t02_dual_secondary_m0p3:023,train_t02_dual_secondary_m0p3,T02_C_DG_TRANSFER,train,transfer,symmetric_dual_gate,results/tables/tcad_t02_c_bidirectional_families.csv,25,24f4a63895de773d65862283e7279b1bf539e7d786ef52029e3c77d9d513975c,scored,True,-0.3,0.65,0.01,0.65,1.5027986809913586e-05,60.0,10.0,300.0
train_t02_dual_secondary_m0p3:024,train_t02_dual_secondary_m0p3,T02_C_DG_TRANSFER,train,transfer,symmetric_dual_gate,results/tables/tcad_t02_c_bidirectional_families.csv,26,63a71b20c97797138a0500dd7222235eb49e2af64d6faa51cf95b71f685debea,scored,True,-0.3,0.7,0.01,0.7,1.6845634089939916e-05,60.0,10.0,300.0
train_t02_dual_secondary_m0p3:025,train_t02_dual_secondary_m0p3,T02_C_DG_TRANSFER,train,transfer,symmetric_dual_gate,results/tables/tcad_t02_c_bidirectional_families.csv,27,9e4b908c9f6ab6ab9af2d523abec29506c19dfc61c6da1e5d719ea56699bdea4,scored,True,-0.3,0.75,0.01,0.75,1.8592954897320427e-05,60.0,10.0,300.0
train_t02_dual_secondary_m0p3:026,train_t02_dual_secondary_m0p3,T02_C_DG_TRANSFER,train,transfer,symmetric_dual_gate,results/tables/tcad_t02_c_bidirectional_families.csv,28,320ef987c694bde7780cc6038c27d33114a936ced9b86caf1bfc3b8c6de6d0eb,scored,True,-0.3,0.8,0.01,0.8,2.026909420036998e-05,60.0,10.0,300.0
train_t02_dual_secondary_m0p3:027,train_t02_dual_secondary_m0p3,T02_C_DG_TRANSFER,train,transfer,symmetric_dual_gate,results/tables/tcad_t02_c_bidirectional_families.csv,29,eda9bfce6732bff97a650f59c9a6c66bbb0438d631494538cdc4c0645b4a5a84,scored,True,-0.3,0.85,0.01,0.85,2.187500958898435e-05,60.0,10.0,300.0
train_t02_dual_secondary_m0p3:028,train_t02_dual_secondary_m0p3,T02_C_DG_TRANSFER,train,transfer,symmetric_dual_gate,results/tables/tcad_t02_c_bidirectional_families.csv,30,06e71cd7c82bf522551e20e556463836a09188471ffdb87ee8aa471528949053,scored,True,-0.3,0.9,0.01,0.9,2.3412712311099538e-05,60.0,10.0,300.0
train_t02_dual_secondary_m0p3:029,train_t02_dual_secondary_m0p3,T02_C_DG_TRANSFER,train,transfer,symmetric_dual_gate,results/tables/tcad_t02_c_bidirectional_families.csv,31,f99d63e539c1d33129cbb6a1f89bcac5e3662e24d7620b6a856c378405df018d,scored,True,-0.3,0.95,0.01,0.95,2.488480248175771e-05,60.0,10.0,300.0
train_t02_dual_secondary_m0p3:030,train_t02_dual_secondary_m0p3,T02_C_DG_TRANSFER,train,transfer,symmetric_dual_gate,results/tables/tcad_t02_c_bidirectional_families.csv,32,89e457f40770bce69c3561c197b1542de384d89336601239d60ab3100f3cc97e,scored,True,-0.3,1.0,0.01,1.0,2.629418093149221e-05,60.0,10.0,300.0
train_t02_dual_secondary_p0p3:000,train_t02_dual_secondary_p0p3,T02_C_DG_TRANSFER,train,transfer,symmetric_dual_gate,results/tables/tcad_t02_c_bidirectional_families.csv,64,486355a0a89d70495a3aa4fa1a3f18ec84e389404707c08c5e2a93ce07f6dc8c,scored,True,0.3,-0.5,0.01,-0.5,1.4229966375791528e-07,60.0,10.0,300.0
train_t02_dual_secondary_p0p3:001,train_t02_dual_secondary_p0p3,T02_C_DG_TRANSFER,train,transfer,symmetric_dual_gate,results/tables/tcad_t02_c_bidirectional_families.csv,65,6fcee8377948ddeee788dc23e112293fe1dcb1d9debb679516677ec8c4a97e08,scored,True,0.3,-0.45,0.01,-0.45,3.0559392546835297e-07,60.0,10.0,300.0
train_t02_dual_secondary_p0p3:002,train_t02_dual_secondary_p0p3,T02_C_DG_TRANSFER,train,transfer,symmetric_dual_gate,results/tables/tcad_t02_c_bidirectional_families.csv,66,6cbbfc4703bc5564a8275bcdc1828db35f85b0991667cd8b66fa4f9d3c86dcac,scored,True,0.3,-0.4,0.01,-0.4,6.2485569570081e-07,60.0,10.0,300.0
train_t02_dual_secondary_p0p3:003,train_t02_dual_secondary_p0p3,T02_C_DG_TRANSFER,train,transfer,symmetric_dual_gate,results/tables/tcad_t02_c_bidirectional_families.csv,67,adb509bd2570c769c28fd8eeff6d1aa79f856998d3d7924e9cbd976fd7d7b706,scored,True,0.3,-0.35,0.01,-0.35,1.1830902511532292e-06,60.0,10.0,300.0
train_t02_dual_secondary_p0p3:004,train_t02_dual_secondary_p0p3,T02_C_DG_TRANSFER,train,transfer,symmetric_dual_gate,results/tables/tcad_t02_c_bidirectional_families.csv,68,b47bcccc2e03463125f2a5875d01e1b1d86609fcfcaef86f22a1c8060cfc343f,scored,True,0.3,-0.3,0.01,-0.3,2.0345721951130594e-06,60.0,10.0,300.0
train_t02_dual_secondary_p0p3:005,train_t02_dual_secondary_p0p3,T02_C_DG_TRANSFER,train,transfer,symmetric_dual_gate,results/tables/tcad_t02_c_bidirectional_families.csv,69,876e83f11def5a39a8b716035acac83b2c0669d22fa3576e9d116e46d190e649,scored,True,0.3,-0.25,0.01,-0.25,3.1756399956165973e-06,60.0,10.0,300.0
train_t02_dual_secondary_p0p3:006,train_t02_dual_secondary_p0p3,T02_C_DG_TRANSFER,train,transfer,symmetric_dual_gate,results/tables/tcad_t02_c_bidirectional_families.csv,70,0a3c2e8a98b16bce9dc697bcec43edd116e0f476c053c805a8923ab5f64147c7,scored,True,0.3,-0.2,0.01,-0.2,4.560646784327157e-06,60.0,10.0,300.0
train_t02_dual_secondary_p0p3:007,train_t02_dual_secondary_p0p3,T02_C_DG_TRANSFER,train,transfer,symmetric_dual_gate,results/tables/tcad_t02_c_bidirectional_families.csv,71,3baa65a7299571b28fc838418eed03beb4242a4f7fafc202191af2f0ad3ce539,scored,True,0.3,-0.15,0.01,-0.15,6.134126807426038e-06,60.0,10.0,300.0
train_t02_dual_secondary_p0p3:008,train_t02_dual_secondary_p0p3,T02_C_DG_TRANSFER,train,transfer,symmetric_dual_gate,results/tables/tcad_t02_c_bidirectional_families.csv,72,5c7a1f6a3131c03f339073635ec3ff7c165886cea6d4e1db4de8ff104e5abfe5,scored,True,0.3,-0.1,0.01,-0.1,7.847820248578201e-06,60.0,10.0,300.0
train_t02_dual_secondary_p0p3:009,train_t02_dual_secondary_p0p3,T02_C_DG_TRANSFER,train,transfer,symmetric_dual_gate,results/tables/tcad_t02_c_bidirectional_families.csv,73,a8d673c53c469781976c63ec18ba1bc21c40113e15a8fcc134cc2e6bfa055420,scored,True,0.3,-0.05,0.01,-0.05,9.663261678951728e-06,60.0,10.0,300.0
train_t02_dual_secondary_p0p3:010,train_t02_dual_secondary_p0p3,T02_C_DG_TRANSFER,train,transfer,symmetric_dual_gate,results/tables/tcad_t02_c_bidirectional_families.csv,74,daf2945f2059e8205a29865e9372614f622ce42100d7016f71aad2843adfb3a4,scored,True,0.3,0.0,0.01,0.0,1.154944554137311e-05,60.0,10.0,300.0
train_t02_dual_secondary_p0p3:011,train_t02_dual_secondary_p0p3,T02_C_DG_TRANSFER,train,transfer,symmetric_dual_gate,results/tables/tcad_t02_c_bidirectional_families.csv,75,727f0605f4a9188a64d0970743f3a9a16dd2a55f23abc0534bb972b92a6d44a1,scored,True,0.3,0.05,0.01,0.05,1.348048997901662e-05,60.0,10.0,300.0
train_t02_dual_secondary_p0p3:012,train_t02_dual_secondary_p0p3,T02_C_DG_TRANSFER,train,transfer,symmetric_dual_gate,results/tables/tcad_t02_c_bidirectional_families.csv,76,dd9291eb3bb1ecc70b589d66ba8f7e5b628387059dc886a8933755c1cab86771,scored,True,0.3,0.1,0.01,0.1,1.5434405598724188e-05,60.0,10.0,300.0
train_t02_dual_secondary_p0p3:013,train_t02_dual_secondary_p0p3,T02_C_DG_TRANSFER,train,transfer,symmetric_dual_gate,results/tables/tcad_t02_c_bidirectional_families.csv,77,f4a172e38a374e20a6776c92106e53924d68018231eeef90d949eb1c2b7863d5,scored,True,0.3,0.15,0.01,0.15,1.739266828816028e-05,60.0,10.0,300.0
train_t02_dual_secondary_p0p3:014,train_t02_dual_secondary_p0p3,T02_C_DG_TRANSFER,train,transfer,symmetric_dual_gate,results/tables/tcad_t02_c_bidirectional_families.csv,78,d83350541f12ae116a027b8f208fc99c3ae04313f07f90de672df2fef1aa10e9,scored,True,0.3,0.2,0.01,0.2,1.9340082626511117e-05,60.0,10.0,300.0
train_t02_dual_secondary_p0p3:015,train_t02_dual_secondary_p0p3,T02_C_DG_TRANSFER,train,transfer,symmetric_dual_gate,results/tables/tcad_t02_c_bidirectional_families.csv,79,515b5ac926b9e21de010939ca75847cf94da8a7d5289fb64f57c9a0b3dba549a,scored,True,0.3,0.25,0.01,0.25,2.1264613003026373e-05,60.0,10.0,300.0
train_t02_dual_secondary_p0p3:016,train_t02_dual_secondary_p0p3,T02_C_DG_TRANSFER,train,transfer,symmetric_dual_gate,results/tables/tcad_t02_c_bidirectional_families.csv,80,6506ea24b4f6847c587e90f960f212a411b43421919a508d547a7f0f6bfa916c,scored,True,0.3,0.3,0.01,0.3,2.3157084286939043e-05,60.0,10.0,300.0
train_t02_dual_secondary_p0p3:017,train_t02_dual_secondary_p0p3,T02_C_DG_TRANSFER,train,transfer,symmetric_dual_gate,results/tables/tcad_t02_c_bidirectional_families.csv,81,97f8dbb2a1d0319fa483551fc0f230ad519118c40341390ae6b9eed6ec779dc3,scored,True,0.3,0.35,0.01,0.35,2.5010782783903523e-05,60.0,10.0,300.0
train_t02_dual_secondary_p0p3:018,train_t02_dual_secondary_p0p3,T02_C_DG_TRANSFER,train,transfer,symmetric_dual_gate,results/tables/tcad_t02_c_bidirectional_families.csv,82,ae5328c3598c63fe97f4e5fc43ec861393b94eda01819dadb7ba4f22081f3263,scored,True,0.3,0.4,0.01,0.4,2.682102394682172e-05,60.0,10.0,300.0
train_t02_dual_secondary_p0p3:019,train_t02_dual_secondary_p0p3,T02_C_DG_TRANSFER,train,transfer,symmetric_dual_gate,results/tables/tcad_t02_c_bidirectional_families.csv,83,940929a1a59043296334f6ee27eecb9205a25eea48887f8d1b41b0b8d0984054,scored,True,0.3,0.45,0.01,0.45,2.858474099628184e-05,60.0,10.0,300.0
train_t02_dual_secondary_p0p3:020,train_t02_dual_secondary_p0p3,T02_C_DG_TRANSFER,train,transfer,symmetric_dual_gate,results/tables/tcad_t02_c_bidirectional_families.csv,84,0795f8f5af3855985590db2607267a92fb908986be1922fbf9eb40baf371e0ed,scored,True,0.3,0.5,0.01,0.5,3.0300124360703455e-05,60.0,10.0,300.0
train_t02_dual_secondary_p0p3:021,train_t02_dual_secondary_p0p3,T02_C_DG_TRANSFER,train,transfer,symmetric_dual_gate,results/tables/tcad_t02_c_bidirectional_families.csv,85,ea18dff061e42ee916848dd6f6fb1e2f4054d71e1ff4d681fc5d5137701a3727,scored,True,0.3,0.55,0.01,0.55,3.1966322038530166e-05,60.0,10.0,300.0
train_t02_dual_secondary_p0p3:022,train_t02_dual_secondary_p0p3,T02_C_DG_TRANSFER,train,transfer,symmetric_dual_gate,results/tables/tcad_t02_c_bidirectional_families.csv,86,ab8986a8deaf5c98f021b9de33a6ebab89e0ebef19eae9faf773863c6b86fc26,scored,True,0.3,0.6,0.01,0.6,3.358319910807379e-05,60.0,10.0,300.0
train_t02_dual_secondary_p0p3:023,train_t02_dual_secondary_p0p3,T02_C_DG_TRANSFER,train,transfer,symmetric_dual_gate,results/tables/tcad_t02_c_bidirectional_families.csv,87,d878a174f2292e4336a7a7aff6596e379fc353c4801aa27003760db234429f75,scored,True,0.3,0.65,0.01,0.65,3.5151149082994054e-05,60.0,10.0,300.0
train_t02_dual_secondary_p0p3:024,train_t02_dual_secondary_p0p3,T02_C_DG_TRANSFER,train,transfer,symmetric_dual_gate,results/tables/tcad_t02_c_bidirectional_families.csv,88,5f024fd3a6c6a728bfcde3869a09118ebace5a41c570d471fcc45ebaf4848f97,scored,True,0.3,0.7,0.01,0.7,3.667094817010031e-05,60.0,10.0,300.0
train_t02_dual_secondary_p0p3:025,train_t02_dual_secondary_p0p3,T02_C_DG_TRANSFER,train,transfer,symmetric_dual_gate,results/tables/tcad_t02_c_bidirectional_families.csv,89,5c5b45ef26b02111590d785791719ba5d39e0a5b16fb0920422b10d97184f9de,scored,True,0.3,0.75,0.01,0.75,3.814364382454628e-05,60.0,10.0,300.0
train_t02_dual_secondary_p0p3:026,train_t02_dual_secondary_p0p3,T02_C_DG_TRANSFER,train,transfer,symmetric_dual_gate,results/tables/tcad_t02_c_bidirectional_families.csv,90,de8c1b22e7f70eb3297fe97f1b815156cc29e2be75fc6d59be18cc4955816e3d,scored,True,0.3,0.8,0.01,0.8,3.9570470149065345e-05,60.0,10.0,300.0
train_t02_dual_secondary_p0p3:027,train_t02_dual_secondary_p0p3,T02_C_DG_TRANSFER,train,transfer,symmetric_dual_gate,results/tables/tcad_t02_c_bidirectional_families.csv,91,741fa9df3de4715155e9429e5d87e608e14a3b0e57ee2752d41dfacf1fda37bd,scored,True,0.3,0.85,0.01,0.85,4.095278403267024e-05,60.0,10.0,300.0
train_t02_dual_secondary_p0p3:028,train_t02_dual_secondary_p0p3,T02_C_DG_TRANSFER,train,transfer,symmetric_dual_gate,results/tables/tcad_t02_c_bidirectional_families.csv,92,d2e95328398755a96a6fcad49b7f338f19b4be60be10fdb99ddfc70edae17d23,scored,True,0.3,0.9,0.01,0.9,4.229201718787884e-05,60.0,10.0,300.0
train_t02_dual_secondary_p0p3:029,train_t02_dual_secondary_p0p3,T02_C_DG_TRANSFER,train,transfer,symmetric_dual_gate,results/tables/tcad_t02_c_bidirectional_families.csv,93,8c975abe65eb96496adf592c210eba1d0241c51e486b3d1ff9c0dcd912d4eb4c,scored,True,0.3,0.95,0.01,0.95,4.3589640320554485e-05,60.0,10.0,300.0
train_t02_dual_secondary_p0p3:030,train_t02_dual_secondary_p0p3,T02_C_DG_TRANSFER,train,transfer,symmetric_dual_gate,results/tables/tcad_t02_c_bidirectional_families.csv,94,49284809cd925d98c5ebb6e46fa65fe78422485d19b77e8161046adabeb0f85d,scored,True,0.3,1.0,0.01,1.0,4.484713653569497e-05,60.0,10.0,300.0
train_t03_dual_length_8:000,train_t03_dual_length_8,T03_P4_LENGTH_TRANSFER,train,transfer,symmetric_dual_gate,results/tables/tcad_t03_p4_l_transfer_curves.csv,2,5048620bbe618a10e9e7f7bcfda0de770f478d05135f2157ed633f5b4a074f4c,scored,True,0.0,-0.5,0.01,-0.5,2.6585859342388995e-10,60.0,8.0,300.0
train_t03_dual_length_8:001,train_t03_dual_length_8,T03_P4_LENGTH_TRANSFER,train,transfer,symmetric_dual_gate,results/tables/tcad_t03_p4_l_transfer_curves.csv,3,c940e2fedd6798cb49931c4ce6c620684b8e281e694e68aae7a24080c18d888d,scored,True,0.0,-0.45,0.01,-0.45,6.262468147103593e-10,60.0,8.0,300.0
train_t03_dual_length_8:002,train_t03_dual_length_8,T03_P4_LENGTH_TRANSFER,train,transfer,symmetric_dual_gate,results/tables/tcad_t03_p4_l_transfer_curves.csv,4,3d1d072a5dcb5aa9c27bd732777065b5284e2778600da9d85ca7fce08e37451a,scored,True,0.0,-0.4,0.01,-0.4,1.486577032568291e-09,60.0,8.0,300.0
train_t03_dual_length_8:003,train_t03_dual_length_8,T03_P4_LENGTH_TRANSFER,train,transfer,symmetric_dual_gate,results/tables/tcad_t03_p4_l_transfer_curves.csv,5,d41995bc206d94be472968725005331a2eb969a69806719947350e42a9750e45,scored,True,0.0,-0.35,0.01,-0.35,3.5583118650640724e-09,60.0,8.0,300.0
train_t03_dual_length_8:004,train_t03_dual_length_8,T03_P4_LENGTH_TRANSFER,train,transfer,symmetric_dual_gate,results/tables/tcad_t03_p4_l_transfer_curves.csv,6,d3cddd5c1fbb0178dd36766eac2c57a44174daede333392c53aeb1e188c8bfa7,scored,True,0.0,-0.3,0.01,-0.3,8.591574692723097e-09,60.0,8.0,300.0
train_t03_dual_length_8:005,train_t03_dual_length_8,T03_P4_LENGTH_TRANSFER,train,transfer,symmetric_dual_gate,results/tables/tcad_t03_p4_l_transfer_curves.csv,7,079042c9d814499ae5bd2ea847eb21e82f082f428115c22e394a69ec43a1e6cf,scored,True,0.0,-0.25,0.01,-0.25,2.09188909677435e-08,60.0,8.0,300.0
train_t03_dual_length_8:006,train_t03_dual_length_8,T03_P4_LENGTH_TRANSFER,train,transfer,symmetric_dual_gate,results/tables/tcad_t03_p4_l_transfer_curves.csv,8,4561ae5b55cd0e34305ae8d38078d67fd62dbb3d74e24f7b80215e552bfb35e2,scored,True,0.0,-0.2,0.01,-0.2,5.126087915777233e-08,60.0,8.0,300.0
train_t03_dual_length_8:007,train_t03_dual_length_8,T03_P4_LENGTH_TRANSFER,train,transfer,symmetric_dual_gate,results/tables/tcad_t03_p4_l_transfer_curves.csv,9,31729e0749045cf38d195deda53e73c8716408627809281bdb2ee84d7d7ab388,scored,True,0.0,-0.15,0.01,-0.15,1.2567731924559904e-07,60.0,8.0,300.0
train_t03_dual_length_8:008,train_t03_dual_length_8,T03_P4_LENGTH_TRANSFER,train,transfer,symmetric_dual_gate,results/tables/tcad_t03_p4_l_transfer_curves.csv,10,07871fecc39573d1027a7ebab1beae5f0dd42a702ac704da4e3e9f1cfd657239,scored,True,0.0,-0.1,0.01,-0.1,3.038683720249789e-07,60.0,8.0,300.0
train_t03_dual_length_8:009,train_t03_dual_length_8,T03_P4_LENGTH_TRANSFER,train,transfer,symmetric_dual_gate,results/tables/tcad_t03_p4_l_transfer_curves.csv,11,1b3fab1565e40360b24b922d72f8e54ba7d99c3cf3b606251ed0c676ef940f94,scored,True,0.0,-0.05,0.01,-0.05,7.035494893381069e-07,60.0,8.0,300.0
train_t03_dual_length_8:010,train_t03_dual_length_8,T03_P4_LENGTH_TRANSFER,train,transfer,symmetric_dual_gate,results/tables/tcad_t03_p4_l_transfer_curves.csv,12,eabe6d12a4e24d8aca0e5fa4cb9a9e467f6790b8cbdaddd4b7cea55dcb9133ee,scored,True,0.0,0.0,0.01,0.0,1.4926054763464166e-06,60.0,8.0,300.0
train_t03_dual_length_8:011,train_t03_dual_length_8,T03_P4_LENGTH_TRANSFER,train,transfer,symmetric_dual_gate,results/tables/tcad_t03_p4_l_transfer_curves.csv,13,192e4f0ca0565855bb8b5cf6b7299015a450978a42d398686c7f9a0e1ff40f18,scored,True,0.0,0.05,0.01,0.05,2.793728440653777e-06,60.0,8.0,300.0
train_t03_dual_length_8:012,train_t03_dual_length_8,T03_P4_LENGTH_TRANSFER,train,transfer,symmetric_dual_gate,results/tables/tcad_t03_p4_l_transfer_curves.csv,14,6b2a5a8dfc8b3873780a3257c26222b4a6e5f9741fad60733556ef2acbf34088,scored,True,0.0,0.1,0.01,0.1,4.582958534274134e-06,60.0,8.0,300.0
train_t03_dual_length_8:013,train_t03_dual_length_8,T03_P4_LENGTH_TRANSFER,train,transfer,symmetric_dual_gate,results/tables/tcad_t03_p4_l_transfer_curves.csv,15,4bf15263e6a07dc0425aca737c703967e079b00d933c2e85c051d451d51306f2,scored,True,0.0,0.15,0.01,0.15,6.725635641805401e-06,60.0,8.0,300.0
train_t03_dual_length_8:014,train_t03_dual_length_8,T03_P4_LENGTH_TRANSFER,train,transfer,symmetric_dual_gate,results/tables/tcad_t03_p4_l_transfer_curves.csv,16,321a1b420681415e0a35a5c0db6b7a2d64257890441ef6d63fdb971b01ad363e,scored,True,0.0,0.2,0.01,0.2,9.074337275173307e-06,60.0,8.0,300.0
train_t03_dual_length_8:015,train_t03_dual_length_8,T03_P4_LENGTH_TRANSFER,train,transfer,symmetric_dual_gate,results/tables/tcad_t03_p4_l_transfer_curves.csv,17,5824dc967e2bc668e17bc4352043158ece094b8b49b3c4f7b0422bf2a6973130,scored,True,0.0,0.25,0.01,0.25,1.1516400009337863e-05,60.0,8.0,300.0
train_t03_dual_length_8:016,train_t03_dual_length_8,T03_P4_LENGTH_TRANSFER,train,transfer,symmetric_dual_gate,results/tables/tcad_t03_p4_l_transfer_curves.csv,18,0389e8f03df65c628a147226d7f4899a74bf9dfe32d1af0a07550ff69c97f684,scored,True,0.0,0.3,0.01,0.3,1.397697679245673e-05,60.0,8.0,300.0
train_t03_dual_length_8:017,train_t03_dual_length_8,T03_P4_LENGTH_TRANSFER,train,transfer,symmetric_dual_gate,results/tables/tcad_t03_p4_l_transfer_curves.csv,19,4998dd79c79687dc7f2cf5d9c7bca0a6a1f126ef9cdd073661bbc5cd9a9dedac,scored,True,0.0,0.35,0.01,0.35,1.64092580218194e-05,60.0,8.0,300.0
train_t03_dual_length_8:018,train_t03_dual_length_8,T03_P4_LENGTH_TRANSFER,train,transfer,symmetric_dual_gate,results/tables/tcad_t03_p4_l_transfer_curves.csv,20,e3b1c39939a36ca6b3eff9a7d6a3fe0fb9000e3d531796488f31fa06e072d761,scored,True,0.0,0.4,0.01,0.4,1.8785022642705392e-05,60.0,8.0,300.0
train_t03_dual_length_8:019,train_t03_dual_length_8,T03_P4_LENGTH_TRANSFER,train,transfer,symmetric_dual_gate,results/tables/tcad_t03_p4_l_transfer_curves.csv,21,d47cae700bc3536b3a6fd4106b80028558ba868704a693e993a7837517b33086,scored,True,0.0,0.45,0.01,0.45,2.1087959340481878e-05,60.0,8.0,300.0
train_t03_dual_length_8:020,train_t03_dual_length_8,T03_P4_LENGTH_TRANSFER,train,transfer,symmetric_dual_gate,results/tables/tcad_t03_p4_l_transfer_curves.csv,22,efef4a72c20659147aaec83e208aa88a5341a87b3e0ed255edcb6d8fa9f556a0,scored,True,0.0,0.5,0.01,0.5,2.330932674876676e-05,60.0,8.0,300.0
train_t03_dual_length_8:021,train_t03_dual_length_8,T03_P4_LENGTH_TRANSFER,train,transfer,symmetric_dual_gate,results/tables/tcad_t03_p4_l_transfer_curves.csv,23,18eaf0fa4c576f74c6cb8aec2030e865e17c8a030158eef9c8675da48a735136,scored,True,0.0,0.55,0.01,0.55,2.544519214792324e-05,60.0,8.0,300.0
train_t03_dual_length_8:022,train_t03_dual_length_8,T03_P4_LENGTH_TRANSFER,train,transfer,symmetric_dual_gate,results/tables/tcad_t03_p4_l_transfer_curves.csv,24,156b98cd969499489bde642af63f3c28047fb78d366a6872661dfaadc5a63f3c,scored,True,0.0,0.6,0.01,0.6,2.7494673005043857e-05,60.0,8.0,300.0
train_t03_dual_length_8:023,train_t03_dual_length_8,T03_P4_LENGTH_TRANSFER,train,transfer,symmetric_dual_gate,results/tables/tcad_t03_p4_l_transfer_curves.csv,25,760b39fc69436c8365d98b295a519c1ceee05121b7e2be1fa51b8305f3ac00cf,scored,True,0.0,0.65,0.01,0.65,2.9458807912957504e-05,60.0,8.0,300.0
train_t03_dual_length_8:024,train_t03_dual_length_8,T03_P4_LENGTH_TRANSFER,train,transfer,symmetric_dual_gate,results/tables/tcad_t03_p4_l_transfer_curves.csv,26,f7e32df232fd72d4cc144a798f3fe63571186b3e6dab2476b396d8a2b9967192,scored,True,0.0,0.7,0.01,0.7,3.133982461461684e-05,60.0,8.0,300.0
train_t03_dual_length_8:025,train_t03_dual_length_8,T03_P4_LENGTH_TRANSFER,train,transfer,symmetric_dual_gate,results/tables/tcad_t03_p4_l_transfer_curves.csv,27,6061cba55d88d4e31123da569cbdd0c7244d55aeebe89e27b9d4c071e684d8c1,scored,True,0.0,0.75,0.01,0.75,3.314066144324037e-05,60.0,8.0,300.0
train_t03_dual_length_8:026,train_t03_dual_length_8,T03_P4_LENGTH_TRANSFER,train,transfer,symmetric_dual_gate,results/tables/tcad_t03_p4_l_transfer_curves.csv,28,933ddbfc863a1fa00ec26bddda0eaaa5326828ef3b7413803d64b7a62c13f51a,scored,True,0.0,0.8,0.01,0.8,3.486465263346441e-05,60.0,8.0,300.0
train_t03_dual_length_8:027,train_t03_dual_length_8,T03_P4_LENGTH_TRANSFER,train,transfer,symmetric_dual_gate,results/tables/tcad_t03_p4_l_transfer_curves.csv,29,3200103e8c092e918eea9ec963ce830b4f0a5dc12fe6739172ab0ee04a57afed,scored,True,0.0,0.85,0.01,0.85,3.651532096333443e-05,60.0,8.0,300.0
train_t03_dual_length_8:028,train_t03_dual_length_8,T03_P4_LENGTH_TRANSFER,train,transfer,symmetric_dual_gate,results/tables/tcad_t03_p4_l_transfer_curves.csv,30,fc71a562c77531406555674efcdd2df7193eba99c9a0b3c0323fdd8b0654f84c,scored,True,0.0,0.9,0.01,0.9,3.809624150379237e-05,60.0,8.0,300.0
train_t03_dual_length_8:029,train_t03_dual_length_8,T03_P4_LENGTH_TRANSFER,train,transfer,symmetric_dual_gate,results/tables/tcad_t03_p4_l_transfer_curves.csv,31,10dee406a640b80360aeb71d5bddbe8965b437440c4291e0442745f637363435,scored,True,0.0,0.95,0.01,0.95,3.9610952931529105e-05,60.0,8.0,300.0
train_t03_dual_length_8:030,train_t03_dual_length_8,T03_P4_LENGTH_TRANSFER,train,transfer,symmetric_dual_gate,results/tables/tcad_t03_p4_l_transfer_curves.csv,32,6d37afada55e5990ab7620ad916ea9bf0163c05e409978aca0effaed9652a00e,scored,True,0.0,1.0,0.01,1.0,4.1062900893966666e-05,60.0,8.0,300.0
train_t03_dual_idvd_vtg_0p3:000,train_t03_dual_idvd_vtg_0p3,T03_P3_V2_OUTPUT,train,output,symmetric_dual_gate,results/tables/tcad_t03_p3_contact_v2_output.csv,2,f3ac7ded322eeba67c1ff9aa5a92f84d5d0176f29696b6691b7185f26f72d958,zero_vds_invariant,False,0.0,0.3,0.0,0.0,2.1725029758008892e-20,60.0,10.0,300.0
train_t03_dual_idvd_vtg_0p3:001,train_t03_dual_idvd_vtg_0p3,T03_P3_V2_OUTPUT,train,output,symmetric_dual_gate,results/tables/tcad_t03_p3_contact_v2_output.csv,3,f40d92847cf82f2cc21a964a09452218b62493d5b48c2b907d4431c9e6a58efb,scored,True,0.0,0.3,0.001,0.001,1.1909575113352843e-06,60.0,10.0,300.0
train_t03_dual_idvd_vtg_0p3:002,train_t03_dual_idvd_vtg_0p3,T03_P3_V2_OUTPUT,train,output,symmetric_dual_gate,results/tables/tcad_t03_p3_contact_v2_output.csv,4,4613587d8741cd63552e445009e086dd7a95bb212ebeac8cbb3c6850af9a07d4,scored,True,0.0,0.3,0.005,0.005,5.874713619601288e-06,60.0,10.0,300.0
train_t03_dual_idvd_vtg_0p3:003,train_t03_dual_idvd_vtg_0p3,T03_P3_V2_OUTPUT,train,output,symmetric_dual_gate,results/tables/tcad_t03_p3_contact_v2_output.csv,5,92e0ee70acf9b4cef09087df2c444b36180a54d310d696f90384a85403fc5447,repeated_low_vds_audit,False,0.0,0.3,0.01,0.01,1.1549445541373129e-05,60.0,10.0,300.0
train_t03_dual_idvd_vtg_0p3:004,train_t03_dual_idvd_vtg_0p3,T03_P3_V2_OUTPUT,train,output,symmetric_dual_gate,results/tables/tcad_t03_p3_contact_v2_output.csv,6,cdce51f49ad81f9238394ada023ca20fa425f22b74315df617498adb7780d24f,scored,True,0.0,0.3,0.05,0.05,4.982936418406321e-05,60.0,10.0,300.0
train_t03_dual_idvd_vtg_0p3:005,train_t03_dual_idvd_vtg_0p3,T03_P3_V2_OUTPUT,train,output,symmetric_dual_gate,results/tables/tcad_t03_p3_contact_v2_output.csv,7,486952b5b2e3d603f6c5f1ff4a153914c977992ffef1ed37cdf452c32f8f3502,scored,True,0.0,0.3,0.1,0.1,8.07539005392809e-05,60.0,10.0,300.0
train_t03_dual_idvd_vtg_0p3:006,train_t03_dual_idvd_vtg_0p3,T03_P3_V2_OUTPUT,train,output,symmetric_dual_gate,results/tables/tcad_t03_p3_contact_v2_output.csv,8,2796220059dad94939a594957d9d0bd670a2b12fe5bca68f7eedddcbf94b21f3,scored,True,0.0,0.3,0.2,0.2,0.00010113591855379847,60.0,10.0,300.0
train_t03_dual_idvd_vtg_1p0:000,train_t03_dual_idvd_vtg_1p0,T03_P3_V2_OUTPUT,train,output,symmetric_dual_gate,results/tables/tcad_t03_p3_contact_v2_output.csv,16,f91bdc0dd329c2d7d8c044b97ed309c65be82fb079264bcb626811dd84cd2547,zero_vds_invariant,False,0.0,1.0,0.0,0.0,1.4818786161078318e-20,60.0,10.0,300.0
train_t03_dual_idvd_vtg_1p0:001,train_t03_dual_idvd_vtg_1p0,T03_P3_V2_OUTPUT,train,output,symmetric_dual_gate,results/tables/tcad_t03_p3_contact_v2_output.csv,17,ebf8266e444340adb4ca0f445d98036f58a15e649f9cca50ff46046db70e5f72,scored,True,0.0,1.0,0.001,0.001,3.6207784098266517e-06,60.0,10.0,300.0
train_t03_dual_idvd_vtg_1p0:002,train_t03_dual_idvd_vtg_1p0,T03_P3_V2_OUTPUT,train,output,symmetric_dual_gate,results/tables/tcad_t03_p3_contact_v2_output.csv,18,19d733e935d709943b43e9ae6781c8c2a119cc44dcd4614aa5a360b6a118cc86,scored,True,0.0,1.0,0.005,0.005,1.8044488501709534e-05,60.0,10.0,300.0
train_t03_dual_idvd_vtg_1p0:003,train_t03_dual_idvd_vtg_1p0,T03_P3_V2_OUTPUT,train,output,symmetric_dual_gate,results/tables/tcad_t03_p3_contact_v2_output.csv,19,0f8786e620f8abbd0c5d158a197cbd756b278746f759436e2be25c9363df12ee,repeated_low_vds_audit,False,0.0,1.0,0.01,0.01,3.593724333278684e-05,60.0,10.0,300.0
train_t03_dual_idvd_vtg_1p0:004,train_t03_dual_idvd_vtg_1p0,T03_P3_V2_OUTPUT,train,output,symmetric_dual_gate,results/tables/tcad_t03_p3_contact_v2_output.csv,20,f77771bac6819478afb115f64e429ffa195710ecbaf79a4298c88926638783e5,scored,True,0.0,1.0,0.05,0.05,0.00017304807063808574,60.0,10.0,300.0
train_t03_dual_idvd_vtg_1p0:005,train_t03_dual_idvd_vtg_1p0,T03_P3_V2_OUTPUT,train,output,symmetric_dual_gate,results/tables/tcad_t03_p3_contact_v2_output.csv,21,301c519eb715b1b726ea631eae154cea9c8b3262af379d1f438d0d95c0c175b3,scored,True,0.0,1.0,0.1,0.1,0.00032739095328495867,60.0,10.0,300.0
train_t03_dual_idvd_vtg_1p0:006,train_t03_dual_idvd_vtg_1p0,T03_P3_V2_OUTPUT,train,output,symmetric_dual_gate,results/tables/tcad_t03_p3_contact_v2_output.csv,22,b8f7b029ec216de230b3b8f04d3722f73fe525730ed5fcede8c490194bc2b9b8,scored,True,0.0,1.0,0.2,0.2,0.0005748690048001235,60.0,10.0,300.0
holdout_t01_single_idvd_vgs_0p3:000,holdout_t01_single_idvd_vgs_0p3,T01_D_B_IDVD,holdout,output,single_bottom_gate,results/tables/tcad_t01_d_idvd_points.csv,7,688556d08689c75c334b659686465384b09a3dd55be9a468a891ffdf794dad15,zero_vds_invariant,False,0.3,0.0,0.0,0.0,2.2441845460684357e-20,60.0,10.0,300.0
holdout_t01_single_idvd_vgs_0p3:001,holdout_t01_single_idvd_vgs_0p3,T01_D_B_IDVD,holdout,output,single_bottom_gate,results/tables/tcad_t01_d_idvd_points.csv,8,7edbc3aec8d9d0905fc9e741e4f59e021d5493862ce9774265ace819c5b8ba77,repeated_low_vds_audit,False,0.3,0.0,0.01,0.01,1.3645454981973548e-05,60.0,10.0,300.0
holdout_t01_single_idvd_vgs_0p3:002,holdout_t01_single_idvd_vgs_0p3,T01_D_B_IDVD,holdout,output,single_bottom_gate,results/tables/tcad_t01_d_idvd_points.csv,9,510eb274cb1f94f051009fd4fc05f7b771f06be389e6c45250b6b0505803206d,scored,False,0.3,0.0,0.05,0.05,6.384711963409881e-05,60.0,10.0,300.0
holdout_t01_single_idvd_vgs_0p3:003,holdout_t01_single_idvd_vgs_0p3,T01_D_B_IDVD,holdout,output,single_bottom_gate,results/tables/tcad_t01_d_idvd_points.csv,10,8c45edc60c92467ab3dbdb17c908d67ab79baab064207d929764bba49b89d053,scored,False,0.3,0.0,0.1,0.1,0.00011664307015487906,60.0,10.0,300.0
holdout_t01_single_idvd_vgs_0p3:004,holdout_t01_single_idvd_vgs_0p3,T01_D_B_IDVD,holdout,output,single_bottom_gate,results/tables/tcad_t01_d_idvd_points.csv,11,c9f3a4778dc20e028c8b2846d21fd984a57823c9ce11745c9b041d6597c931b4,scored,False,0.3,0.0,0.2,0.2,0.00018944387581659394,60.0,10.0,300.0
holdout_t02_dual_secondary_0p0:000,holdout_t02_dual_secondary_0p0,T02_C_DG_TRANSFER,holdout,transfer,symmetric_dual_gate,results/tables/tcad_t02_c_bidirectional_families.csv,33,8649c150789bfb913344e28d35ac288a3e041bb6108fb3a1fcdd4f268f909e31,scored,False,0.0,-0.5,0.01,-0.5,2.100900501789906e-10,60.0,10.0,300.0
holdout_t02_dual_secondary_0p0:001,holdout_t02_dual_secondary_0p0,T02_C_DG_TRANSFER,holdout,transfer,symmetric_dual_gate,results/tables/tcad_t02_c_bidirectional_families.csv,34,140bae4a4cffc4ff64321e38f38b703799f12e069116c7a853645c1682937d59,scored,False,0.0,-0.45,0.01,-0.45,4.949974025786057e-10,60.0,10.0,300.0
holdout_t02_dual_secondary_0p0:002,holdout_t02_dual_secondary_0p0,T02_C_DG_TRANSFER,holdout,transfer,symmetric_dual_gate,results/tables/tcad_t02_c_bidirectional_families.csv,35,b89a6801c8b6e974d1e522fdb15d1dbde2719cee9af15f2252e5e6bc3607f4e3,scored,False,0.0,-0.4,0.01,-0.4,1.1753465341285547e-09,60.0,10.0,300.0
holdout_t02_dual_secondary_0p0:003,holdout_t02_dual_secondary_0p0,T02_C_DG_TRANSFER,holdout,transfer,symmetric_dual_gate,results/tables/tcad_t02_c_bidirectional_families.csv,36,e70738275e2ada9483109368de64591322771ccba8162e3d8b32214e4598f046,scored,False,0.0,-0.35,0.01,-0.35,2.814295281036621e-09,60.0,10.0,300.0
holdout_t02_dual_secondary_0p0:004,holdout_t02_dual_secondary_0p0,T02_C_DG_TRANSFER,holdout,transfer,symmetric_dual_gate,results/tables/tcad_t02_c_bidirectional_families.csv,37,c26b6879bf660b71bafd3916d6358589e92f82faa3ac0a977672a6b9786db1de,scored,False,0.0,-0.3,0.01,-0.3,6.798036727842041e-09,60.0,10.0,300.0
holdout_t02_dual_secondary_0p0:005,holdout_t02_dual_secondary_0p0,T02_C_DG_TRANSFER,holdout,transfer,symmetric_dual_gate,results/tables/tcad_t02_c_bidirectional_families.csv,38,8659f2fc9b6966f6cb9f02d78e19f1c1d9cb54f458d625f07501d0e6b11069b5,scored,False,0.0,-0.25,0.01,-0.25,1.656120898502756e-08,60.0,10.0,300.0
holdout_t02_dual_secondary_0p0:006,holdout_t02_dual_secondary_0p0,T02_C_DG_TRANSFER,holdout,transfer,symmetric_dual_gate,results/tables/tcad_t02_c_bidirectional_families.csv,39,405c6579d180e50996ee596f5d4325823df217ae3a22958768e045b085965976,scored,False,0.0,-0.2,0.01,-0.2,4.061372833270707e-08,60.0,10.0,300.0
holdout_t02_dual_secondary_0p0:007,holdout_t02_dual_secondary_0p0,T02_C_DG_TRANSFER,holdout,transfer,symmetric_dual_gate,results/tables/tcad_t02_c_bidirectional_families.csv,40,334c328ea93db36e92e8b5ff43495220ce9a83703c4abc64c1d6ae47d972f941,scored,False,0.0,-0.15,0.01,-0.15,9.9683793862971e-08,60.0,10.0,300.0
holdout_t02_dual_secondary_0p0:008,holdout_t02_dual_secondary_0p0,T02_C_DG_TRANSFER,holdout,transfer,symmetric_dual_gate,results/tables/tcad_t02_c_bidirectional_families.csv,41,a549f8989b6ac5adcf60c33c244550d4add9c8af3200438be5e8efa96c48407c,scored,False,0.0,-0.1,0.01,-0.1,2.4142008492075143e-07,60.0,10.0,300.0
holdout_t02_dual_secondary_0p0:009,holdout_t02_dual_secondary_0p0,T02_C_DG_TRANSFER,holdout,transfer,symmetric_dual_gate,results/tables/tcad_t02_c_bidirectional_families.csv,42,67e329faf32653ee77caadf0b3528cbab27cf497bb8c73c20d1202f0dcb73fec,scored,False,0.0,-0.05,0.01,-0.05,5.603609473994763e-07,60.0,10.0,300.0
holdout_t02_dual_secondary_0p0:010,holdout_t02_dual_secondary_0p0,T02_C_DG_TRANSFER,holdout,transfer,symmetric_dual_gate,results/tables/tcad_t02_c_bidirectional_families.csv,43,0796f78d06a54b79d6f5aa3b221e9d3b2b01ff0fb3b2d387c89aa377f62b3235,scored,False,0.0,0.0,0.01,0.0,1.1930966936239798e-06,60.0,10.0,300.0
holdout_t02_dual_secondary_0p0:011,holdout_t02_dual_secondary_0p0,T02_C_DG_TRANSFER,holdout,transfer,symmetric_dual_gate,results/tables/tcad_t02_c_bidirectional_families.csv,44,60c2d9937fb0c8380d5e3c86ed9206c7368f17dd2e388ef058bbf2843da497f8,scored,False,0.0,0.05,0.01,0.05,2.2435594877850616e-06,60.0,10.0,300.0
holdout_t02_dual_secondary_0p0:012,holdout_t02_dual_secondary_0p0,T02_C_DG_TRANSFER,holdout,transfer,symmetric_dual_gate,results/tables/tcad_t02_c_bidirectional_families.csv,45,72681e470a222b9190b5786cb7b7c8411d6db644edc388511020b232d09829ce,scored,False,0.0,0.1,0.01,0.1,3.7004285740787434e-06,60.0,10.0,300.0
holdout_t02_dual_secondary_0p0:013,holdout_t02_dual_secondary_0p0,T02_C_DG_TRANSFER,holdout,transfer,symmetric_dual_gate,results/tables/tcad_t02_c_bidirectional_families.csv,46,a7b7c9f9600b4fe617c1647a7fec64650473cbe59f3da49528c1b1bce1fff004,scored,False,0.0,0.15,0.01,0.15,5.462041732526014e-06,60.0,10.0,300.0
holdout_t02_dual_secondary_0p0:014,holdout_t02_dual_secondary_0p0,T02_C_DG_TRANSFER,holdout,transfer,symmetric_dual_gate,results/tables/tcad_t02_c_bidirectional_families.csv,47,f1e424d7637cb9e625ac6407892fdaf1525a29982a81069078de7bef5d12cbf5,scored,False,0.0,0.2,0.01,0.2,7.4129566389148655e-06,60.0,10.0,300.0
holdout_t02_dual_secondary_0p0:015,holdout_t02_dual_secondary_0p0,T02_C_DG_TRANSFER,holdout,transfer,symmetric_dual_gate,results/tables/tcad_t02_c_bidirectional_families.csv,48,6586dee85d17a4c01c0861a39a5044cdd525b2c0fda71b2d7f101888cc8da2eb,scored,False,0.0,0.25,0.01,0.25,9.462693911699367e-06,60.0,10.0,300.0
holdout_t02_dual_secondary_0p0:016,holdout_t02_dual_secondary_0p0,T02_C_DG_TRANSFER,holdout,transfer,symmetric_dual_gate,results/tables/tcad_t02_c_bidirectional_families.csv,49,7600b88e538af313ade7e6ea938e533f47fabafec12f8fe93baa7278df430f9a,scored,False,0.0,0.3,0.01,0.3,1.1549445541373129e-05,60.0,10.0,300.0
holdout_t02_dual_secondary_0p0:017,holdout_t02_dual_secondary_0p0,T02_C_DG_TRANSFER,holdout,transfer,symmetric_dual_gate,results/tables/tcad_t02_c_bidirectional_families.csv,50,bac207843cd818cd39c81924c690341e2a3a6acff53d7eb108156ddeb699bf7c,scored,False,0.0,0.35,0.01,0.35,1.3633155085927829e-05,60.0,10.0,300.0
holdout_t02_dual_secondary_0p0:018,holdout_t02_dual_secondary_0p0,T02_C_DG_TRANSFER,holdout,transfer,symmetric_dual_gate,results/tables/tcad_t02_c_bidirectional_families.csv,51,d06f30dc9f533f29d5f2630306712461a62c8b50e974db0096ed8d6f70204af6,scored,False,0.0,0.4,0.01,0.4,1.5688469780507118e-05,60.0,10.0,300.0
holdout_t02_dual_secondary_0p0:019,holdout_t02_dual_secondary_0p0,T02_C_DG_TRANSFER,holdout,transfer,symmetric_dual_gate,results/tables/tcad_t02_c_bidirectional_families.csv,52,6015ea01fcc7f154b19e196e179440dba8154b6f979fa5dc4ebf6019f2f5fe0d,scored,False,0.0,0.45,0.01,0.45,1.7699657872945472e-05,60.0,10.0,300.0
holdout_t02_dual_secondary_0p0:020,holdout_t02_dual_secondary_0p0,T02_C_DG_TRANSFER,holdout,transfer,symmetric_dual_gate,results/tables/tcad_t02_c_bidirectional_families.csv,53,1602bbaf70355839a2cd8045603a0ebd4d8b1b208bb038857cfbcc4ab72dbc0e,scored,False,0.0,0.5,0.01,0.5,1.9657256978320098e-05,60.0,10.0,300.0
holdout_t02_dual_secondary_0p0:021,holdout_t02_dual_secondary_0p0,T02_C_DG_TRANSFER,holdout,transfer,symmetric_dual_gate,results/tables/tcad_t02_c_bidirectional_families.csv,54,905b72737fe78bffe541c7b26fb206149e427db71c64ce953ab3ed37d6d4dcb5,scored,False,0.0,0.55,0.01,0.55,2.155591042715182e-05,60.0,10.0,300.0
holdout_t02_dual_secondary_0p0:022,holdout_t02_dual_secondary_0p0,T02_C_DG_TRANSFER,holdout,transfer,symmetric_dual_gate,results/tables/tcad_t02_c_bidirectional_families.csv,55,59fb2deeeb919442e2238f8a2323ea80ffb6056a365835ab953d1185971b71c8,scored,False,0.0,0.6,0.01,0.6,2.3392967118617238e-05,60.0,10.0,300.0
holdout_t02_dual_secondary_0p0:023,holdout_t02_dual_secondary_0p0,T02_C_DG_TRANSFER,holdout,transfer,symmetric_dual_gate,results/tables/tcad_t02_c_bidirectional_families.csv,56,28d1c20c09efaae8473868aa6d47d04503c3f86771fbb42e469b468916165c6d,scored,False,0.0,0.65,0.01,0.65,2.5167565654034624e-05,60.0,10.0,300.0
holdout_t02_dual_secondary_0p0:024,holdout_t02_dual_secondary_0p0,T02_C_DG_TRANSFER,holdout,transfer,symmetric_dual_gate,results/tables/tcad_t02_c_bidirectional_families.csv,57,b43b69ee565dfd6294a2678f8ed73be38e68b8ec3eea7b176ca7355dcbdbab0e,scored,False,0.0,0.7,0.01,0.7,2.6880027442442047e-05,60.0,10.0,300.0
holdout_t02_dual_secondary_0p0:025,holdout_t02_dual_secondary_0p0,T02_C_DG_TRANSFER,holdout,transfer,symmetric_dual_gate,results/tables/tcad_t02_c_bidirectional_families.csv,58,b9b2341a66bf111d03fd481f6b0af5f69c7f34077004ddb4097b3d4f8f1c671e,scored,False,0.0,0.75,0.01,0.75,2.8531449490519663e-05,60.0,10.0,300.0
holdout_t02_dual_secondary_0p0:026,holdout_t02_dual_secondary_0p0,T02_C_DG_TRANSFER,holdout,transfer,symmetric_dual_gate,results/tables/tcad_t02_c_bidirectional_families.csv,59,2e45fb012e1ed36f0a7b507ad925ee9e2914e176e3593252bebea1046cefdfe6,scored,False,0.0,0.8,0.01,0.8,3.012342820263873e-05,60.0,10.0,300.0
holdout_t02_dual_secondary_0p0:027,holdout_t02_dual_secondary_0p0,T02_C_DG_TRANSFER,holdout,transfer,symmetric_dual_gate,results/tables/tcad_t02_c_bidirectional_families.csv,60,f2c70628880a53c0189c594149fce4dc1ab81b114578dc3d9e0497f425135a8e,scored,False,0.0,0.85,0.01,0.85,3.165787043737322e-05,60.0,10.0,300.0
holdout_t02_dual_secondary_0p0:028,holdout_t02_dual_secondary_0p0,T02_C_DG_TRANSFER,holdout,transfer,symmetric_dual_gate,results/tables/tcad_t02_c_bidirectional_families.csv,61,ac9d997686314347812eb5a78a41962278ac797e4a2d8de53f2522613e7b6067,scored,False,0.0,0.9,0.01,0.9,3.313686350180507e-05,60.0,10.0,300.0
holdout_t02_dual_secondary_0p0:029,holdout_t02_dual_secondary_0p0,T02_C_DG_TRANSFER,holdout,transfer,symmetric_dual_gate,results/tables/tcad_t02_c_bidirectional_families.csv,62,c957626317ce1c42223c5129e9c3ad2abb7d3cc6308758cf1146ef401fa5f993,scored,False,0.0,0.95,0.01,0.95,3.456258546147611e-05,60.0,10.0,300.0
holdout_t02_dual_secondary_0p0:030,holdout_t02_dual_secondary_0p0,T02_C_DG_TRANSFER,holdout,transfer,symmetric_dual_gate,results/tables/tcad_t02_c_bidirectional_families.csv,63,bc8c65e2d7965db791e3264b45c1cad9a4243d503d91da13d752cb4a59790452,scored,False,0.0,1.0,0.01,1.0,3.593724333278673e-05,60.0,10.0,300.0
holdout_t03_dual_length_12:000,holdout_t03_dual_length_12,T03_P4_LENGTH_TRANSFER,holdout,transfer,symmetric_dual_gate,results/tables/tcad_t03_p4_l_transfer_curves.csv,64,9249fef7de66d1f0cd43932c92692c43796f412bfd4d3f6c9333b3cc3c064db3,scored,False,0.0,-0.5,0.01,-0.5,1.7366148211813934e-10,60.0,12.0,300.0
holdout_t03_dual_length_12:001,holdout_t03_dual_length_12,T03_P4_LENGTH_TRANSFER,holdout,transfer,symmetric_dual_gate,results/tables/tcad_t03_p4_l_transfer_curves.csv,65,6fe2862649fa9de8cd2cb6561a6425a442b5f4276f09d73b364cc2c07fd18cfb,scored,False,0.0,-0.45,0.01,-0.45,4.092304828468362e-10,60.0,12.0,300.0
holdout_t03_dual_length_12:002,holdout_t03_dual_length_12,T03_P4_LENGTH_TRANSFER,holdout,transfer,symmetric_dual_gate,results/tables/tcad_t03_p4_l_transfer_curves.csv,66,057ca984d86b828b2b72598320ca6a837201a2c7501568a134be27e58b8a89d8,scored,False,0.0,-0.4,0.01,-0.4,9.718744263682928e-10,60.0,12.0,300.0
holdout_t03_dual_length_12:003,holdout_t03_dual_length_12,T03_P4_LENGTH_TRANSFER,holdout,transfer,symmetric_dual_gate,results/tables/tcad_t03_p4_l_transfer_curves.csv,67,280474b3da27189208723f61e6fb9adbaf6fd774c4936253a2c819d3ed976021,scored,False,0.0,-0.35,0.01,-0.35,2.327609434967008e-09,60.0,12.0,300.0
holdout_t03_dual_length_12:004,holdout_t03_dual_length_12,T03_P4_LENGTH_TRANSFER,holdout,transfer,symmetric_dual_gate,results/tables/tcad_t03_p4_l_transfer_curves.csv,68,9e369525f5345946f93c5601a0c2ef52be781fa61d38e141d19a70a7af4e310a,scored,False,0.0,-0.3,0.01,-0.3,5.623996796098861e-09,60.0,12.0,300.0
holdout_t03_dual_length_12:005,holdout_t03_dual_length_12,T03_P4_LENGTH_TRANSFER,holdout,transfer,symmetric_dual_gate,results/tables/tcad_t03_p4_l_transfer_curves.csv,69,a65a949ad4cf25257ab306ba5393d4794a1e4ebc2698b4feaca86f13a7971b9a,scored,False,0.0,-0.25,0.01,-0.25,1.3706056029756359e-08,60.0,12.0,300.0
holdout_t03_dual_length_12:006,holdout_t03_dual_length_12,T03_P4_LENGTH_TRANSFER,holdout,transfer,symmetric_dual_gate,results/tables/tcad_t03_p4_l_transfer_curves.csv,70,71c328d0e5a62f53bb7c7db26c70acb262ad797cb500f73530198dc532bde65a,scored,False,0.0,-0.2,0.01,-0.2,3.3628843007135216e-08,60.0,12.0,300.0
holdout_t03_dual_length_12:007,holdout_t03_dual_length_12,T03_P4_LENGTH_TRANSFER,holdout,transfer,symmetric_dual_gate,results/tables/tcad_t03_p4_l_transfer_curves.csv,71,0433806b0b09517964d5cc289b7db74ddf6c859713cc911b5cea6f6c8679a1a1,scored,False,0.0,-0.15,0.01,-0.15,8.259986969227971e-08,60.0,12.0,300.0
holdout_t03_dual_length_12:008,holdout_t03_dual_length_12,T03_P4_LENGTH_TRANSFER,holdout,transfer,symmetric_dual_gate,results/tables/tcad_t03_p4_l_transfer_curves.csv,72,dddb2eac66ae9d2e7eb820a04b07bc316f2e7a6e2cd531d52f8dfba6b8a5cd82,scored,False,0.0,-0.1,0.01,-0.1,2.0026369685208834e-07,60.0,12.0,300.0
holdout_t03_dual_length_12:009,holdout_t03_dual_length_12,T03_P4_LENGTH_TRANSFER,holdout,transfer,symmetric_dual_gate,results/tables/tcad_t03_p4_l_transfer_curves.csv,73,dbd6a3e50378020f16e4806c35042f0386f2b14d8e4531df032c80282c57fb11,scored,False,0.0,-0.05,0.01,-0.05,4.6560050677389083e-07,60.0,12.0,300.0
holdout_t03_dual_length_12:010,holdout_t03_dual_length_12,T03_P4_LENGTH_TRANSFER,holdout,transfer,symmetric_dual_gate,results/tables/tcad_t03_p4_l_transfer_curves.csv,74,2672231917c0be26cad6f06c6bf0c784f2eb019c04cf3e1b2ba0a029c4be9bfa,scored,False,0.0,0.0,0.01,0.0,9.93699222687549e-07,60.0,12.0,300.0
holdout_t03_dual_length_12:011,holdout_t03_dual_length_12,T03_P4_LENGTH_TRANSFER,holdout,transfer,symmetric_dual_gate,results/tables/tcad_t03_p4_l_transfer_curves.csv,75,03802b24aee9ee80e19c0ebf5564b68b854913db356b107c683a24433041a234,scored,False,0.0,0.05,0.01,0.05,1.8744278735512749e-06,60.0,12.0,300.0
holdout_t03_dual_length_12:012,holdout_t03_dual_length_12,T03_P4_LENGTH_TRANSFER,holdout,transfer,symmetric_dual_gate,results/tables/tcad_t03_p4_l_transfer_curves.csv,76,50c9284c7c075794044548a114b58053e82c7846fb93e78f60773bffd7cecef0,scored,False,0.0,0.1,0.01,0.1,3.1029068949510158e-06,60.0,12.0,300.0
holdout_t03_dual_length_12:013,holdout_t03_dual_length_12,T03_P4_LENGTH_TRANSFER,holdout,transfer,symmetric_dual_gate,results/tables/tcad_t03_p4_l_transfer_curves.csv,77,cd785913b2c7995f1dd38f4e24c244f7c1ba46c8b42bd698e8b4ac4f9acdd96c,scored,False,0.0,0.15,0.01,0.15,4.598149366278468e-06,60.0,12.0,300.0
holdout_t03_dual_length_12:014,holdout_t03_dual_length_12,T03_P4_LENGTH_TRANSFER,holdout,transfer,symmetric_dual_gate,results/tables/tcad_t03_p4_l_transfer_curves.csv,78,b2d010725351e136052b8bcc2f70cd54c788ff4ff80fcb236ea41a39fe345863,scored,False,0.0,0.2,0.01,0.2,6.265774215159038e-06,60.0,12.0,300.0
holdout_t03_dual_length_12:015,holdout_t03_dual_length_12,T03_P4_LENGTH_TRANSFER,holdout,transfer,symmetric_dual_gate,results/tables/tcad_t03_p4_l_transfer_curves.csv,79,116d7a5be96133459b4c1e774aff315d1348cb4dc031bc416977d3dfbea59ad6,scored,False,0.0,0.25,0.01,0.25,8.030591866153184e-06,60.0,12.0,300.0
holdout_t03_dual_length_12:016,holdout_t03_dual_length_12,T03_P4_LENGTH_TRANSFER,holdout,transfer,symmetric_dual_gate,results/tables/tcad_t03_p4_l_transfer_curves.csv,80,48531b699c43e7a9962bd6a0207fb63712ddc57fa780bfb1f104bd8260f1576b,scored,False,0.0,0.3,0.01,0.3,9.840342436504922e-06,60.0,12.0,300.0
holdout_t03_dual_length_12:017,holdout_t03_dual_length_12,T03_P4_LENGTH_TRANSFER,holdout,transfer,symmetric_dual_gate,results/tables/tcad_t03_p4_l_transfer_curves.csv,81,d77647c345ceb2ac2d77c0f52b6a75c30e25a8ae55cbb53ceacc5aa91dafeb42,scored,False,0.0,0.35,0.01,0.35,1.1660418323976326e-05,60.0,12.0,300.0
holdout_t03_dual_length_12:018,holdout_t03_dual_length_12,T03_P4_LENGTH_TRANSFER,holdout,transfer,symmetric_dual_gate,results/tables/tcad_t03_p4_l_transfer_curves.csv,82,48a859ac29c0ab4709f01556b8c1de414abeb4b59f06bf7c32c9114f2f3caee9,scored,False,0.0,0.4,0.01,0.4,1.346828239310047e-05,60.0,12.0,300.0
holdout_t03_dual_length_12:019,holdout_t03_dual_length_12,T03_P4_LENGTH_TRANSFER,holdout,transfer,symmetric_dual_gate,results/tables/tcad_t03_p4_l_transfer_curves.csv,83,5460bd95c24f6504d1036b00756dc2cc5ea7595a03537ab153220a060fbff7d8,scored,False,0.0,0.45,0.01,0.45,1.5249391780405245e-05,60.0,12.0,300.0
holdout_t03_dual_length_12:020,holdout_t03_dual_length_12,T03_P4_LENGTH_TRANSFER,holdout,transfer,symmetric_dual_gate,results/tables/tcad_t03_p4_l_transfer_curves.csv,84,51df054a2cf096db867de50e570d0aa58aed47bafc8f1be9192badea3bcd727d,scored,False,0.0,0.5,0.01,0.5,1.699448748516324e-05,60.0,12.0,300.0
holdout_t03_dual_length_12:021,holdout_t03_dual_length_12,T03_P4_LENGTH_TRANSFER,holdout,transfer,symmetric_dual_gate,results/tables/tcad_t03_p4_l_transfer_curves.csv,85,382e8c210c8fe767ecdaeba242ac82194315985436c8c02e1122d32f715ffc2f,scored,False,0.0,0.55,0.01,0.55,1.8697831017357586e-05,60.0,12.0,300.0
holdout_t03_dual_length_12:022,holdout_t03_dual_length_12,T03_P4_LENGTH_TRANSFER,holdout,transfer,symmetric_dual_gate,results/tables/tcad_t03_p4_l_transfer_curves.csv,86,7ea32f0c03baa8a59cb440a05f128a62f277c0601ffe0188542fc8773485aa21,scored,False,0.0,0.6,0.01,0.6,2.0356053537412543e-05,60.0,12.0,300.0
holdout_t03_dual_length_12:023,holdout_t03_dual_length_12,T03_P4_LENGTH_TRANSFER,holdout,transfer,symmetric_dual_gate,results/tables/tcad_t03_p4_l_transfer_curves.csv,87,cee2eff1ebfe2c46a15ba60b78981113907ce9c5bd25377d5260d93955bfd1a1,scored,False,0.0,0.65,0.01,0.65,2.1967395560481852e-05,60.0,12.0,300.0
holdout_t03_dual_length_12:024,holdout_t03_dual_length_12,T03_P4_LENGTH_TRANSFER,holdout,transfer,symmetric_dual_gate,results/tables/tcad_t03_p4_l_transfer_curves.csv,88,29a00c5c9d2d74f58a756671152b2ed96fd8fb59a29e1f453ab0463ceee6b832,scored,False,0.0,0.7,0.01,0.7,2.3531197208522345e-05,60.0,12.0,300.0
holdout_t03_dual_length_12:025,holdout_t03_dual_length_12,T03_P4_LENGTH_TRANSFER,holdout,transfer,symmetric_dual_gate,results/tables/tcad_t03_p4_l_transfer_curves.csv,89,700aa80de5be79b63075f849ea75d517d504de8b5b446371c12de29e1dc84b4f,scored,False,0.0,0.75,0.01,0.75,2.5047551390058415e-05,60.0,12.0,300.0
holdout_t03_dual_length_12:026,holdout_t03_dual_length_12,T03_P4_LENGTH_TRANSFER,holdout,transfer,symmetric_dual_gate,results/tables/tcad_t03_p4_l_transfer_curves.csv,90,6cf8716b9bb7894af978ff70894f249082a8171553642e2438013c7d02a52810,scored,False,0.0,0.8,0.01,0.8,2.6517064646284006e-05,60.0,12.0,300.0
holdout_t03_dual_length_12:027,holdout_t03_dual_length_12,T03_P4_LENGTH_TRANSFER,holdout,transfer,symmetric_dual_gate,results/tables/tcad_t03_p4_l_transfer_curves.csv,91,db9f6c96ae5537b6b0b6c086b3e2af8d83a345923e53216f62a48dbacefad0a2,scored,False,0.0,0.85,0.01,0.85,2.7940690314135278e-05,60.0,12.0,300.0
holdout_t03_dual_length_12:028,holdout_t03_dual_length_12,T03_P4_LENGTH_TRANSFER,holdout,transfer,symmetric_dual_gate,results/tables/tcad_t03_p4_l_transfer_curves.csv,92,445aeb7b1a3482a7db8e9f45219fa3498c6357cab4e55bd125eeb63476a6771b,scored,False,0.0,0.9,0.01,0.9,2.9319611021444113e-05,60.0,12.0,300.0
holdout_t03_dual_length_12:029,holdout_t03_dual_length_12,T03_P4_LENGTH_TRANSFER,holdout,transfer,symmetric_dual_gate,results/tables/tcad_t03_p4_l_transfer_curves.csv,93,c549f1174e8b56a35a85e4038bc7c4a4da403640ba9c38f06a6efc8207eaff9f,scored,False,0.0,0.95,0.01,0.95,3.0655155317665566e-05,60.0,12.0,300.0
holdout_t03_dual_length_12:030,holdout_t03_dual_length_12,T03_P4_LENGTH_TRANSFER,holdout,transfer,symmetric_dual_gate,results/tables/tcad_t03_p4_l_transfer_curves.csv,94,f25e5de213636ce5665ea43565b9afbce1805f2396ca91bd389092348c8e7be1,scored,False,0.0,1.0,0.01,1.0,3.194873822982398e-05,60.0,12.0,300.0
holdout_t03_dual_idvd_vtg_0p5:000,holdout_t03_dual_idvd_vtg_0p5,T03_P3_V2_OUTPUT,holdout,output,symmetric_dual_gate,results/tables/tcad_t03_p3_contact_v2_output.csv,9,ec2f9a391d7f301e440bb30ea2d6b2536e7834287125a061d8f1e33b51bcfb16,zero_vds_invariant,False,0.0,0.5,0.0,0.0,5.155559092319382e-21,60.0,10.0,300.0
holdout_t03_dual_idvd_vtg_0p5:001,holdout_t03_dual_idvd_vtg_0p5,T03_P3_V2_OUTPUT,holdout,output,symmetric_dual_gate,results/tables/tcad_t03_p3_contact_v2_output.csv,10,97f355073a4d59cb1a8a97dd222b5d31cbe523dc528f7828ecba635fa8803386,scored,False,0.0,0.5,0.001,0.001,1.99945182847e-06,60.0,10.0,300.0
holdout_t03_dual_idvd_vtg_0p5:002,holdout_t03_dual_idvd_vtg_0p5,T03_P3_V2_OUTPUT,holdout,output,symmetric_dual_gate,results/tables/tcad_t03_p3_contact_v2_output.csv,11,8dee8b7f4519f658e75fe50c433bd0ac72b1441a7c76a05c09a441b645576ae3,scored,False,0.0,0.5,0.005,0.005,9.922457253554767e-06,60.0,10.0,300.0
holdout_t03_dual_idvd_vtg_0p5:003,holdout_t03_dual_idvd_vtg_0p5,T03_P3_V2_OUTPUT,holdout,output,symmetric_dual_gate,results/tables/tcad_t03_p3_contact_v2_output.csv,12,c8b2dadec69e47436462972ed7ebdbc3541fcf2e40b3acce441422e26b353182,repeated_low_vds_audit,False,0.0,0.5,0.01,0.01,1.9657256978320115e-05,60.0,10.0,300.0
holdout_t03_dual_idvd_vtg_0p5:004,holdout_t03_dual_idvd_vtg_0p5,T03_P3_V2_OUTPUT,holdout,output,symmetric_dual_gate,results/tables/tcad_t03_p3_contact_v2_output.csv,13,71c2fba154c8f8deb42ed1a490ee36ef02e422aa1bd87d951e7f5e327a5d8656,scored,False,0.0,0.5,0.05,0.05,9.067971695069719e-05,60.0,10.0,300.0
holdout_t03_dual_idvd_vtg_0p5:005,holdout_t03_dual_idvd_vtg_0p5,T03_P3_V2_OUTPUT,holdout,output,symmetric_dual_gate,results/tables/tcad_t03_p3_contact_v2_output.csv,14,d8adc07df9205160776f7c3ef4fec6688394585639beea3c11600db2c21cf75e,scored,False,0.0,0.5,0.1,0.1,0.00016211488987265382,60.0,10.0,300.0
holdout_t03_dual_idvd_vtg_0p5:006,holdout_t03_dual_idvd_vtg_0p5,T03_P3_V2_OUTPUT,holdout,output,symmetric_dual_gate,results/tables/tcad_t03_p3_contact_v2_output.csv,15,ec4d7bca39443294c831606c6af25ee905cc804318649ed54b8eb0179aa5dff9,scored,False,0.0,0.5,0.2,0.2,0.00024920906228584637,60.0,10.0,300.0
