vg,vd,id_raw,id_abs
-3.0,0.1,-1.30720719e-11,1.30720719e-11
-2.95,0.1,-1.31157362e-11,1.31157362e-11
-2.9,0.1,-1.31791989e-11,1.31791989e-11
-2.85,0.1,-1.32621323e-11,1.32621323e-11
-2.8,0.1,-1.3384788e-11,1.3384788e-11
-2.75,0.1,-1.35307848e-11,1.35307848e-11
-2.7,0.1,-1.37215577e-11,1.37215577e-11
-2.65,0.1,-1.39708304e-11,1.39708304e-11
-2.6,0.1,-1.42965288e-11,1.42965288e-11
-2.55,0.1,-1.4722065e-11,1.4722065e-11
-2.5,0.1,-1.52780139e-11,1.52780139e-11
-2.45,0.1,-1.60042991e-11,1.60042991e-11
-2.4,0.1,-1.69530451e-11,1.69530451e-11
-2.35,0.1,-1.81922948e-11,1.81922948e-11
-2.3,0.1,-1.98108552e-11,1.98108552e-11
-2.25,0.1,-2.19246102e-11,2.19246102e-11
-2.2,0.1,-2.46847413e-11,2.46847413e-11
-2.15,0.1,-2.82884257e-11,2.82884257e-11
-2.1,0.1,-3.29927525e-11,3.29927525e-11
-2.05,0.1,-3.91328084e-11,3.91328084e-11
-2.0,0.1,-4.71451667e-11,4.71451667e-11
-1.95,0.1,-5.75983631e-11,5.75983631e-11
-1.9,0.1,-7.12323929e-11,7.12323929e-11
-1.85,0.1,-8.90098398e-11,8.90098398e-11
-1.8,0.1,-1.12181962e-10,1.12181962e-10
-1.75,0.1,-1.42373974e-10,1.42373974e-10
-1.7,0.1,-1.81694886e-10,1.81694886e-10
-1.65,0.1,-2.32878657e-10,2.32878657e-10
-1.6,0.1,-2.99465137e-10,2.99465137e-10
-1.55,0.1,-3.86031297e-10,3.86031297e-10
-1.5,0.1,-4.98485742e-10,4.98485742e-10
-1.45,0.1,-6.44442281e-10,6.44442281e-10
-1.4,0.1,-8.33691603e-10,8.33691603e-10
-1.35,0.1,-1.07879356e-09,1.07879356e-09
-1.3,0.1,-1.39581616e-09,1.39581616e-09
-1.25,0.1,-1.80525088e-09,1.80525088e-09
-1.2,0.1,-2.33313629e-09,2.33313629e-09
-1.15,0.1,-3.01242362e-09,3.01242362e-09
-1.1,0.1,-3.88461618e-09,3.88461618e-09
-1.05,0.1,-5.00170991e-09,5.00170991e-09
-1.0,0.1,-6.42845158e-09,6.42845158e-09
-0.95,0.1,-8.24491408e-09,8.24491408e-09
-0.9,0.1,-1.05493622e-08,1.05493622e-08
-0.85,0.1,-1.34613476e-08,1.34613476e-08
-0.8,0.1,-1.7124927e-08,1.7124927e-08
-0.75,0.1,-2.17118489e-08,2.17118489e-08
-0.7,0.1,-2.74245006e-08,2.74245006e-08
-0.65,0.1,-3.44983615e-08,3.44983615e-08
-0.6,0.1,-4.32036783e-08,4.32036783e-08
-0.55,0.1,-5.38460692e-08,5.38460692e-08
-0.5,0.1,-6.67657896e-08,6.67657896e-08
-0.45,0.1,-8.2335455e-08,8.2335455e-08
-0.4,0.1,-1.00956105e-07,1.00956105e-07
-0.35,0.1,-1.23051613e-07,1.23051613e-07
-0.3,0.1,-1.4906156e-07,1.4906156e-07
-0.25,0.1,-1.79432816e-07,1.79432816e-07
-0.2,0.1,-2.14610138e-07,2.14610138e-07
-0.15,0.1,-2.55026185e-07,2.55026185e-07
-0.1,0.1,-3.01091328e-07,3.01091328e-07
-0.05,0.1,-3.53183688e-07,3.53183688e-07
-2.28983499e-15,0.1,-4.11639774e-07,4.11639774e-07
0.05,0.1,-4.76746097e-07,4.76746097e-07
0.1,0.1,-5.4873209e-07,5.4873209e-07
0.15,0.1,-6.27764632e-07,6.27764632e-07
0.2,0.1,-7.13944432e-07,7.13944432e-07
0.25,0.1,-8.07304418e-07,8.07304418e-07
0.3,0.1,-9.07810238e-07,9.07810238e-07
0.35,0.1,-1.01536281e-06,1.01536281e-06
0.4,0.1,-1.12980282e-06,1.12980282e-06
0.45,0.1,-1.25091676e-06,1.25091676e-06
0.5,0.1,-1.37844443e-06,1.37844443e-06
0.55,0.1,-1.51208712e-06,1.51208712e-06
0.6,0.1,-1.65151631e-06,1.65151631e-06
0.65,0.1,-1.79638241e-06,1.79638241e-06
0.7,0.1,-1.94632299e-06,1.94632299e-06
0.75,0.1,-2.1009705e-06,2.1009705e-06
0.8,0.1,-2.25995898e-06,2.25995898e-06
0.85,0.1,-2.42292975e-06,2.42292975e-06
0.9,0.1,-2.58953615e-06,2.58953615e-06
0.95,0.1,-2.75944705e-06,2.75944705e-06
1.0,0.1,-2.9323495e-06,2.9323495e-06
1.05,0.1,-3.10795045e-06,3.10795045e-06
1.1,0.1,-3.28597771e-06,3.28597771e-06
1.15,0.1,-3.46618024e-06,3.46618024e-06
1.2,0.1,-3.648328e-06,3.648328e-06
1.25,0.1,-3.83221132e-06,3.83221132e-06
1.3,0.1,-4.01764005e-06,4.01764005e-06
1.35,0.1,-4.20444246e-06,4.20444246e-06
1.4,0.1,-4.39246407e-06,4.39246407e-06
1.45,0.1,-4.58156633e-06,4.58156633e-06
1.5,0.1,-4.77116646e-06,4.77116646e-06
1.55,0.1,-4.9621249e-06,4.9621249e-06
1.6,0.1,-5.15382542e-06,5.15382542e-06
1.65,0.1,-5.34618125e-06,5.34618125e-06
1.7,0.1,-5.53911549e-06,5.53911549e-06
1.75,0.1,-5.73256005e-06,5.73256005e-06
1.8,0.1,-5.92645472e-06,5.92645472e-06
1.85,0.1,-6.12074634e-06,6.12074634e-06
1.9,0.1,-6.31538798e-06,6.31538798e-06
1.95,0.1,-6.51033825e-06,6.51033825e-06
2.0,0.1,-6.70556069e-06,6.70556069e-06
2.05,0.1,-6.90102318e-06,6.90102318e-06
2.1,0.1,-7.09669743e-06,7.09669743e-06
2.15,0.1,-7.29255855e-06,7.29255855e-06
2.2,0.1,-7.48858461e-06,7.48858461e-06
2.25,0.1,-7.68475636e-06,7.68475636e-06
2.3,0.1,-7.88105683e-06,7.88105683e-06
2.35,0.1,-8.0774711e-06,8.0774711e-06
2.4,0.1,-8.27398605e-06,8.27398605e-06
2.45,0.1,-8.47059013e-06,8.47059013e-06
2.5,0.1,-8.66727319e-06,8.66727319e-06
2.55,0.1,-8.86402628e-06,8.86402628e-06
2.6,0.1,-9.06084153e-06,9.06084153e-06
2.65,0.1,-9.25771202e-06,9.25771202e-06
2.7,0.1,-9.45463164e-06,9.45463164e-06
2.75,0.1,-9.65159502e-06,9.65159502e-06
2.8,0.1,-9.84859742e-06,9.84859742e-06
2.85,0.1,-1.00456347e-05,1.00456347e-05
2.9,0.1,-1.02427031e-05,1.02427031e-05
2.95,0.1,-1.04397993e-05,1.04397993e-05
3.0,0.1,-1.06369207e-05,1.06369207e-05
3.05,0.1,-1.08340645e-05,1.08340645e-05
3.1,0.1,-1.10312285e-05,1.10312285e-05
3.15,0.1,-1.12284109e-05,1.12284109e-05
3.2,0.1,-1.14256097e-05,1.14256097e-05
3.25,0.1,-1.16228234e-05,1.16228234e-05
3.3,0.1,-1.18200507e-05,1.18200507e-05
-3.0,0.9,-1.16372206e-10,1.16372206e-10
-2.95,0.9,-1.16423545e-10,1.16423545e-10
-2.9,0.9,-1.1649817e-10,1.1649817e-10
-2.85,0.9,-1.16595701e-10,1.16595701e-10
-2.8,0.9,-1.16723169e-10,1.16723169e-10
-2.75,0.9,-1.16911722e-10,1.16911722e-10
-2.7,0.9,-1.17136183e-10,1.17136183e-10
-2.65,0.9,-1.17429531e-10,1.17429531e-10
-2.6,0.9,-1.17812903e-10,1.17812903e-10
-2.55,0.9,-1.18313921e-10,1.18313921e-10
-2.5,0.9,-1.18968674e-10,1.18968674e-10
-2.45,0.9,-1.19824321e-10,1.19824321e-10
-2.4,0.9,-1.2094248e-10,1.2094248e-10
-2.35,0.9,-1.22403652e-10,1.22403652e-10
-2.3,0.9,-1.24313015e-10,1.24313015e-10
-2.25,0.9,-1.26807965e-10,1.26807965e-10
-2.2,0.9,-1.30067985e-10,1.30067985e-10
-2.15,0.9,-1.34327513e-10,1.34327513e-10
-2.1,0.9,-1.39892741e-10,1.39892741e-10
-2.05,0.9,-1.47163536e-10,1.47163536e-10
-2.0,0.9,-1.56662037e-10,1.56662037e-10
-1.95,0.9,-1.69069953e-10,1.69069953e-10
-1.9,0.9,-1.8527719e-10,1.8527719e-10
-1.85,0.9,-2.06445236e-10,2.06445236e-10
-1.8,0.9,-2.34089732e-10,2.34089732e-10
-1.75,0.9,-2.70188013e-10,2.70188013e-10
-1.7,0.9,-3.17319069e-10,3.17319069e-10
-1.65,0.9,-3.78845614e-10,3.78845614e-10
-1.6,0.9,-4.59150755e-10,4.59150755e-10
-1.55,0.9,-5.63945405e-10,5.63945405e-10
-1.5,0.9,-7.00667224e-10,7.00667224e-10
-1.45,0.9,-8.78997812e-10,8.78997812e-10
-1.4,0.9,-1.11153244e-09,1.11153244e-09
-1.35,0.9,-1.41464611e-09,1.41464611e-09
-1.3,0.9,-1.80961191e-09,1.80961191e-09
-1.25,0.9,-2.32404247e-09,2.32404247e-09
-1.2,0.9,-2.99374433e-09,2.99374433e-09
-1.15,0.9,-3.86509812e-09,3.86509812e-09
-1.1,0.9,-4.99810552e-09,4.99810552e-09
-1.05,0.9,-6.47027848e-09,6.47027848e-09
-1.0,0.9,-8.38158654e-09,8.38158654e-09
-0.95,0.9,-1.08607259e-08,1.08607259e-08
-0.9,0.9,-1.40730276e-08,1.40730276e-08
-0.85,0.9,-1.82303833e-08,1.82303833e-08
-0.8,0.9,-2.36036294e-08,2.36036294e-08
-0.75,0.9,-3.05378936e-08,3.05378936e-08
-0.7,0.9,-3.94714613e-08,3.94714613e-08
-0.65,0.9,-5.09587523e-08,5.09587523e-08
-0.6,0.9,-6.56979869e-08,6.56979869e-08
-0.55,0.9,-8.45640383e-08,8.45640383e-08
-0.5,0.9,-1.0864676e-07,1.0864676e-07
-0.45,0.9,-1.39294685e-07,1.39294685e-07
-0.4,0.9,-1.78163313e-07,1.78163313e-07
-0.35,0.9,-2.27266179e-07,2.27266179e-07
-0.3,0.9,-2.89025448e-07,2.89025448e-07
-0.25,0.9,-3.66316967e-07,3.66316967e-07
-0.2,0.9,-4.62502813e-07,4.62502813e-07
-0.15,0.9,-5.81442805e-07,5.81442805e-07
-0.1,0.9,-7.27475944e-07,7.27475944e-07
-0.05,0.9,-9.05363924e-07,9.05363924e-07
-2.28983499e-15,0.9,-1.12019212e-06,1.12019212e-06
0.05,0.9,-1.37722868e-06,1.37722868e-06
0.1,0.9,-1.68174864e-06,1.68174864e-06
0.15,0.9,-2.03883593e-06,2.03883593e-06
0.2,0.9,-2.45318041e-06,2.45318041e-06
0.25,0.9,-2.92888868e-06,2.92888868e-06
0.3,0.9,-3.46932572e-06,3.46932572e-06
0.35,0.9,-4.07700024e-06,4.07700024e-06
0.4,0.9,-4.75350076e-06,4.75350076e-06
0.45,0.9,-5.49948347e-06,5.49948347e-06
0.5,0.9,-6.31470735e-06,6.31470735e-06
0.55,0.9,-7.19810814e-06,7.19810814e-06
0.6,0.9,-8.14790069e-06,8.14790069e-06
0.65,0.9,-9.1616986e-06,9.1616986e-06
0.7,0.9,-1.0236641e-05,1.0236641e-05
0.75,0.9,-1.13695175e-05,1.13695175e-05
0.8,0.9,-1.25568857e-05,1.25568857e-05
0.85,0.9,-1.37951755e-05,1.37951755e-05
0.9,0.9,-1.50807789e-05,1.50807789e-05
0.95,0.9,-1.64101243e-05,1.64101243e-05
1.0,0.9,-1.77797342e-05,1.77797342e-05
1.05,0.9,-1.91862698e-05,1.91862698e-05
1.1,0.9,-2.06265621e-05,2.06265621e-05
1.15,0.9,-2.20976322e-05,2.20976322e-05
1.2,0.9,-2.35967028e-05,2.35967028e-05
1.25,0.9,-2.51212024e-05,2.51212024e-05
1.3,0.9,-2.66687639e-05,2.66687639e-05
1.35,0.9,-2.82372189e-05,2.82372189e-05
1.4,0.9,-2.98245896e-05,2.98245896e-05
1.45,0.9,-3.14290781e-05,3.14290781e-05
1.5,0.9,-3.30490549e-05,3.30490549e-05
1.55,0.9,-3.46830466e-05,3.46830466e-05
1.6,0.9,-3.63297234e-05,3.63297234e-05
1.65,0.9,-3.79878874e-05,3.79878874e-05
1.7,0.9,-3.96564603e-05,3.96564603e-05
1.75,0.9,-4.13344728e-05,4.13344728e-05
1.8,0.9,-4.3016907e-05,4.3016907e-05
1.85,0.9,-4.47116514e-05,4.47116514e-05
1.9,0.9,-4.64134412e-05,4.64134412e-05
1.95,0.9,-4.81216494e-05,4.81216494e-05
2.0,0.9,-4.98357131e-05,4.98357131e-05
2.05,0.9,-5.15551265e-05,5.15551265e-05
2.1,0.9,-5.3279435e-05,5.3279435e-05
2.15,0.9,-5.50082296e-05,5.50082296e-05
2.2,0.9,-5.67411424e-05,5.67411424e-05
2.25,0.9,-5.84778418e-05,5.84778418e-05
2.3,0.9,-6.02180288e-05,6.02180288e-05
2.35,0.9,-6.19614335e-05,6.19614335e-05
2.4,0.9,-6.37078122e-05,6.37078122e-05
2.45,0.9,-6.54569441e-05,6.54569441e-05
2.5,0.9,-6.72086295e-05,6.72086295e-05
2.55,0.9,-6.89626871e-05,6.89626871e-05
2.6,0.9,-7.07189523e-05,7.07189523e-05
2.65,0.9,-7.24772752e-05,7.24772752e-05
2.7,0.9,-7.42375196e-05,7.42375196e-05
2.75,0.9,-7.59995609e-05,7.59995609e-05
2.8,0.9,-7.77632855e-05,7.77632855e-05
2.85,0.9,-7.95285893e-05,7.95285893e-05
2.9,0.9,-8.12953771e-05,8.12953771e-05
2.95,0.9,-8.30635614e-05,8.30635614e-05
3.0,0.9,-8.48330616e-05,8.48330616e-05
3.05,0.9,-8.66038038e-05,8.66038038e-05
3.1,0.9,-8.83757196e-05,8.83757196e-05
3.15,0.9,-9.01487459e-05,9.01487459e-05
3.2,0.9,-9.19228244e-05,9.19228244e-05
3.25,0.9,-9.36979008e-05,9.36979008e-05
3.3,0.9,-9.54739251e-05,9.54739251e-05
-3.0,1.7,-2.19646726e-10,2.19646726e-10
-2.95,1.7,-2.19698871e-10,2.19698871e-10
-2.9,1.7,-2.19774669e-10,2.19774669e-10
-2.85,1.7,-2.19873734e-10,2.19873734e-10
-2.8,1.7,-2.20003205e-10,2.20003205e-10
-2.75,1.7,-2.20172414e-10,2.20172414e-10
-2.7,1.7,-2.20393557e-10,2.20393557e-10
-2.65,1.7,-2.20720669e-10,2.20720669e-10
-2.6,1.7,-2.21110067e-10,2.21110067e-10
-2.55,1.7,-2.21618958e-10,2.21618958e-10
-2.5,1.7,-2.22284002e-10,2.22284002e-10
-2.45,1.7,-2.23153098e-10,2.23153098e-10
-2.4,1.7,-2.24288831e-10,2.24288831e-10
-2.35,1.7,-2.25772969e-10,2.25772969e-10
-2.3,1.7,-2.27712341e-10,2.27712341e-10
-2.25,1.7,-2.30246504e-10,2.30246504e-10
-2.2,1.7,-2.33557763e-10,2.33557763e-10
-2.15,1.7,-2.37884238e-10,2.37884238e-10
-2.1,1.7,-2.43536936e-10,2.43536936e-10
-2.05,1.7,-2.50922006e-10,2.50922006e-10
-2.0,1.7,-2.60569796e-10,2.60569796e-10
-1.95,1.7,-2.73172729e-10,2.73172729e-10
-1.9,1.7,-2.89634697e-10,2.89634697e-10
-1.85,1.7,-3.11135444e-10,3.11135444e-10
-1.8,1.7,-3.39214433e-10,3.39214433e-10
-1.75,1.7,-3.75880075e-10,3.75880075e-10
-1.7,1.7,-4.23751896e-10,4.23751896e-10
-1.65,1.7,-4.86245462e-10,4.86245462e-10
-1.6,1.7,-5.67812771e-10,5.67812771e-10
-1.55,1.7,-6.74254495e-10,6.74254495e-10
-1.5,1.7,-8.13125195e-10,8.13125195e-10
-1.45,1.7,-9.94258638e-10,9.94258638e-10
-1.4,1.7,-1.23044806e-09,1.23044806e-09
-1.35,1.7,-1.53832585e-09,1.53832585e-09
-1.3,1.7,-1.93949944e-09,1.93949944e-09
-1.25,1.7,-2.46201549e-09,2.46201549e-09
-1.2,1.7,-3.14224338e-09,3.14224338e-09
-1.15,1.7,-4.02729279e-09,4.02729279e-09
-1.1,1.7,-5.17810865e-09,5.17810865e-09
-1.05,1.7,-6.6734216e-09,6.6734216e-09
-1.0,1.7,-8.61477328e-09,8.61477328e-09
-0.95,1.7,-1.11328845e-08,1.11328845e-08
-0.9,1.7,-1.43956888e-08,1.43956888e-08
-0.85,1.7,-1.86184175e-08,1.86184175e-08
-0.8,1.7,-2.4076184e-08,2.4076184e-08
-0.75,1.7,-3.11195871e-08,3.11195871e-08
-0.7,1.7,-4.01939074e-08,4.01939074e-08
-0.65,1.7,-5.1862523e-08,5.1862523e-08
-0.6,1.7,-6.68351849e-08,6.68351849e-08
-0.55,1.7,-8.60017733e-08,8.60017733e-08
-0.5,1.7,-1.10472061e-07,1.10472061e-07
-0.45,1.7,-1.41621838e-07,1.41621838e-07
-0.4,1.7,-1.81145451e-07,1.81145451e-07
-0.35,1.7,-2.31114374e-07,2.31114374e-07
-0.3,1.7,-2.94040811e-07,2.94040811e-07
-0.25,1.7,-3.72944476e-07,3.72944476e-07
-0.2,1.7,-4.71419657e-07,4.71419657e-07
-0.15,1.7,-5.9369818e-07,5.9369818e-07
-0.1,1.7,-7.4470223e-07,7.4470223e-07
-0.05,1.7,-9.30078895e-07,9.30078895e-07
-2.28983499e-15,1.7,-1.15620639e-06,1.15620639e-06
0.05,1.7,-1.43016067e-06,1.43016067e-06
0.1,1.7,-1.75963161e-06,1.75963161e-06
0.15,1.7,-2.15278095e-06,2.15278095e-06
0.2,1.7,-2.61804049e-06,2.61804049e-06
0.25,1.7,-3.16385739e-06,3.16385739e-06
0.3,1.7,-3.79840282e-06,3.79840282e-06
0.35,1.7,-4.52926787e-06,4.52926787e-06
0.4,1.7,-5.36317442e-06,5.36317442e-06
0.45,1.7,-6.30572792e-06,6.30572792e-06
0.5,1.7,-7.36123326e-06,7.36123326e-06
0.55,1.7,-8.5325865e-06,8.5325865e-06
0.6,1.7,-9.82124546e-06,9.82124546e-06
0.65,1.7,-1.12272733e-05,1.12272733e-05
0.7,1.7,-1.27494428e-05,1.27494428e-05
0.75,1.7,-1.43853857e-05,1.43853857e-05
0.8,1.7,-1.61317694e-05,1.61317694e-05
0.85,1.7,-1.79844859e-05,1.79844859e-05
0.9,1.7,-1.99388396e-05,1.99388396e-05
0.95,1.7,-2.19897241e-05,2.19897241e-05
1.0,1.7,-2.41317804e-05,2.41317804e-05
1.05,1.7,-2.63595348e-05,2.63595348e-05
1.1,1.7,-2.86675125e-05,2.86675125e-05
1.15,1.7,-3.10503292e-05,3.10503292e-05
1.2,1.7,-3.35027622e-05,3.35027622e-05
1.25,1.7,-3.60198014e-05,3.60198014e-05
1.3,1.7,-3.85966861e-05,3.85966861e-05
1.35,1.7,-4.12289265e-05,4.12289265e-05
1.4,1.7,-4.39123162e-05,4.39123162e-05
1.45,1.7,-4.66429346e-05,4.66429346e-05
1.5,1.7,-4.9417144e-05,4.9417144e-05
1.55,1.7,-5.22315814e-05,5.22315814e-05
1.6,1.7,-5.50831467e-05,5.50831467e-05
1.65,1.7,-5.79689893e-05,5.79689893e-05
1.7,1.7,-6.08864929e-05,6.08864929e-05
1.75,1.7,-6.38332595e-05,6.38332595e-05
1.8,1.7,-6.6807094e-05,6.6807094e-05
1.85,1.7,-6.98059882e-05,6.98059882e-05
1.9,1.7,-7.28281061e-05,7.28281061e-05
1.95,1.7,-7.58717692e-05,7.58717692e-05
2.0,1.7,-7.89354431e-05,7.89354431e-05
2.05,1.7,-8.20177249e-05,8.20177249e-05
2.1,1.7,-8.51088737e-05,8.51088737e-05
2.15,1.7,-8.82252009e-05,8.82252009e-05
2.2,1.7,-9.13565557e-05,9.13565557e-05
2.25,1.7,-9.45019572e-05,9.45019572e-05
2.3,1.7,-9.76605058e-05,9.76605058e-05
2.35,1.7,-0.000100831376,0.000100831376
2.4,1.7,-0.000104013808,0.000104013808
2.45,1.7,-0.000107207103,0.000107207103
2.5,1.7,-0.00011041062,0.00011041062
2.55,1.7,-0.000113623764,0.000113623764
2.6,1.7,-0.000116845989,0.000116845989
2.65,1.7,-0.000120076788,0.000120076788
2.7,1.7,-0.000123315692,0.000123315692
2.75,1.7,-0.000126562268,0.000126562268
2.8,1.7,-0.000129816113,0.000129816113
2.85,1.7,-0.000133076853,0.000133076853
2.9,1.7,-0.000136344139,0.000136344139
2.95,1.7,-0.000139617648,0.000139617648
3.0,1.7,-0.000142897076,0.000142897076
3.05,1.7,-0.000146182143,0.000146182143
3.1,1.7,-0.000149472583,0.000149472583
3.15,1.7,-0.00015276815,0.00015276815
3.2,1.7,-0.000156068613,0.000156068613
3.25,1.7,-0.000159373753,0.000159373753
3.3,1.7,-0.000162683367,0.000162683367
-3.0,2.5,-3.22921246e-10,3.22921246e-10
-2.95,2.5,-3.22974198e-10,3.22974198e-10
-2.9,2.5,-3.23051169e-10,3.23051169e-10
-2.85,2.5,-3.23151766e-10,3.23151766e-10
-2.8,2.5,-3.2328324e-10,3.2328324e-10
-2.75,2.5,-3.23455068e-10,3.23455068e-10
-2.7,2.5,-3.23679633e-10,3.23679633e-10
-2.65,2.5,-3.23973118e-10,3.23973118e-10
-2.6,2.5,-3.2440723e-10,3.2440723e-10
-2.55,2.5,-3.24923996e-10,3.24923996e-10
-2.5,2.5,-3.25599331e-10,3.25599331e-10
-2.45,2.5,-3.26481875e-10,3.26481875e-10
-2.4,2.5,-3.27635182e-10,3.27635182e-10
-2.35,2.5,-3.29142285e-10,3.29142285e-10
-2.3,2.5,-3.31111667e-10,3.31111667e-10
-2.25,2.5,-3.33685044e-10,3.33685044e-10
-2.2,2.5,-3.3704754e-10,3.3704754e-10
-2.15,2.5,-3.41440963e-10,3.41440963e-10
-2.1,2.5,-3.4718113e-10,3.4718113e-10
-2.05,2.5,-3.54680476e-10,3.54680476e-10
-2.0,2.5,-3.64477555e-10,3.64477555e-10
-1.95,2.5,-3.77275504e-10,3.77275504e-10
-1.9,2.5,-3.93992203e-10,3.93992203e-10
-1.85,2.5,-4.1582565e-10,4.1582565e-10
-1.8,2.5,-4.44339129e-10,4.44339129e-10
-1.75,2.5,-4.81572132e-10,4.81572132e-10
-1.7,2.5,-5.30184716e-10,5.30184716e-10
-1.65,2.5,-5.936453e-10,5.936453e-10
-1.6,2.5,-6.76474773e-10,6.76474773e-10
-1.55,2.5,-7.84563564e-10,7.84563564e-10
-1.5,2.5,-9.25583133e-10,9.25583133e-10
-1.45,2.5,-1.10951942e-09,1.10951942e-09
-1.4,2.5,-1.3493636e-09,1.3493636e-09
-1.35,2.5,-1.66200546e-09,1.66200546e-09
-1.3,2.5,-2.06938677e-09,2.06938677e-09
-1.25,2.5,-2.59998817e-09,2.59998817e-09
-1.2,2.5,-3.29074183e-09,3.29074183e-09
-1.15,2.5,-4.18948639e-09,4.18948639e-09
-1.1,2.5,-5.35810985e-09,5.35810985e-09
-1.05,2.5,-6.8765611e-09,6.8765611e-09
-1.0,2.5,-8.84795305e-09,8.84795305e-09
-0.95,2.5,-1.14050292e-08,1.14050292e-08
-0.9,2.5,-1.47183218e-08,1.47183218e-08
-0.85,2.5,-1.90063925e-08,1.90063925e-08
-0.8,2.5,-2.45486119e-08,2.45486119e-08
-0.75,2.5,-3.17010038e-08,3.17010038e-08
-0.7,2.5,-4.09157392e-08,4.09157392e-08
-0.65,2.5,-5.27649137e-08,5.27649137e-08
-0.6,2.5,-6.79692613e-08,6.79692613e-08
-0.55,2.5,-8.74324325e-08,8.74324325e-08
-0.5,2.5,-1.12281375e-07,1.12281375e-07
-0.45,2.5,-1.43913178e-07,1.43913178e-07
-0.4,2.5,-1.84048436e-07,1.84048436e-07
-0.35,2.5,-2.34790787e-07,2.34790787e-07
-0.3,2.5,-2.98691643e-07,2.98691643e-07
-0.25,2.5,-3.78818465e-07,3.78818465e-07
-0.2,2.5,-4.78824008e-07,4.78824008e-07
-0.15,2.5,-6.03013084e-07,6.03013084e-07
-0.1,2.5,-7.56402371e-07,7.56402371e-07
-0.05,2.5,-9.44767982e-07,9.44767982e-07
-2.28983499e-15,2.5,-1.17467464e-06,1.17467464e-06
0.05,2.5,-1.45347971e-06,1.45347971e-06
0.1,2.5,-1.78930481e-06,1.78930481e-06
0.15,2.5,-2.19096769e-06,2.19096769e-06
0.2,2.5,-2.6678678e-06,2.6678678e-06
0.25,2.5,-3.22982129e-06,3.22982129e-06
0.3,2.5,-3.88684535e-06,3.88684535e-06
0.35,2.5,-4.64889814e-06,4.64889814e-06
0.4,2.5,-5.52558768e-06,5.52558768e-06
0.45,2.5,-6.52586985e-06,6.52586985e-06
0.5,2.5,-7.6577593e-06,7.6577593e-06
0.55,2.5,-8.92807766e-06,8.92807766e-06
0.6,2.5,-1.03422593e-05,1.03422593e-05
0.65,2.5,-1.19042281e-05,1.19042281e-05
0.7,2.5,-1.36163498e-05,1.36163498e-05
0.75,2.5,-1.54794571e-05,1.54794571e-05
0.8,2.5,-1.74929375e-05,1.74929375e-05
0.85,2.5,-1.96548694e-05,1.96548694e-05
0.9,2.5,-2.19621915e-05,2.19621915e-05
0.95,2.5,-2.441089e-05,2.441089e-05
1.0,2.5,-2.69961898e-05,2.69961898e-05
1.05,2.5,-2.97127401e-05,2.97127401e-05
1.1,2.5,-3.25547859e-05,3.25547859e-05
1.15,2.5,-3.55163203e-05,3.55163203e-05
1.2,2.5,-3.85912164e-05,3.85912164e-05
1.25,2.5,-4.17733367e-05,4.17733367e-05
1.3,2.5,-4.50566223e-05,4.50566223e-05
1.35,2.5,-4.84351618e-05,4.84351618e-05
1.4,2.5,-5.1903244e-05,5.1903244e-05
1.45,2.5,-5.54553944e-05,5.54553944e-05
1.5,2.5,-5.90864011e-05,5.90864011e-05
1.55,2.5,-6.27913284e-05,6.27913284e-05
1.6,2.5,-6.65655243e-05,6.65655243e-05
1.65,2.5,-7.04046197e-05,7.04046197e-05
1.7,2.5,-7.43045244e-05,7.43045244e-05
1.75,2.5,-7.82614183e-05,7.82614183e-05
1.8,2.5,-8.22717406e-05,8.22717406e-05
1.85,2.5,-8.63321775e-05,8.63321775e-05
1.9,2.5,-9.04396485e-05,9.04396485e-05
1.95,2.5,-9.45912923e-05,9.45912923e-05
2.0,2.5,-9.8784453e-05,9.8784453e-05
2.05,2.5,-0.000103016666,0.000103016666
2.1,2.5,-0.000107285643,0.000107285643
2.15,2.5,-0.000111589263,0.000111589263
2.2,2.5,-0.000115925555,0.000115925555
2.25,2.5,-0.000120292691,0.000120292691
2.3,2.5,-0.00012468897,0.00012468897
2.35,2.5,-0.000129112812,0.000129112812
2.4,2.5,-0.000133549938,0.000133549938
2.45,2.5,-0.00013802527,0.00013802527
2.5,2.5,-0.000142524009,0.000142524009
2.55,2.5,-0.000147044969,0.000147044969
2.6,2.5,-0.000151587047,0.000151587047
2.65,2.5,-0.000156149209,0.000156149209
2.7,2.5,-0.000160730489,0.000160730489
2.75,2.5,-0.000165329984,0.000165329984
2.8,2.5,-0.000169946847,0.000169946847
2.85,2.5,-0.000174580284,0.000174580284
2.9,2.5,-0.000179229549,0.000179229549
2.95,2.5,-0.000183893944,0.000183893944
3.0,2.5,-0.000188572808,0.000188572808
3.05,2.5,-0.000193265523,0.000193265523
3.1,2.5,-0.000197971503,0.000197971503
3.15,2.5,-0.000202690199,0.000202690199
3.2,2.5,-0.000207421089,0.000207421089
3.25,2.5,-0.000212163683,0.000212163683
3.3,2.5,-0.000216917515,0.000216917515
-3.0,3.3,-4.26195765e-10,4.26195765e-10
-2.95,3.3,-4.26249524e-10,4.26249524e-10
-2.9,3.3,-4.26327668e-10,4.26327668e-10
-2.85,3.3,-4.26429798e-10,4.26429798e-10
-2.8,3.3,-4.26563276e-10,4.26563276e-10
-2.75,3.3,-4.26737722e-10,4.26737722e-10
-2.7,3.3,-4.26965709e-10,4.26965709e-10
-2.65,3.3,-4.27263666e-10,4.27263666e-10
-2.6,3.3,-4.27653064e-10,4.27653064e-10
-2.55,3.3,-4.28229034e-10,4.28229034e-10
-2.5,3.3,-4.28914659e-10,4.28914659e-10
-2.45,3.3,-4.29810652e-10,4.29810652e-10
-2.4,3.3,-4.30981533e-10,4.30981533e-10
-2.35,3.3,-4.32511602e-10,4.32511602e-10
-2.3,3.3,-4.34510993e-10,4.34510993e-10
-2.25,3.3,-4.37123583e-10,4.37123583e-10
-2.2,3.3,-4.40537318e-10,4.40537318e-10
-2.15,3.3,-4.44997688e-10,4.44997688e-10
-2.1,3.3,-4.50825324e-10,4.50825324e-10
-2.05,3.3,-4.58438946e-10,4.58438946e-10
-2.0,3.3,-4.68385313e-10,4.68385313e-10
-1.95,3.3,-4.81378279e-10,4.81378279e-10
-1.9,3.3,-4.98349709e-10,4.98349709e-10
-1.85,3.3,-5.20515855e-10,5.20515855e-10
-1.8,3.3,-5.49463826e-10,5.49463826e-10
-1.75,3.3,-5.87264189e-10,5.87264189e-10
-1.7,3.3,-6.36617536e-10,6.36617536e-10
-1.65,3.3,-7.01045139e-10,7.01045139e-10
-1.6,3.3,-7.85136774e-10,7.85136774e-10
-1.55,3.3,-8.94872634e-10,8.94872634e-10
-1.5,3.3,-1.03804107e-09,1.03804107e-09
-1.45,3.3,-1.22478019e-09,1.22478019e-09
-1.4,3.3,-1.46827915e-09,1.46827915e-09
-1.35,3.3,-1.78568507e-09,1.78568507e-09
-1.3,3.3,-2.1992741e-09,2.1992741e-09
-1.25,3.3,-2.73796086e-09,2.73796086e-09
-1.2,3.3,-3.43924028e-09,3.43924028e-09
-1.15,3.3,-4.35168e-09,4.35168e-09
-1.1,3.3,-5.53811106e-09,5.53811106e-09
-1.05,3.3,-7.07970061e-09,7.07970061e-09
-1.0,3.3,-9.08113281e-09,9.08113281e-09
-0.95,3.3,-1.16771739e-08,1.16771739e-08
-0.9,3.3,-1.50409548e-08,1.50409548e-08
-0.85,3.3,-1.93943675e-08,1.93943675e-08
-0.8,3.3,-2.50210398e-08,2.50210398e-08
-0.75,3.3,-3.22824206e-08,3.22824206e-08
-0.7,3.3,-4.1637571e-08,4.1637571e-08
-0.65,3.3,-5.36673043e-08,5.36673043e-08
-0.6,3.3,-6.91033372e-08,6.91033372e-08
-0.55,3.3,-8.88630901e-08,8.88630901e-08
-0.5,3.3,-1.14090684e-07,1.14090684e-07
-0.45,3.3,-1.46204494e-07,1.46204494e-07
-0.4,3.3,-1.86951338e-07,1.86951338e-07
-0.35,3.3,-2.38466906e-07,2.38466906e-07
-0.3,3.3,-3.03341491e-07,3.03341491e-07
-0.25,3.3,-3.84689304e-07,3.84689304e-07
-0.2,3.3,-4.8621879e-07,4.8621879e-07
-0.15,3.3,-6.12300472e-07,6.12300472e-07
-0.1,3.3,-7.68027893e-07,7.68027893e-07
-0.05,3.3,-9.59266547e-07,9.59266547e-07
-2.28983499e-15,3.3,-1.19268524e-06,1.19268524e-06
0.05,3.3,-1.47576435e-06,1.47576435e-06
0.1,3.3,-1.81677583e-06,1.81677583e-06
0.15,3.3,-2.22473089e-06,2.22473089e-06
0.2,3.3,-2.70929225e-06,2.70929225e-06
0.25,3.3,-3.28064934e-06,3.28064934e-06
0.3,3.3,-3.94935633e-06,3.94935633e-06
0.35,3.3,-4.72613501e-06,4.72613501e-06
0.4,3.3,-5.62164716e-06,5.62164716e-06
0.45,3.3,-6.64624477e-06,6.64624477e-06
0.5,3.3,-7.80971033e-06,7.80971033e-06
0.55,3.3,-9.12100261e-06,9.12100261e-06
0.6,3.3,-1.05880251e-05,1.05880251e-05
0.65,3.3,-1.22174334e-05,1.22174334e-05
0.7,3.3,-1.4014494e-05,1.4014494e-05
0.75,3.3,-1.59830031e-05,1.59830031e-05
0.8,3.3,-1.81252664e-05,1.81252664e-05
0.85,3.3,-2.04421359e-05,2.04421359e-05
0.9,3.3,-2.2933097e-05,2.2933097e-05
0.95,3.3,-2.55963917e-05,2.55963917e-05
1.0,3.3,-2.842917e-05,2.842917e-05
1.05,3.3,-3.14276534e-05,3.14276534e-05
1.1,3.3,-3.45873034e-05,3.45873034e-05
1.15,3.3,-3.79029857e-05,3.79029857e-05
1.2,3.3,-4.13691228e-05,4.13691228e-05
1.25,3.3,-4.4979833e-05,4.4979833e-05
1.3,3.3,-4.87290519e-05,4.87290519e-05
1.35,3.3,-5.26106363e-05,5.26106363e-05
1.4,3.3,-5.66184504e-05,5.66184504e-05
1.45,3.3,-6.07464365e-05,6.07464365e-05
1.5,3.3,-6.49886697e-05,6.49886697e-05
1.55,3.3,-6.93393999e-05,6.93393999e-05
1.6,3.3,-7.37930829e-05,7.37930829e-05
1.65,3.3,-7.83444017e-05,7.83444017e-05
1.7,3.3,-8.29882791e-05,8.29882791e-05
1.75,3.3,-8.77198854e-05,8.77198854e-05
1.8,3.3,-9.25346398e-05,9.25346398e-05
1.85,3.3,-9.74282083e-05,9.74282083e-05
1.9,3.3,-0.000102396499,0.000102396499
1.95,3.3,-0.000107435653,0.000107435653
2.0,3.3,-0.000112542038,0.000112542038
2.05,3.3,-0.000117712238,0.000117712238
2.1,3.3,-0.000122943038,0.000122943038
2.15,3.3,-0.000128231422,0.000128231422
2.2,3.3,-0.000133574552,0.000133574552
2.25,3.3,-0.000138969765,0.000138969765
2.3,3.3,-0.000144414557,0.000144414557
2.35,3.3,-0.000149906579,0.000149906579
2.4,3.3,-0.000155443619,0.000155443619
2.45,3.3,-0.000161023599,0.000161023599
2.5,3.3,-0.000166644565,0.000166644565
2.55,3.3,-0.000172304678,0.000172304678
2.6,3.3,-0.000178002204,0.000178002204
2.65,3.3,-0.000183717884,0.000183717884
2.7,3.3,-0.000189486189,0.000189486189
2.75,3.3,-0.000195287241,0.000195287241
2.8,3.3,-0.000201119674,0.000201119674
2.85,3.3,-0.000206982194,0.000206982194
2.9,3.3,-0.000212873579,0.000212873579
2.95,3.3,-0.000218792673,0.000218792673
3.0,3.3,-0.000224738382,0.000224738382
3.05,3.3,-0.000230709667,0.000230709667
3.1,3.3,-0.000236705546,0.000236705546
3.15,3.3,-0.000242725084,0.000242725084
3.2,3.3,-0.000248767396,0.000248767396
3.25,3.3,-0.00025483164,0.00025483164
3.3,3.3,-0.000260917014,0.000260917014
