source_file,source_sheet,source_row,v_gate_v,drain_current_a,abs_drain_current_a,quality_flag,condition_status
1.xlsx,Sheet1,1,-5.0,8.25532e-39,8.25532e-39,near_solver_floor,missing_vds_geometry_material_and_solver_metadata
1.xlsx,Sheet1,2,-4.9,3.98412e-38,3.98412e-38,near_solver_floor,missing_vds_geometry_material_and_solver_metadata
1.xlsx,Sheet1,3,-4.8,1.30084e-37,1.30084e-37,near_solver_floor,missing_vds_geometry_material_and_solver_metadata
1.xlsx,Sheet1,4,-4.7,4.12874e-37,4.12874e-37,near_solver_floor,missing_vds_geometry_material_and_solver_metadata
1.xlsx,Sheet1,5,-4.6,1.34819e-36,1.34819e-36,near_solver_floor,missing_vds_geometry_material_and_solver_metadata
1.xlsx,Sheet1,6,-4.5,2.08146e-36,2.08146e-36,near_solver_floor,missing_vds_geometry_material_and_solver_metadata
1.xlsx,Sheet1,7,-4.4,2.74146e-36,2.74146e-36,near_solver_floor,missing_vds_geometry_material_and_solver_metadata
1.xlsx,Sheet1,8,-4.3,3.81997e-36,3.81997e-36,near_solver_floor,missing_vds_geometry_material_and_solver_metadata
1.xlsx,Sheet1,9,-4.2,1.23184e-35,1.23184e-35,near_solver_floor,missing_vds_geometry_material_and_solver_metadata
1.xlsx,Sheet1,10,-4.1,1.87487e-35,1.87487e-35,near_solver_floor,missing_vds_geometry_material_and_solver_metadata
1.xlsx,Sheet1,11,-4.0,6.45063e-35,6.45063e-35,near_solver_floor,missing_vds_geometry_material_and_solver_metadata
1.xlsx,Sheet1,12,-3.9,7.58242e-35,7.58242e-35,near_solver_floor,missing_vds_geometry_material_and_solver_metadata
1.xlsx,Sheet1,13,-3.8,7.14768e-35,7.14768e-35,near_solver_floor,missing_vds_geometry_material_and_solver_metadata
1.xlsx,Sheet1,14,-3.7,3.56888e-35,3.56888e-35,near_solver_floor,missing_vds_geometry_material_and_solver_metadata
1.xlsx,Sheet1,15,-3.6,1.19675e-35,1.19675e-35,near_solver_floor,missing_vds_geometry_material_and_solver_metadata
1.xlsx,Sheet1,16,-3.5,2.07178e-36,2.07178e-36,near_solver_floor,missing_vds_geometry_material_and_solver_metadata
1.xlsx,Sheet1,17,-3.4,9.7787e-36,9.7787e-36,near_solver_floor,missing_vds_geometry_material_and_solver_metadata
1.xlsx,Sheet1,18,-3.3,4.47414e-35,4.47414e-35,near_solver_floor,missing_vds_geometry_material_and_solver_metadata
1.xlsx,Sheet1,19,-3.2,2.13415e-34,2.13415e-34,near_solver_floor,missing_vds_geometry_material_and_solver_metadata
1.xlsx,Sheet1,20,-3.1,4.19777e-34,4.19777e-34,near_solver_floor,missing_vds_geometry_material_and_solver_metadata
1.xlsx,Sheet1,21,-3.0,2.20835e-33,2.20835e-33,near_solver_floor,missing_vds_geometry_material_and_solver_metadata
1.xlsx,Sheet1,22,-2.9,1.86297e-32,1.86297e-32,near_solver_floor,missing_vds_geometry_material_and_solver_metadata
1.xlsx,Sheet1,23,-2.8,2.37289e-32,2.37289e-32,near_solver_floor,missing_vds_geometry_material_and_solver_metadata
1.xlsx,Sheet1,24,-2.7,1.40695e-31,1.40695e-31,near_solver_floor,missing_vds_geometry_material_and_solver_metadata
1.xlsx,Sheet1,25,-2.6,2.14079e-31,2.14079e-31,near_solver_floor,missing_vds_geometry_material_and_solver_metadata
1.xlsx,Sheet1,26,-2.5,1.23483e-30,1.23483e-30,near_solver_floor,missing_vds_geometry_material_and_solver_metadata
1.xlsx,Sheet1,27,-2.4,2.3617e-30,2.3617e-30,near_solver_floor,missing_vds_geometry_material_and_solver_metadata
1.xlsx,Sheet1,28,-2.3,4.3402e-27,4.3402e-27,near_solver_floor,missing_vds_geometry_material_and_solver_metadata
1.xlsx,Sheet1,29,-2.2,6.41377e-31,6.41377e-31,near_solver_floor,missing_vds_geometry_material_and_solver_metadata
1.xlsx,Sheet1,30,-2.1,2.00832e-31,2.00832e-31,near_solver_floor,missing_vds_geometry_material_and_solver_metadata
1.xlsx,Sheet1,31,-2.05,1.7796e-25,1.7796e-25,ok,missing_vds_geometry_material_and_solver_metadata
1.xlsx,Sheet1,32,-2.025,4.02462e-31,4.02462e-31,near_solver_floor;strong_nonmonotonic_drop,missing_vds_geometry_material_and_solver_metadata
1.xlsx,Sheet1,33,-2.0125,7.74334e-31,7.74334e-31,near_solver_floor,missing_vds_geometry_material_and_solver_metadata
1.xlsx,Sheet1,34,-2.00625,1.87508e-30,1.87508e-30,near_solver_floor,missing_vds_geometry_material_and_solver_metadata
1.xlsx,Sheet1,35,-2.0,4.57694e-31,4.57694e-31,near_solver_floor,missing_vds_geometry_material_and_solver_metadata
1.xlsx,Sheet1,36,-1.99244,6.1218e-31,6.1218e-31,near_solver_floor,missing_vds_geometry_material_and_solver_metadata
1.xlsx,Sheet1,37,-1.98329,8.79961e-31,8.79961e-31,near_solver_floor,missing_vds_geometry_material_and_solver_metadata
1.xlsx,Sheet1,38,-1.97221,1.33549e-30,1.33549e-30,near_solver_floor,missing_vds_geometry_material_and_solver_metadata
1.xlsx,Sheet1,39,-1.96552,1.76129e-30,1.76129e-30,near_solver_floor,missing_vds_geometry_material_and_solver_metadata
1.xlsx,Sheet1,40,-1.95882,2.2306e-30,2.2306e-30,near_solver_floor,missing_vds_geometry_material_and_solver_metadata
1.xlsx,Sheet1,41,-1.95071,3.04723e-30,3.04723e-30,near_solver_floor,missing_vds_geometry_material_and_solver_metadata
1.xlsx,Sheet1,42,-1.9409,4.44276e-30,4.44276e-30,near_solver_floor,missing_vds_geometry_material_and_solver_metadata
1.xlsx,Sheet1,43,-1.92904,7.01444e-30,7.01444e-30,near_solver_floor,missing_vds_geometry_material_and_solver_metadata
1.xlsx,Sheet1,44,-1.91468,1.21693e-29,1.21693e-29,near_solver_floor,missing_vds_geometry_material_and_solver_metadata
1.xlsx,Sheet1,45,-1.8973,2.37472e-29,2.37472e-29,near_solver_floor,missing_vds_geometry_material_and_solver_metadata
1.xlsx,Sheet1,46,-1.88679,3.55654e-29,3.55654e-29,near_solver_floor,missing_vds_geometry_material_and_solver_metadata
1.xlsx,Sheet1,47,-1.87628,5.70637e-29,5.70637e-29,near_solver_floor,missing_vds_geometry_material_and_solver_metadata
1.xlsx,Sheet1,48,-1.86356,8.68773e-29,8.68773e-29,near_solver_floor,missing_vds_geometry_material_and_solver_metadata
1.xlsx,Sheet1,49,-1.84817,1.57123e-28,1.57123e-28,near_solver_floor,missing_vds_geometry_material_and_solver_metadata
1.xlsx,Sheet1,50,-1.82955,3.21574e-28,3.21574e-28,near_solver_floor,missing_vds_geometry_material_and_solver_metadata
1.xlsx,Sheet1,51,-1.80702,9.06143e-28,9.06143e-28,near_solver_floor,missing_vds_geometry_material_and_solver_metadata
1.xlsx,Sheet1,52,-1.77975,2.20733e-27,2.20733e-27,near_solver_floor,missing_vds_geometry_material_and_solver_metadata
1.xlsx,Sheet1,53,-1.74676,7.73536e-27,7.73536e-27,near_solver_floor,missing_vds_geometry_material_and_solver_metadata
1.xlsx,Sheet1,54,-1.70684,3.58591e-26,3.58591e-26,near_solver_floor,missing_vds_geometry_material_and_solver_metadata
1.xlsx,Sheet1,55,-1.65854,2.29379e-25,2.29379e-25,ok,missing_vds_geometry_material_and_solver_metadata
1.xlsx,Sheet1,56,-1.6001,2.16443e-24,2.16443e-24,ok,missing_vds_geometry_material_and_solver_metadata
1.xlsx,Sheet1,57,-1.52938,3.27024e-23,3.27024e-23,ok,missing_vds_geometry_material_and_solver_metadata
1.xlsx,Sheet1,58,-1.44381,8.72668e-22,8.72668e-22,ok,missing_vds_geometry_material_and_solver_metadata
1.xlsx,Sheet1,59,-1.34381,4.04267e-20,4.04267e-20,ok,missing_vds_geometry_material_and_solver_metadata
1.xlsx,Sheet1,60,-1.24381,1.86701e-18,1.86701e-18,ok,missing_vds_geometry_material_and_solver_metadata
1.xlsx,Sheet1,61,-1.14381,8.58803e-17,8.58803e-17,ok,missing_vds_geometry_material_and_solver_metadata
1.xlsx,Sheet1,62,-1.04381,3.92918e-15,3.92918e-15,ok,missing_vds_geometry_material_and_solver_metadata
1.xlsx,Sheet1,63,-0.943811,1.78387e-13,1.78387e-13,ok,missing_vds_geometry_material_and_solver_metadata
1.xlsx,Sheet1,64,-0.843811,8.00139e-12,8.00139e-12,ok,missing_vds_geometry_material_and_solver_metadata
1.xlsx,Sheet1,65,-0.743811,3.50747e-10,3.50747e-10,ok,missing_vds_geometry_material_and_solver_metadata
1.xlsx,Sheet1,66,-0.643811,1.41593e-08,1.41593e-08,ok,missing_vds_geometry_material_and_solver_metadata
1.xlsx,Sheet1,67,-0.543811,3.13502e-07,3.13502e-07,ok,missing_vds_geometry_material_and_solver_metadata
1.xlsx,Sheet1,68,-0.443811,1.89438e-06,1.89438e-06,ok,missing_vds_geometry_material_and_solver_metadata
1.xlsx,Sheet1,69,-0.343811,5.37808e-06,5.37808e-06,ok,missing_vds_geometry_material_and_solver_metadata
1.xlsx,Sheet1,70,-0.243811,1.08744e-05,1.08744e-05,ok,missing_vds_geometry_material_and_solver_metadata
1.xlsx,Sheet1,71,-0.143811,1.83656e-05,1.83656e-05,ok,missing_vds_geometry_material_and_solver_metadata
1.xlsx,Sheet1,72,-0.0438107,2.77909e-05,2.77909e-05,ok,missing_vds_geometry_material_and_solver_metadata
1.xlsx,Sheet1,73,0.0561893,3.90702e-05,3.90702e-05,ok,missing_vds_geometry_material_and_solver_metadata
1.xlsx,Sheet1,74,0.156189,5.21147e-05,5.21147e-05,ok,missing_vds_geometry_material_and_solver_metadata
1.xlsx,Sheet1,75,0.256189,6.68337e-05,6.68337e-05,ok,missing_vds_geometry_material_and_solver_metadata
1.xlsx,Sheet1,76,0.356189,8.31375e-05,8.31375e-05,ok,missing_vds_geometry_material_and_solver_metadata
1.xlsx,Sheet1,77,0.456189,0.00010094,0.00010094,ok,missing_vds_geometry_material_and_solver_metadata
1.xlsx,Sheet1,78,0.556189,0.000120158,0.000120158,ok,missing_vds_geometry_material_and_solver_metadata
1.xlsx,Sheet1,79,0.656189,0.000140717,0.000140717,ok,missing_vds_geometry_material_and_solver_metadata
1.xlsx,Sheet1,80,0.756189,0.000162541,0.000162541,ok,missing_vds_geometry_material_and_solver_metadata
1.xlsx,Sheet1,81,0.856189,0.000185561,0.000185561,ok,missing_vds_geometry_material_and_solver_metadata
1.xlsx,Sheet1,82,0.956189,0.000209707,0.000209707,ok,missing_vds_geometry_material_and_solver_metadata
1.xlsx,Sheet1,83,1.05619,0.00023491,0.00023491,ok,missing_vds_geometry_material_and_solver_metadata
1.xlsx,Sheet1,84,1.15619,0.000261097,0.000261097,ok,missing_vds_geometry_material_and_solver_metadata
1.xlsx,Sheet1,85,1.25619,0.000288192,0.000288192,ok,missing_vds_geometry_material_and_solver_metadata
1.xlsx,Sheet1,86,1.35619,0.00031611,0.00031611,ok,missing_vds_geometry_material_and_solver_metadata
1.xlsx,Sheet1,87,1.45619,0.000344764,0.000344764,ok,missing_vds_geometry_material_and_solver_metadata
1.xlsx,Sheet1,88,1.55619,0.000374061,0.000374061,ok,missing_vds_geometry_material_and_solver_metadata
1.xlsx,Sheet1,89,1.65619,0.000403904,0.000403904,ok,missing_vds_geometry_material_and_solver_metadata
1.xlsx,Sheet1,90,1.75619,0.000434201,0.000434201,ok,missing_vds_geometry_material_and_solver_metadata
1.xlsx,Sheet1,91,1.85619,0.000464869,0.000464869,ok,missing_vds_geometry_material_and_solver_metadata
1.xlsx,Sheet1,92,1.95619,0.000495839,0.000495839,ok,missing_vds_geometry_material_and_solver_metadata
1.xlsx,Sheet1,93,2.05619,0.000527061,0.000527061,ok,missing_vds_geometry_material_and_solver_metadata
1.xlsx,Sheet1,94,2.15619,0.000558507,0.000558507,ok,missing_vds_geometry_material_and_solver_metadata
1.xlsx,Sheet1,95,2.25619,0.000590163,0.000590163,ok,missing_vds_geometry_material_and_solver_metadata
1.xlsx,Sheet1,96,2.35619,0.000622027,0.000622027,ok,missing_vds_geometry_material_and_solver_metadata
1.xlsx,Sheet1,97,2.45619,0.000654099,0.000654099,ok,missing_vds_geometry_material_and_solver_metadata
1.xlsx,Sheet1,98,2.55619,0.000686382,0.000686382,ok,missing_vds_geometry_material_and_solver_metadata
1.xlsx,Sheet1,99,2.65619,0.000718879,0.000718879,ok,missing_vds_geometry_material_and_solver_metadata
1.xlsx,Sheet1,100,2.75619,0.000751587,0.000751587,ok,missing_vds_geometry_material_and_solver_metadata
1.xlsx,Sheet1,101,2.85619,0.000784505,0.000784505,ok,missing_vds_geometry_material_and_solver_metadata
1.xlsx,Sheet1,102,2.95619,0.000817626,0.000817626,ok,missing_vds_geometry_material_and_solver_metadata
1.xlsx,Sheet1,103,3.05619,0.000850945,0.000850945,ok,missing_vds_geometry_material_and_solver_metadata
1.xlsx,Sheet1,104,3.15619,0.000884453,0.000884453,ok,missing_vds_geometry_material_and_solver_metadata
1.xlsx,Sheet1,105,3.25619,0.000918144,0.000918144,ok,missing_vds_geometry_material_and_solver_metadata
1.xlsx,Sheet1,106,3.35619,0.000952009,0.000952009,ok,missing_vds_geometry_material_and_solver_metadata
1.xlsx,Sheet1,107,3.45619,0.000986039,0.000986039,ok,missing_vds_geometry_material_and_solver_metadata
1.xlsx,Sheet1,108,3.55619,0.00102023,0.00102023,ok,missing_vds_geometry_material_and_solver_metadata
1.xlsx,Sheet1,109,3.65619,0.00105457,0.00105457,ok,missing_vds_geometry_material_and_solver_metadata
1.xlsx,Sheet1,110,3.75619,0.00108905,0.00108905,ok,missing_vds_geometry_material_and_solver_metadata
1.xlsx,Sheet1,111,3.85619,0.00112366,0.00112366,ok,missing_vds_geometry_material_and_solver_metadata
1.xlsx,Sheet1,112,3.95619,0.00115841,0.00115841,ok,missing_vds_geometry_material_and_solver_metadata
1.xlsx,Sheet1,113,4.05619,0.00119327,0.00119327,ok,missing_vds_geometry_material_and_solver_metadata
1.xlsx,Sheet1,114,4.15619,0.00122826,0.00122826,ok,missing_vds_geometry_material_and_solver_metadata
1.xlsx,Sheet1,115,4.25619,0.00126335,0.00126335,ok,missing_vds_geometry_material_and_solver_metadata
1.xlsx,Sheet1,116,4.35619,0.00129854,0.00129854,ok,missing_vds_geometry_material_and_solver_metadata
1.xlsx,Sheet1,117,4.45619,0.00133384,0.00133384,ok,missing_vds_geometry_material_and_solver_metadata
1.xlsx,Sheet1,118,4.55619,0.00136922,0.00136922,ok,missing_vds_geometry_material_and_solver_metadata
1.xlsx,Sheet1,119,4.65619,0.0014047,0.0014047,ok,missing_vds_geometry_material_and_solver_metadata
1.xlsx,Sheet1,120,4.75619,0.00144026,0.00144026,ok,missing_vds_geometry_material_and_solver_metadata
1.xlsx,Sheet1,121,4.85619,0.0014759,0.0014759,ok,missing_vds_geometry_material_and_solver_metadata
1.xlsx,Sheet1,122,4.95619,0.00151162,0.00151162,ok,missing_vds_geometry_material_and_solver_metadata
1.xlsx,Sheet1,123,5.0,0.00152729,0.00152729,ok,missing_vds_geometry_material_and_solver_metadata
