source_file,source_sheet,source_row,vin_v,vout_case_1_v,vout_case_2_v,condition_status
王道玺的实验数据1(4).xlsx,Sheet2,2,-3.0,2.0,2.0,missing_circuit_and_bias_metadata
王道玺的实验数据1(4).xlsx,Sheet2,3,-2.95,2.0,2.0,missing_circuit_and_bias_metadata
王道玺的实验数据1(4).xlsx,Sheet2,4,-2.9,2.0,2.0,missing_circuit_and_bias_metadata
王道玺的实验数据1(4).xlsx,Sheet2,5,-2.85,2.0,2.0,missing_circuit_and_bias_metadata
王道玺的实验数据1(4).xlsx,Sheet2,6,-2.8,2.0,2.0,missing_circuit_and_bias_metadata
王道玺的实验数据1(4).xlsx,Sheet2,7,-2.75,2.0,2.0,missing_circuit_and_bias_metadata
王道玺的实验数据1(4).xlsx,Sheet2,8,-2.7,2.0,2.0,missing_circuit_and_bias_metadata
王道玺的实验数据1(4).xlsx,Sheet2,9,-2.65,2.0,2.0,missing_circuit_and_bias_metadata
王道玺的实验数据1(4).xlsx,Sheet2,10,-2.6,2.0,2.0,missing_circuit_and_bias_metadata
王道玺的实验数据1(4).xlsx,Sheet2,11,-2.55,2.0,2.0,missing_circuit_and_bias_metadata
王道玺的实验数据1(4).xlsx,Sheet2,12,-2.5,2.0,2.0,missing_circuit_and_bias_metadata
王道玺的实验数据1(4).xlsx,Sheet2,13,-2.45,2.0,2.0,missing_circuit_and_bias_metadata
王道玺的实验数据1(4).xlsx,Sheet2,14,-2.4,2.0,2.0,missing_circuit_and_bias_metadata
王道玺的实验数据1(4).xlsx,Sheet2,15,-2.35,2.0,2.0,missing_circuit_and_bias_metadata
王道玺的实验数据1(4).xlsx,Sheet2,16,-2.3,2.0,2.0,missing_circuit_and_bias_metadata
王道玺的实验数据1(4).xlsx,Sheet2,17,-2.25,2.0,2.0,missing_circuit_and_bias_metadata
王道玺的实验数据1(4).xlsx,Sheet2,18,-2.2,2.0,2.0,missing_circuit_and_bias_metadata
王道玺的实验数据1(4).xlsx,Sheet2,19,-2.15,2.0,2.0,missing_circuit_and_bias_metadata
王道玺的实验数据1(4).xlsx,Sheet2,20,-2.1,2.0,2.0,missing_circuit_and_bias_metadata
王道玺的实验数据1(4).xlsx,Sheet2,21,-2.05,2.0,2.0,missing_circuit_and_bias_metadata
王道玺的实验数据1(4).xlsx,Sheet2,22,-2.0,2.0,2.0,missing_circuit_and_bias_metadata
王道玺的实验数据1(4).xlsx,Sheet2,23,-1.95,2.0,2.0,missing_circuit_and_bias_metadata
王道玺的实验数据1(4).xlsx,Sheet2,24,-1.9,2.0,2.0,missing_circuit_and_bias_metadata
王道玺的实验数据1(4).xlsx,Sheet2,25,-1.85,2.0,2.0,missing_circuit_and_bias_metadata
王道玺的实验数据1(4).xlsx,Sheet2,26,-1.8,2.0,2.0,missing_circuit_and_bias_metadata
王道玺的实验数据1(4).xlsx,Sheet2,27,-1.75,2.0,2.0,missing_circuit_and_bias_metadata
王道玺的实验数据1(4).xlsx,Sheet2,28,-1.7,2.0,2.0,missing_circuit_and_bias_metadata
王道玺的实验数据1(4).xlsx,Sheet2,29,-1.65,2.0,2.0,missing_circuit_and_bias_metadata
王道玺的实验数据1(4).xlsx,Sheet2,30,-1.6,2.0,2.0,missing_circuit_and_bias_metadata
王道玺的实验数据1(4).xlsx,Sheet2,31,-1.55,2.0,2.0,missing_circuit_and_bias_metadata
王道玺的实验数据1(4).xlsx,Sheet2,32,-1.5,2.0,2.0,missing_circuit_and_bias_metadata
王道玺的实验数据1(4).xlsx,Sheet2,33,-1.45,2.0,2.0,missing_circuit_and_bias_metadata
王道玺的实验数据1(4).xlsx,Sheet2,34,-1.4,2.0,2.0,missing_circuit_and_bias_metadata
王道玺的实验数据1(4).xlsx,Sheet2,35,-1.35,2.0,2.0,missing_circuit_and_bias_metadata
王道玺的实验数据1(4).xlsx,Sheet2,36,-1.3,2.0,2.0,missing_circuit_and_bias_metadata
王道玺的实验数据1(4).xlsx,Sheet2,37,-1.25,2.0,2.0,missing_circuit_and_bias_metadata
王道玺的实验数据1(4).xlsx,Sheet2,38,-1.2,2.0,2.0,missing_circuit_and_bias_metadata
王道玺的实验数据1(4).xlsx,Sheet2,39,-1.15,2.0,2.0,missing_circuit_and_bias_metadata
王道玺的实验数据1(4).xlsx,Sheet2,40,-1.1,2.0,2.0,missing_circuit_and_bias_metadata
王道玺的实验数据1(4).xlsx,Sheet2,41,-1.05,2.0,2.0,missing_circuit_and_bias_metadata
王道玺的实验数据1(4).xlsx,Sheet2,42,-1.0,2.0,2.0,missing_circuit_and_bias_metadata
王道玺的实验数据1(4).xlsx,Sheet2,43,-0.95,2.0,2.0,missing_circuit_and_bias_metadata
王道玺的实验数据1(4).xlsx,Sheet2,44,-0.9,2.0,2.0,missing_circuit_and_bias_metadata
王道玺的实验数据1(4).xlsx,Sheet2,45,-0.85,2.0,2.0,missing_circuit_and_bias_metadata
王道玺的实验数据1(4).xlsx,Sheet2,46,-0.8,2.0,1.99999,missing_circuit_and_bias_metadata
王道玺的实验数据1(4).xlsx,Sheet2,47,-0.75,2.0,1.99994,missing_circuit_and_bias_metadata
王道玺的实验数据1(4).xlsx,Sheet2,48,-0.7,2.0,1.99962,missing_circuit_and_bias_metadata
王道玺的实验数据1(4).xlsx,Sheet2,49,-0.65,2.0,1.9979,missing_circuit_and_bias_metadata
王道玺的实验数据1(4).xlsx,Sheet2,50,-0.6,1.99998,1.99166,missing_circuit_and_bias_metadata
王道玺的实验数据1(4).xlsx,Sheet2,51,-0.55,1.9999,1.9766,missing_circuit_and_bias_metadata
王道玺的实验数据1(4).xlsx,Sheet2,52,-0.5,1.99973,1.94849,missing_circuit_and_bias_metadata
王道玺的实验数据1(4).xlsx,Sheet2,53,-0.45,1.99943,1.90224,missing_circuit_and_bias_metadata
王道玺的实验数据1(4).xlsx,Sheet2,54,-0.4,1.99901,1.82942,missing_circuit_and_bias_metadata
王道玺的实验数据1(4).xlsx,Sheet2,55,-0.35,1.99849,1.7109,missing_circuit_and_bias_metadata
王道玺的实验数据1(4).xlsx,Sheet2,56,-0.3,1.99789,1.46747,missing_circuit_and_bias_metadata
王道玺的实验数据1(4).xlsx,Sheet2,57,-0.25,1.99721,0.429588,missing_circuit_and_bias_metadata
王道玺的实验数据1(4).xlsx,Sheet2,58,-0.2,1.99644,0.210746,missing_circuit_and_bias_metadata
王道玺的实验数据1(4).xlsx,Sheet2,59,-0.15,1.99556,0.142201,missing_circuit_and_bias_metadata
王道玺的实验数据1(4).xlsx,Sheet2,60,-0.1,1.99455,0.101771,missing_circuit_and_bias_metadata
王道玺的实验数据1(4).xlsx,Sheet2,61,-0.05,1.99342,0.0742108,missing_circuit_and_bias_metadata
王道玺的实验数据1(4).xlsx,Sheet2,62,-2.29677e-15,1.99214,0.0542072,missing_circuit_and_bias_metadata
王道玺的实验数据1(4).xlsx,Sheet2,63,0.05,1.99072,0.0392278,missing_circuit_and_bias_metadata
王道玺的实验数据1(4).xlsx,Sheet2,64,0.1,1.98916,0.0278522,missing_circuit_and_bias_metadata
王道玺的实验数据1(4).xlsx,Sheet2,65,0.15,1.98747,0.0191978,missing_circuit_and_bias_metadata
王道玺的实验数据1(4).xlsx,Sheet2,66,0.2,1.98565,0.0126748,missing_circuit_and_bias_metadata
王道玺的实验数据1(4).xlsx,Sheet2,67,0.25,1.98373,0.00786525,missing_circuit_and_bias_metadata
王道玺的实验数据1(4).xlsx,Sheet2,68,0.3,1.9817,0.00445666,missing_circuit_and_bias_metadata
王道玺的实验数据1(4).xlsx,Sheet2,69,0.35,1.9796,0.00219981,missing_circuit_and_bias_metadata
王道玺的实验数据1(4).xlsx,Sheet2,70,0.4,1.97743,0.000874837,missing_circuit_and_bias_metadata
王道玺的实验数据1(4).xlsx,Sheet2,71,0.45,1.97521,0.000251347,missing_circuit_and_bias_metadata
王道玺的实验数据1(4).xlsx,Sheet2,72,0.5,1.97297,4.99475e-05,missing_circuit_and_bias_metadata
王道玺的实验数据1(4).xlsx,Sheet2,73,0.55,1.97071,7.92375e-06,missing_circuit_and_bias_metadata
王道玺的实验数据1(4).xlsx,Sheet2,74,0.6,1.96844,1.16388e-06,missing_circuit_and_bias_metadata
王道玺的实验数据1(4).xlsx,Sheet2,75,0.65,1.96617,1.6875e-07,missing_circuit_and_bias_metadata
王道玺的实验数据1(4).xlsx,Sheet2,76,0.7,1.9639,2.42245e-08,missing_circuit_and_bias_metadata
王道玺的实验数据1(4).xlsx,Sheet2,77,0.75,1.96163,3.46583e-09,missing_circuit_and_bias_metadata
王道玺的实验数据1(4).xlsx,Sheet2,78,0.8,1.95934,4.22408e-10,missing_circuit_and_bias_metadata
王道玺的实验数据1(4).xlsx,Sheet2,79,0.85,1.95704,6.07087e-11,missing_circuit_and_bias_metadata
王道玺的实验数据1(4).xlsx,Sheet2,80,0.9,1.95471,4.1009e-12,missing_circuit_and_bias_metadata
王道玺的实验数据1(4).xlsx,Sheet2,81,0.95,1.95235,-3.39138e-12,missing_circuit_and_bias_metadata
王道玺的实验数据1(4).xlsx,Sheet2,82,1.0,1.94996,-3.77354e-12,missing_circuit_and_bias_metadata
王道玺的实验数据1(4).xlsx,Sheet2,83,1.05,1.94752,-3.24866e-12,missing_circuit_and_bias_metadata
王道玺的实验数据1(4).xlsx,Sheet2,84,1.1,1.94503,-2.69563e-12,missing_circuit_and_bias_metadata
王道玺的实验数据1(4).xlsx,Sheet2,85,1.15,1.94248,-2.22342e-12,missing_circuit_and_bias_metadata
王道玺的实验数据1(4).xlsx,Sheet2,86,1.2,1.93988,-1.83221e-12,missing_circuit_and_bias_metadata
王道玺的实验数据1(4).xlsx,Sheet2,87,1.25,1.93722,-1.51398e-12,missing_circuit_and_bias_metadata
王道玺的实验数据1(4).xlsx,Sheet2,88,1.3,1.93449,-1.25284e-12,missing_circuit_and_bias_metadata
王道玺的实验数据1(4).xlsx,Sheet2,89,1.35,1.93169,-1.03808e-12,missing_circuit_and_bias_metadata
王道玺的实验数据1(4).xlsx,Sheet2,90,1.4,1.92882,-8.63632e-13,missing_circuit_and_bias_metadata
王道玺的实验数据1(4).xlsx,Sheet2,91,1.45,1.92587,-7.2055e-13,missing_circuit_and_bias_metadata
王道玺的实验数据1(4).xlsx,Sheet2,92,1.5,1.92286,-6.01257e-13,missing_circuit_and_bias_metadata
王道玺的实验数据1(4).xlsx,Sheet2,93,1.55,1.91976,-5.03625e-13,missing_circuit_and_bias_metadata
王道玺的实验数据1(4).xlsx,Sheet2,94,1.6,1.91658,-4.2208e-13,missing_circuit_and_bias_metadata
王道玺的实验数据1(4).xlsx,Sheet2,95,1.65,1.91331,-3.56122e-13,missing_circuit_and_bias_metadata
王道玺的实验数据1(4).xlsx,Sheet2,96,1.7,1.90995,-2.99714e-13,missing_circuit_and_bias_metadata
王道玺的实验数据1(4).xlsx,Sheet2,97,1.75,1.9065,-2.55326e-13,missing_circuit_and_bias_metadata
王道玺的实验数据1(4).xlsx,Sheet2,98,1.8,1.90294,-2.16766e-13,missing_circuit_and_bias_metadata
王道玺的实验数据1(4).xlsx,Sheet2,99,1.85,1.89929,-1.83637e-13,missing_circuit_and_bias_metadata
王道玺的实验数据1(4).xlsx,Sheet2,100,1.9,1.89552,-1.55693e-13,missing_circuit_and_bias_metadata
王道玺的实验数据1(4).xlsx,Sheet2,101,1.95,1.89163,-1.33832e-13,missing_circuit_and_bias_metadata
王道玺的实验数据1(4).xlsx,Sheet2,102,2.0,1.88762,-1.15505e-13,missing_circuit_and_bias_metadata
王道玺的实验数据1(4).xlsx,Sheet2,103,2.05,1.88348,-9.74956e-14,missing_circuit_and_bias_metadata
王道玺的实验数据1(4).xlsx,Sheet2,104,2.1,1.8792,-8.45918e-14,missing_circuit_and_bias_metadata
王道玺的实验数据1(4).xlsx,Sheet2,105,2.15,1.87478,-7.2965e-14,missing_circuit_and_bias_metadata
王道玺的实验数据1(4).xlsx,Sheet2,106,2.2,1.8702,-6.30282e-14,missing_circuit_and_bias_metadata
王道玺的实验数据1(4).xlsx,Sheet2,107,2.25,1.86545,-5.55002e-14,missing_circuit_and_bias_metadata
王道玺的实验数据1(4).xlsx,Sheet2,108,2.3,1.86054,-4.82491e-14,missing_circuit_and_bias_metadata
王道玺的实验数据1(4).xlsx,Sheet2,109,2.35,1.85544,-4.11272e-14,missing_circuit_and_bias_metadata
王道玺的实验数据1(4).xlsx,Sheet2,110,2.4,1.85014,-3.58041e-14,missing_circuit_and_bias_metadata
王道玺的实验数据1(4).xlsx,Sheet2,111,2.45,1.84463,-3.03273e-14,missing_circuit_and_bias_metadata
王道玺的实验数据1(4).xlsx,Sheet2,112,2.5,1.83891,-2.72942e-14,missing_circuit_and_bias_metadata
王道玺的实验数据1(4).xlsx,Sheet2,113,2.55,1.83294,-2.29917e-14,missing_circuit_and_bias_metadata
王道玺的实验数据1(4).xlsx,Sheet2,114,2.6,1.82672,-2.09198e-14,missing_circuit_and_bias_metadata
王道玺的实验数据1(4).xlsx,Sheet2,115,2.65,1.82022,-1.84313e-14,missing_circuit_and_bias_metadata
王道玺的实验数据1(4).xlsx,Sheet2,116,2.7,1.81343,-1.70866e-14,missing_circuit_and_bias_metadata
王道玺的实验数据1(4).xlsx,Sheet2,117,2.75,1.80631,-1.33623e-14,missing_circuit_and_bias_metadata
王道玺的实验数据1(4).xlsx,Sheet2,118,2.8,1.79886,-1.17032e-14,missing_circuit_and_bias_metadata
王道玺的实验数据1(4).xlsx,Sheet2,119,2.85,1.79102,-1.11536e-14,missing_circuit_and_bias_metadata
王道玺的实验数据1(4).xlsx,Sheet2,120,2.9,1.78278,-9.85646e-15,missing_circuit_and_bias_metadata
王道玺的实验数据1(4).xlsx,Sheet2,121,2.95,1.77409,-9.60405e-15,missing_circuit_and_bias_metadata
王道玺的实验数据1(4).xlsx,Sheet2,122,3.0,1.76492,-7.70843e-15,missing_circuit_and_bias_metadata
王道玺的实验数据1(4).xlsx,Sheet2,123,3.05,1.75521,-7.75572e-15,missing_circuit_and_bias_metadata
王道玺的实验数据1(4).xlsx,Sheet2,124,3.1,1.74491,-5.24144e-15,missing_circuit_and_bias_metadata
王道玺的实验数据1(4).xlsx,Sheet2,125,3.15,1.73396,-4.53627e-15,missing_circuit_and_bias_metadata
王道玺的实验数据1(4).xlsx,Sheet2,126,3.2,1.72228,-5.73772e-15,missing_circuit_and_bias_metadata
王道玺的实验数据1(4).xlsx,Sheet2,127,3.25,1.70979,-3.43857e-15,missing_circuit_and_bias_metadata
王道玺的实验数据1(4).xlsx,Sheet2,128,3.3,1.69639,-4.72162e-15,missing_circuit_and_bias_metadata
王道玺的实验数据1(4).xlsx,Sheet2,129,3.35,1.68197,-3.45252e-15,missing_circuit_and_bias_metadata
王道玺的实验数据1(4).xlsx,Sheet2,130,3.4,1.66638,-3.98713e-15,missing_circuit_and_bias_metadata
王道玺的实验数据1(4).xlsx,Sheet2,131,3.45,1.64944,-2.76593e-15,missing_circuit_and_bias_metadata
王道玺的实验数据1(4).xlsx,Sheet2,132,3.5,1.63096,-1.58164e-15,missing_circuit_and_bias_metadata
王道玺的实验数据1(4).xlsx,Sheet2,133,3.55,1.61067,-2.24905e-15,missing_circuit_and_bias_metadata
王道玺的实验数据1(4).xlsx,Sheet2,134,3.6,1.58824,-1.98074e-15,missing_circuit_and_bias_metadata
王道玺的实验数据1(4).xlsx,Sheet2,135,3.65,1.56325,-1.8003e-15,missing_circuit_and_bias_metadata
王道玺的实验数据1(4).xlsx,Sheet2,136,3.7,1.53513,-2.50437e-15,missing_circuit_and_bias_metadata
王道玺的实验数据1(4).xlsx,Sheet2,137,3.75,1.50311,-1.45043e-15,missing_circuit_and_bias_metadata
王道玺的实验数据1(4).xlsx,Sheet2,138,3.8,1.46613,-1.28518e-15,missing_circuit_and_bias_metadata
王道玺的实验数据1(4).xlsx,Sheet2,139,3.85,1.42262,-1.17715e-15,missing_circuit_and_bias_metadata
王道玺的实验数据1(4).xlsx,Sheet2,140,3.9,1.37032,-1.94953e-15,missing_circuit_and_bias_metadata
王道玺的实验数据1(4).xlsx,Sheet2,141,3.95,1.30616,-9.6654e-16,missing_circuit_and_bias_metadata
王道玺的实验数据1(4).xlsx,Sheet2,142,4.0,1.22764,-8.62622e-16,missing_circuit_and_bias_metadata
王道玺的实验数据1(4).xlsx,Sheet2,143,4.05,1.13499,-7.93636e-16,missing_circuit_and_bias_metadata
王道玺的实验数据1(4).xlsx,Sheet2,144,4.1,1.03104,-7.19482e-16,missing_circuit_and_bias_metadata
王道玺的实验数据1(4).xlsx,Sheet2,145,4.15,0.922095,-6.27905e-16,missing_circuit_and_bias_metadata
王道玺的实验数据1(4).xlsx,Sheet2,146,4.2,0.814019,-5.55824e-16,missing_circuit_and_bias_metadata
王道玺的实验数据1(4).xlsx,Sheet2,147,4.25,0.709663,-5.48992e-16,missing_circuit_and_bias_metadata
王道玺的实验数据1(4).xlsx,Sheet2,148,4.3,0.610119,-4.4596e-16,missing_circuit_and_bias_metadata
王道玺的实验数据1(4).xlsx,Sheet2,149,4.35,0.515836,-4.32367e-16,missing_circuit_and_bias_metadata
王道玺的实验数据1(4).xlsx,Sheet2,150,4.4,0.427045,-4.02932e-16,missing_circuit_and_bias_metadata
王道玺的实验数据1(4).xlsx,Sheet2,151,4.45,0.344039,-1.22447e-15,missing_circuit_and_bias_metadata
王道玺的实验数据1(4).xlsx,Sheet2,152,4.5,0.26796,-3.1952e-16,missing_circuit_and_bias_metadata
王道玺的实验数据1(4).xlsx,Sheet2,153,4.55,0.20293,-3.02526e-16,missing_circuit_and_bias_metadata
王道玺的实验数据1(4).xlsx,Sheet2,154,4.6,0.153786,-2.6951e-16,missing_circuit_and_bias_metadata
王道玺的实验数据1(4).xlsx,Sheet2,155,4.65,0.118152,-2.69882e-16,missing_circuit_and_bias_metadata
王道玺的实验数据1(4).xlsx,Sheet2,156,4.7,0.0910378,-2.36691e-16,missing_circuit_and_bias_metadata
王道玺的实验数据1(4).xlsx,Sheet2,157,4.75,0.0694179,-2.06856e-16,missing_circuit_and_bias_metadata
王道玺的实验数据1(4).xlsx,Sheet2,158,4.8,0.0517714,-1.80596e-16,missing_circuit_and_bias_metadata
王道玺的实验数据1(4).xlsx,Sheet2,159,4.85,0.0373082,-1.69698e-16,missing_circuit_and_bias_metadata
王道玺的实验数据1(4).xlsx,Sheet2,160,4.9,0.0255907,-1.31925e-16,missing_circuit_and_bias_metadata
王道玺的实验数据1(4).xlsx,Sheet2,161,4.95,0.0163567,-1.40603e-16,missing_circuit_and_bias_metadata
王道玺的实验数据1(4).xlsx,Sheet2,162,5.0,0.00942726,-1.23664e-16,missing_circuit_and_bias_metadata
王道玺的实验数据1(4).xlsx,Sheet2,163,5.05,0.00464181,-1.11391e-16,missing_circuit_and_bias_metadata
王道玺的实验数据1(4).xlsx,Sheet2,164,5.1,0.00178726,-1.13575e-16,missing_circuit_and_bias_metadata
王道玺的实验数据1(4).xlsx,Sheet2,165,5.15,0.000482409,-7.93401e-17,missing_circuit_and_bias_metadata
王道玺的实验数据1(4).xlsx,Sheet2,166,5.2,9.13935e-05,-8.30856e-17,missing_circuit_and_bias_metadata
王道玺的实验数据1(4).xlsx,Sheet2,167,5.25,1.44642e-05,-3.47829e-17,missing_circuit_and_bias_metadata
王道玺的实验数据1(4).xlsx,Sheet2,168,5.3,2.17067e-06,-4.14692e-17,missing_circuit_and_bias_metadata
王道玺的实验数据1(4).xlsx,Sheet2,169,5.35,3.22886e-07,-3.1275e-17,missing_circuit_and_bias_metadata
王道玺的实验数据1(4).xlsx,Sheet2,170,5.4,4.76286e-08,-6.90098e-17,missing_circuit_and_bias_metadata
王道玺的实验数据1(4).xlsx,Sheet2,171,5.45,7.00235e-09,-4.33913e-17,missing_circuit_and_bias_metadata
王道玺的实验数据1(4).xlsx,Sheet2,172,5.5,1.02727e-09,-4.5044e-17,missing_circuit_and_bias_metadata
王道玺的实验数据1(4).xlsx,Sheet2,173,5.55,1.37525e-10,2.43032e-18,missing_circuit_and_bias_metadata
王道玺的实验数据1(4).xlsx,Sheet2,174,5.6,2.11487e-11,-4.88718e-17,missing_circuit_and_bias_metadata
王道玺的实验数据1(4).xlsx,Sheet2,175,5.65,3.15164e-12,-1.55557e-19,missing_circuit_and_bias_metadata
王道玺的实验数据1(4).xlsx,Sheet2,176,5.7,4.64928e-13,-3.77308e-17,missing_circuit_and_bias_metadata
王道玺的实验数据1(4).xlsx,Sheet2,177,5.75,6.80972e-14,-1.70012e-17,missing_circuit_and_bias_metadata
王道玺的实验数据1(4).xlsx,Sheet2,178,5.8,9.12808e-15,-4.10956e-18,missing_circuit_and_bias_metadata
王道玺的实验数据1(4).xlsx,Sheet2,179,5.85,-2.76325e-16,1.76759e-17,missing_circuit_and_bias_metadata
王道玺的实验数据1(4).xlsx,Sheet2,180,5.9,-5.77267e-16,-1.54797e-17,missing_circuit_and_bias_metadata
王道玺的实验数据1(4).xlsx,Sheet2,181,5.95,-1.58231e-15,-7.68953e-18,missing_circuit_and_bias_metadata
王道玺的实验数据1(4).xlsx,Sheet2,182,6.0,-6.96727e-16,9.72613e-18,missing_circuit_and_bias_metadata
